Journal_Title_Normalized,added,Journal Title,ISSN,Remove_Date,Add_Date,Reason,Data Source,URL,reason_category
452º f : revista de teoría de la literatura y literatura comparada,False,452º F : Revista de Teoría de la Literatura y Literatura Comparada,2013-3294,2016-10-30,1677-09-22,Journal not adhering to Best practice,DOAJ,,interesting reason
a contracorriente,False,A Contracorriente,1548-7083,2017-04-27,1677-09-22,Journal not adhering to Best practice,DOAJ,,interesting reason
aaup journal of academic freedom,False,AAUP Journal of Academic Freedom,2153-8492,2016-11-23,1677-09-22,Journal not adhering to Best practice,DOAJ,,interesting reason
abant kültürel araştırmalar dergisi,False,Abant Kültürel Araştırmalar Dergisi,2528-9403,2020-05-18,1677-09-22,Journal not adhering to best practice,DOAJ,,interesting reason
academia anatomica international,False,Academia Anatomica International,2455-5274,2017-11-14,1677-09-22,Suspected editorial misconduct by publisher,DOAJ,,interesting reason
"academic journal of business, administration, law and social sciences",False,"Academic Journal of Business, Administration, Law and Social Sciences",2410-3918,2019-04-10,1677-09-22,Suspected editorial misconduct by publisher,DOAJ,,interesting reason
acción pedagógica (san cristóbal),False,Acción Pedagógica (San Cristóbal),1315-401X,2017-01-23,1677-09-22,Journal not adhering to Best practice,DOAJ,,interesting reason
accounting and finance research,False,Accounting and Finance Research,"1927-5986, 1927-5994",2015-09-11,1677-09-22,Suspected editorial misconduct by publisher,DOAJ,,interesting reason
acrocephalus,False,Acrocephalus,2199-6067,2022-04-14,1677-09-22,Journal not adhering to Best practice,DOAJ,,interesting reason
act: zeitschrift für musik & performance,False,Act: Zeitschrift für Musik & Performance,2191-253X,2017-06-23,1677-09-22,Journal not adhering to Best Practice,DOAJ,,interesting reason
acta adriatica,False,Acta Adriatica,0001-5113,2017-04-29,1677-09-22,Journal not adhering to Best practice,DOAJ,,interesting reason
acta comportamentalia : revista latina de análisis del comportamiento,False,Acta Comportamentalia : Revista Latina de Análisis del Comportamiento,0188-8145,2016-02-15,1677-09-22,Journal not adhering to Best practice,DOAJ,,interesting reason
acta electronica malaysia,False,Acta Electronica Malaysia,2590-4043,2021-10-05,1677-09-22,Suspected editorial misconduct by publisher,DOAJ,,interesting reason
acta geologica slovaca,False,Acta Geologica Slovaca,1338-0044,2017-02-21,1677-09-22,no OA and licence,DOAJ,,interesting reason
acta mathematica universitatis comenianae,False,Acta Mathematica Universitatis Comenianae,0862-9544,2017-02-22,1677-09-22,Journal not adhering to Best practice,DOAJ,,interesting reason
acta medica okayama,False,Acta Medica Okayama,0386-300X,2017-06-24,1677-09-22,Journal not adhering to Best Practice,DOAJ,,interesting reason
acta musei silesiae: scientiae naturales,False,Acta Musei Silesiae: Scientiae Naturales,2336-3207,2022-04-14,1677-09-22,Journal not adhering to Best practice,DOAJ,,interesting reason
acta neurobiologiae experimentalis,False,Acta Neurobiologiae Experimentalis,0065-1400,2017-05-28,1677-09-22,Journal not adhering to Best Practice,DOAJ,,interesting reason
acta obstetrica e ginecologia portuguesa,False,Acta Obstetrica e Ginecologia Portuguesa,1646-5830,2017-03-14,1677-09-22,Journal not adhering to Best practice,DOAJ,,interesting reason
acta paulista de enfermagem,False,Acta Paulista de Enfermagem,0103-2100,2022-03-08,1677-09-22,Journal not adhering to Best practice,DOAJ,,interesting reason
acta polytechnica hungarica,False,Acta Polytechnica Hungarica,1785-8860,2017-07-12,1677-09-22,Journal not adhering to Best Practice,DOAJ,,interesting reason
acta protozoologica,False,Acta Protozoologica,0065-1583,2017-05-30,1677-09-22,Journal not adhering to Best Practice,DOAJ,,interesting reason
acta reumatológica portuguesa,False,Acta Reumatológica Portuguesa,0303-464X,2022-05-04,1677-09-22,Journal not adhering to Best practice,DOAJ,,interesting reason
acta scientiarum polonorum : technologia alimentaria,False,Acta Scientiarum Polonorum : Technologia Alimentaria,1644-0730,2017-07-18,1677-09-22,Journal not adhering to Best Practice,DOAJ,,interesting reason
acta universitatis matthiae belii: séria environmentálne manažérstvo,False,Acta Universitatis Matthiae Belii: Séria Environmentálne Manažérstvo,1338-449X,2021-08-24,1677-09-22,Journal not adhering to Best practice,DOAJ,,interesting reason
acta veterinaria brno,False,Acta Veterinaria Brno,0001-7213,2019-02-27,1677-09-22,Journal not adhering to Best practice,DOAJ,,interesting reason
activities in physical education and sports,False,Activities in Physical Education and Sports,1857-7687,2016-01-12,1677-09-22,Journal not adhering to Best practice,DOAJ,,interesting reason
ad alta: journal of interdisciplinary research,False,Ad Alta: Journal of Interdisciplinary Research,1804-7890,2016-02-03,1677-09-22,Journal not adhering to Best practice,DOAJ,,interesting reason
addin,False,Addin,2476-9479,2022-03-07,1677-09-22,Journal not adhering to Best practice,DOAJ,,interesting reason
administrative and municipal law,False,Administrative and Municipal Law,2454-0595,2019-09-17,1677-09-22,Suspected editorial misconduct by publisher,DOAJ,,interesting reason
administrative issues journal,False,Administrative Issues Journal,2153-7615,2017-09-11,1677-09-22,Journal not adhering to Best Practice,DOAJ,,interesting reason
advance journal of food science and technology,False,Advance Journal of Food Science and Technology,2042-4868,2016-10-14,1677-09-22,Suspected editorial misconduct by publisher,DOAJ,,interesting reason
advanced mathematical models & applications,False,Advanced Mathematical Models & Applications,2519-4445,2022-03-18,1677-09-22,Suspected editorial misconduct by publisher,DOAJ,,interesting reason
advanced studies in biology,False,Advanced Studies in Biology,1313-9495,2015-04-02,1677-09-22,Journal not adhering to Best Practice,DOAJ,,interesting reason
advanced studies in medical sciences,False,Advanced Studies in Medical Sciences,1314-7684,2015-04-02,1677-09-22,Journal not adhering to Best Practice,DOAJ,,interesting reason
advanced studies in theoretical physics,False,Advanced Studies in Theoretical Physics,1313-1311,2015-04-02,1677-09-22,Journal not adhering to Best Practice,DOAJ,,interesting reason
advances in animal and veterinary sciences,False,Advances in Animal and Veterinary Sciences,2307-8316,2017-05-13,1677-09-22,Suspected editorial misconduct by publisher,DOAJ,,interesting reason
advances in anthropology,False,Advances in Anthropology," 2163-9353, 2163-9361",2015-06-26,1677-09-22,Suspected editorial misconduct by publisher,DOAJ,,interesting reason
advances in applied physics,False,Advances in Applied Physics,1314-7617,2015-04-02,1677-09-22,Journal not adhering to Best Practice,DOAJ,,interesting reason
advances in biological chemistry,False,Advances in Biological Chemistry," 2162-2183, 2162-2191",2015-06-26,1677-09-22,Suspected editorial misconduct by publisher,DOAJ,,interesting reason
advances in biology and earth sciences,False,Advances in Biology and Earth Sciences,2520-2847,2019-11-07,1677-09-22,Suspected editorial misconduct by publisher,DOAJ,,interesting reason
advances in bioscience and biotechnology,False,Advances in Bioscience and Biotechnology," 2156-8456, 2156-8502",2015-06-26,1677-09-22,Suspected editorial misconduct by publisher,DOAJ,,interesting reason
advances in bioscience and clinical medicine,False,Advances in Bioscience and Clinical Medicine,2203-1413,2021-07-07,1677-09-22,Journal not adhering to Best practice,DOAJ,,interesting reason
advances in chemical engineering and science,False,Advances in Chemical Engineering and Science," 2160-0392, 2160-0406",2015-06-26,1677-09-22,Suspected editorial misconduct by publisher,DOAJ,,interesting reason
advances in chemical research,False,Advances in Chemical Research,2692-0344,2021-04-16,1677-09-22,Suspected editorial misconduct by publisher,DOAJ,,interesting reason
advances in clinical medicine,False,Advances in Clinical Medicine,"2161-8712, 2161-8720",2015-06-26,1677-09-22,Suspected editorial misconduct by publisher,DOAJ,,interesting reason
advances in computer science : an international journal,False,Advances in Computer Science : an International Journal,2322-5157,2017-10-18,1677-09-22,Journal not adhering to Best Practice,DOAJ,,interesting reason
advances in education,False,Advances in Education,"2160-729X, 2160-7303",2015-06-26,1677-09-22,Suspected editorial misconduct by publisher,DOAJ,,interesting reason
advances in environmental biology,False,Advances in Environmental Biology,1995-0756,2015-08-14,1677-09-22,Suspected editorial misconduct by publisher,DOAJ,,interesting reason
advances in environmental sciences,False,Advances in Environmental Sciences,2066-7620,2017-06-16,1677-09-22,Suspected editorial misconduct by publisher,DOAJ,,interesting reason
advances in fixed point theory,False,Advances in Fixed Point Theory,1927-6303,2017-04-26,1677-09-22,Suspected editorial misconduct by publisher,DOAJ,,interesting reason
advances in geo-energy research,False,Advances in Geo-Energy Research,2208-598X,2022-04-13,1677-09-22,Suspected editorial misconduct by publisher,DOAJ,,interesting reason
advances in internet of things,False,Advances in Internet of Things,"2161-6817, 2161-6825",2015-06-26,1677-09-22,Suspected editorial misconduct by publisher,DOAJ,,interesting reason
advances in language and literary studies,False,Advances in Language and Literary Studies,2203-4714,2021-07-07,1677-09-22,Journal not adhering to Best practice,DOAJ,,interesting reason
advances in materials physics and chemistry,False,Advances in Materials Physics and Chemistry," 2162-531X, 2162-5328",2015-06-26,1677-09-22,Suspected editorial misconduct by publisher,DOAJ,,interesting reason
advances in materials science,False,Advances in Materials Science,2083-4799,2017-08-30,1677-09-22,Journal not adhering to Best Practice,DOAJ,,interesting reason
advances in modern oncology research,False,Advances in Modern Oncology Research,2424-7847,2019-06-25,1677-09-22,Suspected editorial misconduct by publisher,DOAJ,,interesting reason
advances in molecular imaging,False,Advances in Molecular Imaging," 2161-6728, 2161-6752",2015-06-26,1677-09-22,Suspected editorial misconduct by publisher,DOAJ,,interesting reason
advances in natural and applied sciences,False,Advances in Natural and Applied Sciences,1995-0772,2015-08-14,1677-09-22,Suspected editorial misconduct by publisher,DOAJ,,interesting reason
advances in natural science,False,Advances in Natural Science,1715-7862,2015-10-23,1677-09-22,Suspected editorial misconduct by publisher,DOAJ,,interesting reason
advances in pediatric research,False,Advances in Pediatric Research,2385-4529,2019-06-18,1677-09-22,Suspected editorial misconduct by publisher,DOAJ,,interesting reason
advances in petroleum exploration and development,False,Advances in Petroleum Exploration and Development,1925-542,2015-10-23,1677-09-22,Suspected editorial misconduct by publisher,DOAJ,,interesting reason
advances in physical education,False,Advances in Physical Education," 2164-0386, 2164-0408",2015-06-26,1677-09-22,Suspected editorial misconduct by publisher,DOAJ,,interesting reason
advances in porous flow,False,Advances in Porous Flow,"2164-5639, 2164-5663",2015-06-26,1677-09-22,Suspected editorial misconduct by publisher,DOAJ,,interesting reason
advances in psychology,False,Advances in Psychology,"2160-7273, 2160-7281",2015-06-26,1677-09-22,Suspected editorial misconduct by publisher,DOAJ,,interesting reason
"advances in science, technology and engineering systems",False,"Advances in Science, Technology and Engineering Systems",2415-6698,2019-06-29,1677-09-22,Journal not adhering to Best practice,DOAJ,,interesting reason
advances in theoretical and applied mechanics,False,Advances in Theoretical and Applied Mechanics,1313-6550,2015-04-02,1677-09-22,Journal not adhering to Best Practice,DOAJ,,interesting reason
adıyaman university international journal of social science,False,Adıyaman University International Journal of Social Science,1308-7363,2017-09-05,1677-09-22,Journal not adhering to Best Practice,DOAJ,,interesting reason
aemaet,False,Aemaet,2195-173X,2017-01-18,1677-09-22,Journal not adhering to Best practice,DOAJ,,interesting reason
african journal of agricultural research,False,African Journal of Agricultural Research,1991-637X,2016-09-06,1677-09-22,Suspected editorial misconduct by publisher,DOAJ,,interesting reason
african journal of biotechnology,False,African Journal of Biotechnology,1684-5315,2016-09-06,1677-09-22,Suspected editorial misconduct by publisher,DOAJ,,interesting reason
african journal of business management,False,African Journal of Business Management,1993-8233,2016-09-06,1677-09-22,Suspected editorial misconduct by publisher,DOAJ,,interesting reason
african journal of pharmacy and pharmacology,False,African Journal of Pharmacy and Pharmacology,1996-0816,2016-09-06,1677-09-22,Suspected editorial misconduct by publisher,DOAJ,,interesting reason
african review of physics,False,African Review of Physics,2223-6589,2017-01-31,1677-09-22,Journal not adhering to Best practice,DOAJ,,interesting reason
africology: the journal of pan african studies,False,Africology: The Journal of Pan African Studies,0888-6601,2017-07-04,1677-09-22,Journal not adhering to Best Practice,DOAJ,,interesting reason
afrikanistik online,False,Afrikanistik Online,1860-7462,2017-01-03,1677-09-22,Journal not adhering to Best practice,DOAJ,,interesting reason
aglala,False,Aglala,2215-7360,2020-05-07,1677-09-22,Journal not adhering to best practice,DOAJ,,interesting reason
agriculturae conspectus scientificus,False,Agriculturae Conspectus Scientificus,1331-7768,2017-01-21,1677-09-22,no licence,DOAJ,,interesting reason
agricultural engineering international : the cigr e-journal,False,Agricultural Engineering International : The CIGR e-journal,1682-1130,2017-02-20,1677-09-22,Journal not adhering to Best practice,DOAJ,,interesting reason
agricultural sciences,False,Agricultural Sciences," 2156-8553, 2156-8561",2015-06-26,1677-09-22,Suspected editorial misconduct by publisher,DOAJ,,interesting reason
agris,False,AGRIS,1804-1930,2017-02-11,1677-09-22,Journal not adhering to Best practice,DOAJ,,interesting reason
agrotrop: journal on agriculture science,False,Agrotrop: Journal on Agriculture Science,2654-4008,2022-03-17,1677-09-22,Journal not adhering to Best practice,DOAJ,,interesting reason
agrovigor,False,Agrovigor,1979-5777,2019-05-31,1677-09-22,Journal not adhering to Best practice,DOAJ,,interesting reason
agrárinformatika folyóirat,False,Agrárinformatika Folyóirat,2061-862X,2017-07-12,1677-09-22,Journal not adhering to Best Practice,DOAJ,,interesting reason
ajit-e : online academic journal of information technology,False,AJIT-e : Online Academic Journal of Information Technology,1309-1581,2017-04-04,1677-09-22,Journal not adhering to Best practice,DOAJ,,interesting reason
akademik lncelemeler dergisi,False,Akademik lncelemeler Dergisi,1306-7885,2020-02-27,1677-09-22,Suspected editorial misconduct by publisher,DOAJ,,interesting reason
aktuální gynekologie a porodnictví,False,Aktuální Gynekologie a Porodnictví,1803-9588,2017-06-26,1677-09-22,Journal not adhering to Best Practice,DOAJ,,interesting reason
al-balagh: jurnal dakwah dan komunikasi,False,Al-Balagh: Jurnal Dakwah dan Komunikasi,2527-5704,2018-11-07,1677-09-22,Journal not adhering to Best practice,DOAJ,,interesting reason
al-hayat: journal of islamic education,False,Al-Hayat: Journal of Islamic Education,2599-3046,2020-03-24,1677-09-22,Suspected editorial misconduct by publisher,DOAJ,,interesting reason
al-idarah: jurnal kependidikan islam,False,Al-Idarah: Jurnal Kependidikan Islam,2580-2453,2020-02-10,1677-09-22,Journal not adhering to Best practice,DOAJ,,interesting reason
al-jabar: jurnal pendidikan matematika,False,Al-Jabar: Jurnal Pendidikan Matematika,2540-7562,2021-01-28,1677-09-22,Journal not adhering to best practice,DOAJ,,interesting reason
al-mabsut,False,Al-Mabsut,2502-213X,2022-03-07,1677-09-22,Journal not adhering to Best practice,DOAJ,,interesting reason
albanian journal of agricultural sciences,False,Albanian Journal of Agricultural Sciences,2218-2020,2017-07-31,1677-09-22,Journal not adhering to Best Practice,DOAJ,,interesting reason
alchemy: journal of chemistry,False,Alchemy: Journal of Chemistry,2460-6871,2022-03-07,1677-09-22,Journal not adhering to Best practice,DOAJ,,interesting reason
alpha psychiatry,False,Alpha Psychiatry,2757-8038,2022-04-12,1677-09-22,Suspected editorial misconduct by publisher,DOAJ,,interesting reason
alternatives : turkish journal of international relations,False,Alternatives : Turkish Journal of International Relations,2146-0809,2017-02-20,1677-09-22,Journal not adhering to Best practice,DOAJ,,interesting reason
alınteri zirai bilimleri dergisi,False,Alınteri Zirai Bilimleri Dergisi,2564-7814,2021-06-15,1677-09-22,Journal not adhering to Best practice,DOAJ,,interesting reason
amasya universitesi egitim fakültesi dergisi,False,Amasya Universitesi Egitim Fakültesi Dergisi,2146-7811,2017-06-24,1677-09-22,Journal not adhering to Best Practice,DOAJ,,interesting reason
ambient science,False,Ambient Science,2348-5191,2019-01-04,1677-09-22,Suspected editorial misconduct by publisher,DOAJ,,interesting reason
american journal of agricultural and biological science,False,American Journal of Agricultural and Biological Science,1557-4989,2017-03-22,1677-09-22,Suspected editorial misconduct by publisher,DOAJ,,interesting reason
american journal of analytical chemistry,False,American Journal of Analytical Chemistry," 2156-8251, 2156-8278",2015-06-26,1677-09-22,Suspected editorial misconduct by publisher,DOAJ,,interesting reason
american journal of animal and veterinary sciences,False,American Journal of Animal and Veterinary Sciences,1557-4555,2017-03-22,1677-09-22,Suspected editorial misconduct by publisher,DOAJ,,interesting reason
american journal of applied sciences,False,American Journal of Applied Sciences,1546-9239,2017-03-22,1677-09-22,Suspected editorial misconduct by publisher,DOAJ,,interesting reason
american journal of biochemistry and biotechnology,False,American Journal of Biochemistry and Biotechnology,1553-3468,2017-03-22,1677-09-22,Suspected editorial misconduct by publisher,DOAJ,,interesting reason
american journal of case reports,False,American Journal of Case Reports,1941-5923,2017-12-07,1677-09-22,Suspected editorial misconduct by publisher,DOAJ,,interesting reason
american journal of computational mathematics,False,American Journal of Computational Mathematics," 2161-1203, 2161-1211",2015-06-26,1677-09-22,Suspected editorial misconduct by publisher,DOAJ,,interesting reason
american journal of economics and business administration,False,American Journal of Economics and Business Administration,1945-5488,2017-03-22,1677-09-22,Suspected editorial misconduct by publisher,DOAJ,,interesting reason
american journal of engineering and applied sciences,False,American Journal of Engineering and Applied Sciences,1941-7020,2017-03-22,1677-09-22,Suspected editorial misconduct by publisher,DOAJ,,interesting reason
american journal of engineering research,False,American Journal of Engineering Research,2320-0936,2017-02-24,1677-09-22,Suspected editorial misconduct by publisher,DOAJ,,interesting reason
american journal of environmental sciences,False,American Journal of Environmental Sciences,1553-345X,2017-03-22,1677-09-22,Suspected editorial misconduct by publisher,DOAJ,,interesting reason
american journal of humanities and social sciences,False,American Journal of Humanities and Social Sciences,2329-0781,2017-05-16,1677-09-22,Suspected editorial misconduct by publisher,DOAJ,,interesting reason
american journal of immunology,False,American Journal of Immunology,1553-619X,2017-03-22,1677-09-22,Suspected editorial misconduct by publisher,DOAJ,,interesting reason
american journal of industrial and business management,False,American Journal of Industrial and Business Management," 2164-5167, 2164-5175",2015-06-26,1677-09-22,Suspected editorial misconduct by publisher,DOAJ,,interesting reason
american journal of infectious diseases,False,American Journal of Infectious Diseases,1553-6203,2017-03-22,1677-09-22,Suspected editorial misconduct by publisher,DOAJ,,interesting reason
american journal of molecular biology,False,American Journal of Molecular Biology," 2161-6620, 2161-6663",2015-06-26,1677-09-22,Suspected editorial misconduct by publisher,DOAJ,,interesting reason
american journal of operations research,False,American Journal of Operations Research," 2160-8830, 2160-8849",2015-06-26,1677-09-22,Suspected editorial misconduct by publisher,DOAJ,,interesting reason
american journal of plant sciences,False,American Journal of Plant Sciences," 2158-2742, 2158-2750",2015-06-26,1677-09-22,Suspected editorial misconduct by publisher,DOAJ,,interesting reason
american-eurasian journal of sustainable agriculture,False,American-Eurasian Journal of Sustainable Agriculture,1995-0748,2015-08-14,1677-09-22,Suspected editorial misconduct by publisher,DOAJ,,interesting reason
"amerika : mémoires, identités, territoires",False,"Amerika : Mémoires, Identités, Territoires",2107-0806,2016-09-30,1677-09-22,Journal not adhering to Best practice,DOAJ,,interesting reason
amphibian & reptile conservation,False,Amphibian & Reptile Conservation,1083-446X,2017-07-18,1677-09-22,Journal not adhering to Best Practice,DOAJ,,interesting reason
anagnórisis : revista de investigación teatral,False,Anagnórisis : Revista de Investigación Teatral,2013-6986,2016-09-23,1677-09-22,Journal not adhering to Best practice,DOAJ,,interesting reason
anale : seria ştiinţe economice. timişoara,False,Anale : Seria Ştiinţe Economice. Timişoara,1582-2680,2017-04-27,1677-09-22,Journal not adhering to Best practice,DOAJ,,interesting reason
anales de filología clásica,False,Anales de Filología Clásica,0325-1721,2020-01-15,1677-09-22,Journal not adhering to Best practice,DOAJ,,interesting reason
anales del sistema sanitario de navarra,False,Anales del Sistema Sanitario de Navarra,1137-6627,2017-04-12,1677-09-22,Journal not adhering to Best practice,DOAJ,,interesting reason
analítika : revista de análisis estadístico,False,Analítika : Revista de Análisis Estadístico,1390-6208,2016-08-16,1677-09-22,Journal not adhering to Best practice,DOAJ,,interesting reason
andharupa,False,Andharupa,2477-2852,2018-10-08,1677-09-22,Journal not adhering to Best practice,DOAJ,,interesting reason
andhra pradesh journal of psychological medicine,False,Andhra Pradesh Journal of Psychological Medicine,2249-5851,2017-04-04,1677-09-22,Journal not adhering to Best practice,DOAJ,,interesting reason
animal biology & animal husbandry,False,Animal Biology & Animal Husbandry,2066-7612,2017-06-16,1677-09-22,Suspected editorial misconduct by publisher,DOAJ,,interesting reason
ankara üniversitesi tıp fakültesi mecmuas,False,Ankara Üniversitesi Tıp Fakültesi Mecmuas,0365-8104,2021-06-07,1677-09-22,Suspected editorial misconduct by publisher,DOAJ,,interesting reason
annales instituti archaeologici,False,Annales Instituti Archaeologici,1845-4046,2017-01-22,1677-09-22,no licence,DOAJ,,interesting reason
annales philosophici,False,Annales Philosophici,2067-3159,2015-12-08,1677-09-22,Journal not adhering to Best practice,DOAJ,,interesting reason
annals of colorectal research,False,Annals of Colorectal Research,2322-5289,2019-10-04,1677-09-22,Suspected editorial misconduct by publisher,DOAJ,,interesting reason
annals of community health,False,Annals of Community Health,2347-5714,2021-08-16,1677-09-22,Journal not adhering to Best practice,DOAJ,,interesting reason
annals of emerging technologies in computing,False,Annals of Emerging Technologies in Computing,2516-0281,2020-01-08,1677-09-22,Suspected editorial misconduct by publisher,DOAJ,,interesting reason
annals of environmental science,False,Annals of Environmental Science,1939-2621,2016-04-25,1677-09-22,Journal not adhering to Best practice,DOAJ,,interesting reason
annals of medicine and surgery,False,Annals of Medicine and Surgery,2049-0801,2018-06-01,1677-09-22,Suspected editorial misconduct by publisher,DOAJ,,interesting reason
"annals of the university dunarea de jos galati, fascicle xv : physical education and sport management",False,"Annals of the University Dunarea de Jos Galati, Fascicle XV : Physical Education and Sport Management",1454-9832,2017-02-07,1677-09-22,Journal not adhering to Best practice,DOAJ,,interesting reason
annals of tropical medicine and public health,False,Annals of Tropical Medicine and Public Health,0974-6005,2017-09-01,1677-09-22,Journal not adhering to Best Practice,DOAJ,,interesting reason
annaly aritmologii,False,Annaly Aritmologii,1814-6791,2016-11-22,1677-09-22,No licence,DOAJ,,interesting reason
annual review of the faculty of philosophy,False,Annual Review of the Faculty of Philosophy,0374-0730,2016-09-25,1677-09-22,No OA or licence info,DOAJ,,interesting reason
anthropoetics : the journal of generative anthropology,False,Anthropoetics : the Journal of Generative Anthropology,1083-7264,2017-02-07,1677-09-22,Journal not adhering to Best practice,DOAJ,,interesting reason
antibody reports,False,Antibody Reports,2624-8557,2021-07-20,1677-09-22,Journal not adhering to Best practice,DOAJ,,interesting reason
antrocom: online journal of anthropology,False,Antrocom: Online Journal of Anthropology,1973-2880,2017-05-16,1677-09-22,Journal not adhering to Best practice,DOAJ,,interesting reason
anuari de filologia: estudis de lingüística,False,Anuari de Filologia: Estudis de Lingüística,2014-1408,2016-10-08,1677-09-22,Journal not adhering to Best practice,DOAJ,,interesting reason
anuario jurídico y económico escurialense,False,Anuario Jurídico y Económico Escurialense,1133-3677,2021-08-23,1677-09-22,Journal not adhering to Best practice,DOAJ,,interesting reason
anvil,False,Anvil,0969-7373,2021-07-19,1677-09-22,Journal not adhering to Best practice,DOAJ,,interesting reason
anziam journal : electronic supplement,False,ANZIAM Journal : Electronic Supplement,1445-8810,2017-03-25,1677-09-22,Journal not adhering to Best practice,DOAJ,,interesting reason
análise,False,Análise,1516-2680,2015-06-29,1677-09-22,Journal not adhering to Best practice,DOAJ,,interesting reason
"aplinkos tyrimai, inžinerija ir vadyba",False,"Aplinkos Tyrimai, Inžinerija ir Vadyba",1392-1649,2017-04-29,1677-09-22,Journal not adhering to Best practice,DOAJ,,interesting reason
apos trends in orthodontics,False,APOS Trends in Orthodontics,2321-1407,2021-05-03,1677-09-22,Journal not adhering to Best practice,DOAJ,,interesting reason
applicable analysis and discrete mathematics,False,Applicable Analysis and Discrete Mathematics,1452-8630,2016-12-01,1677-09-22,Journal not adhering to Best practice,DOAJ,,interesting reason
applied economics and finance,False,Applied Economics and Finance,"2332-7294, 2332-7308",2015-09-11,1677-09-22,Suspected editorial misconduct by publisher,DOAJ,,interesting reason
applied mathematical sciences,False,Applied Mathematical Sciences,1312-885X,2015-04-02,1677-09-22,Journal not adhering to Best Practice,DOAJ,,interesting reason
applied mathematics,False,Applied Mathematics," 2152-7385, 2152-7393",2015-06-26,1677-09-22,Suspected editorial misconduct by publisher,DOAJ,,interesting reason
applied mathematics and computational intelligence,False,Applied Mathematics and Computational Intelligence,2289-1315,2017-09-05,1677-09-22,Journal not adhering to Best Practice,DOAJ,,interesting reason
"applied mathematics in engineering, management and technology",False,"Applied Mathematics in Engineering, Management and Technology",2322-5572,2016-05-12,1677-09-22,Journal not adhering to Best practice,DOAJ,,interesting reason
applied physics,False,Applied Physics,"2160-7567, 2160-7575",2015-06-26,1677-09-22,Suspected editorial misconduct by publisher,DOAJ,,interesting reason
applied physics research,False,Applied Physics Research,"1916-9639, 1916-9647",2015-09-11,1677-09-22,Suspected editorial misconduct by publisher,DOAJ,,interesting reason
"applied researches in technics, technologies and education",False,"Applied Researches in Technics, Technologies and Education",1314-8796,2022-03-10,1677-09-22,Journal not adhering to Best practice,DOAJ,,interesting reason
applied technologies and innovations,False,Applied Technologies and Innovations,1804-1191,2017-05-16,1677-09-22,Suspected editorial misconduct by publisher,DOAJ,,interesting reason
apsp journal of case reports,False,APSP Journal of Case Reports,2218-8185,2017-06-22,1677-09-22,Journal not adhering to Best Practice,DOAJ,,interesting reason
apuntes universitarios,False,Apuntes Universitarios,2304-0335,2021-06-11,1677-09-22,Suspected editorial misconduct by publisher,DOAJ,,interesting reason
aquacultura indonesiana,False,Aquacultura Indonesiana,0216-0749,2020-04-16,1677-09-22,Journal not adhering to best practice,DOAJ,,interesting reason
"aquaculture, aquarium, conservation & legislation",False,"Aquaculture, Aquarium, Conservation & Legislation",1844-8143,2017-06-16,1677-09-22,Suspected editorial misconduct by publisher,DOAJ,,interesting reason
arab journal of nutrition and exercise,False,Arab Journal of Nutrition and Exercise,2518-6590,2021-06-23,1677-09-22,Suspected editorial misconduct by publisher,DOAJ,,interesting reason
arab world english journal,False,Arab World English Journal,2229-9327,2021-05-05,1677-09-22,Journal not adhering to Best practice,DOAJ,,interesting reason
arabia,False,Arabia,2085-644X,2019-09-23,1677-09-22,Journal not adhering to Best practice,DOAJ,,interesting reason
archaeobios,False,Archaeobios,1996-5214,2017-04-27,1677-09-22,Journal not adhering to Best practice,DOAJ,,interesting reason
archeoarte : rivista elettronica di archeologia e arte,False,ArcheoArte : Rivista Elettronica di Archeologia e Arte,2039-4543,2017-06-12,1677-09-22,Journal not adhering to Best Practice,DOAJ,,interesting reason
architecture and design,False,Architecture and Design,2585-7789,2019-09-17,1677-09-22,Suspected editorial misconduct by publisher,DOAJ,,interesting reason
archiva zootehnica,False,Archiva Zootehnica,1016-4855,2017-07-12,1677-09-22,Journal not adhering to Best Practice,DOAJ,,interesting reason
archives of cardiovascular imaging,False,Archives of Cardiovascular Imaging,2322-5319,2017-03-01,1677-09-22,Suspected editorial misconduct by publisher,DOAJ,,interesting reason
archives of clinical psychiatry,False,Archives of Clinical Psychiatry,1806-938X,2022-05-04,1677-09-22,Journal not adhering to Best practice,DOAJ,,interesting reason
archives of craniorofacial sciences,False,Archives of CraniOrofacial Sciences,2321-9580,2017-06-01,1677-09-22,Journal not adhering to Best Practice,DOAJ,,interesting reason
archives of pediatric infectious diseases,False,Archives of Pediatric Infectious Diseases,2322-1836,2017-03-01,1677-09-22,Suspected editorial misconduct by publisher,DOAJ,,interesting reason
archives of psychiatry and psychotherapy,False,Archives of Psychiatry and Psychotherapy,1509-2046,2017-07-12,1677-09-22,Journal not adhering to Best Practice,DOAJ,,interesting reason
archivos de medicina veterinaria,False,Archivos de Medicina Veterinaria,0717-6201,2017-01-06,1677-09-22,no OA statement,DOAJ,,interesting reason
archivos de pediatría del uruguay﻿,False,Archivos de Pediatría del Uruguay﻿,0004-0584,2017-03-23,1677-09-22,Journal not adhering to Best practice,DOAJ,,interesting reason
arctic and antarctica,False,Arctic and Antarctica,2453-8922,2019-09-17,1677-09-22,Suspected editorial misconduct by publisher,DOAJ,,interesting reason
arena : journal of physical activities,False,Arena : Journal of Physical Activities,2285-830X,2017-03-25,1677-09-22,Journal not adhering to Best practice,DOAJ,,interesting reason
arena hukum,False,Arena Hukum,0126-0235,2022-02-24,1677-09-22,Journal not adhering to Best practice,DOAJ,,interesting reason
areté : revista de filosofía,False,Areté : Revista de Filosofía,2223-3741,2017-01-23,1677-09-22,Journal not adhering to Best practice,DOAJ,,interesting reason
arhitekton,False,Arhitekton,1990-4126,2020-03-12,1677-09-22,Journal not adhering to best practice,DOAJ,,interesting reason
armenian journal of special education,False,Armenian Journal of Special Education,2579-2881,2022-05-27,1677-09-22,Suspected editorial misconduct by publisher,DOAJ,,interesting reason
arpn journal of systems and software,False,ARPN Journal of Systems and Software,2222-9833,2016-05-12,1677-09-22,Journal not adhering to Best practice,DOAJ,,interesting reason
arquivos brasileiros de oftalmologia,False,Arquivos Brasileiros de Oftalmologia,1678-2925,2022-04-14,1677-09-22,Journal not adhering to Best practice,DOAJ,,interesting reason
arquivos do mudi,False,Arquivos do Mudi,1980-959X,2021-05-11,1677-09-22,Website URLs have security issues,DOAJ,,interesting reason
ars medica tomitana,False,ARS Medica Tomitana,1841-4036,2022-04-14,1677-09-22,Journal not adhering to Best practice,DOAJ,,interesting reason
arts and social sciences journal,False,Arts and Social Sciences Journal,2151-6200,2016-12-14,1677-09-22,Journal not adhering to Best practice,DOAJ,,interesting reason
asia pacific allergy,False,Asia Pacific Allergy,2233-8268,2017-10-17,1677-09-22,Journal not adhering to Best Practice,DOAJ,,interesting reason
asia pacific journal of clinical trials: nervous system diseases,False,Asia Pacific Journal of Clinical Trials: Nervous System Diseases,2542-3932,2019-06-20,1677-09-22,Suspected editorial misconduct by publisher,DOAJ,,interesting reason
asia-pacific journal of oncology nursing,False,Asia-Pacific Journal of Oncology Nursing,2349-6673,2022-03-31,1677-09-22,Journal not adhering to Best practice,DOAJ,,interesting reason
asian academy of management journal,False,Asian Academy of Management Journal,2180-4184,2022-03-16,1677-09-22,Journal not adhering to Best practice,DOAJ,,interesting reason
asian culture and history,False,Asian Culture and History,"1916-9655, 1916-9663",2015-09-11,1677-09-22,Suspected editorial misconduct by publisher,DOAJ,,interesting reason
asian efl journal,False,Asian EFL Journal,1738-1460,2021-09-20,1677-09-22,Journal not adhering to Best practice,DOAJ,,interesting reason
asian exercise and sport science journal,False,Asian Exercise and Sport Science Journal,2588-4832,2020-02-06,1677-09-22,Suspected editorial misconduct by publisher,DOAJ,,interesting reason
asian journal of agricultural sciences,False,Asian Journal of Agricultural Sciences,2041-3882,2016-10-14,1677-09-22,Suspected editorial misconduct by publisher,DOAJ,,interesting reason
asian journal of agriculture and rural development,False,Asian Journal of Agriculture and Rural Development,2304-1455,2017-05-04,1677-09-22,Journal not adhering to Best practice,DOAJ,,interesting reason
asian journal of algebra,False,Asian Journal of Algebra,1994-540X,2015-02-28,1677-09-22,Journal not adhering to Best practice,DOAJ,,interesting reason
asian journal of behavioural studies,False,Asian Journal of Behavioural Studies,2398-4295,2019-06-26,1677-09-22,Suspected editorial misconduct by publisher,DOAJ,,interesting reason
asian journal of business management,False,Asian Journal of Business Management,2041-8744,2016-10-14,1677-09-22,Suspected editorial misconduct by publisher,DOAJ,,interesting reason
asian journal of clinical nutrition,False,Asian Journal of Clinical Nutrition,1992-1470,2015-02-28,1677-09-22,Journal not adhering to Best practice,DOAJ,,interesting reason
asian journal of conservation biology,False,Asian Journal of Conservation Biology,2278-7666,2017-03-25,1677-09-22,Journal not adhering to Best practice,DOAJ,,interesting reason
asian journal of crop science,False,Asian Journal of Crop Science,1994-7879,2015-02-28,1677-09-22,Journal not adhering to Best practice,DOAJ,,interesting reason
asian journal of current engineering & maths,False,Asian Journal of Current Engineering & Maths,2277-4920,2017-02-23,1677-09-22,Suspected editorial misconduct by publisher,DOAJ,,interesting reason
"asian journal of engineering, sciences & technology",False,"Asian Journal of Engineering, Sciences & Technology",2077-1142,2017-02-06,1677-09-22,Journal not adhering to Best practice,DOAJ,,interesting reason
asian journal of finance & accounting,False,Asian Journal of Finance & Accounting,1946-052X,2015-09-11,1677-09-22,Suspected editorial misconduct by publisher,DOAJ,,interesting reason
asian journal of green chemistry,False,Asian Journal of Green Chemistry,2588-5839,2019-08-12,1677-09-22,Suspected editorial misconduct by publisher,DOAJ,,interesting reason
asian journal of management research,False,Asian Journal of Management Research,2229-3795,2016-02-15,1677-09-22,Suspected editorial misconduct by publisher,DOAJ,,interesting reason
asian journal of pharmaceutical and clinical research,False,Asian Journal of Pharmaceutical and Clinical Research,0974-2441,2017-02-24,1677-09-22,Suspected editorial misconduct by publisher,DOAJ,,interesting reason
asian journal of pharmaceutical research and health care,False,Asian Journal of Pharmaceutical Research and Health Care,2250-1460,2017-07-05,1677-09-22,Suspected editorial misconduct by publisher,DOAJ,,interesting reason
asian journal of pharmaceutics,False,Asian Journal of Pharmaceutics,1998-409X,2017-06-21,1677-09-22,Journal not adhering to Best Practice,DOAJ,,interesting reason
asian journal of plant sciences,False,Asian Journal of Plant Sciences,1682-3974,2015-02-28,1677-09-22,Journal not adhering to Best practice,DOAJ,,interesting reason
asian journal of quality of life,False,Asian Journal of Quality of Life,2398-4279,2019-06-26,1677-09-22,Suspected editorial misconduct by publisher,DOAJ,,interesting reason
asian journal of sports medicine,False,Asian journal of Sports Medicine,2008-7209,2017-03-01,1677-09-22,Suspected editorial misconduct by publisher,DOAJ,,interesting reason
asian social science,False,Asian Social Science,"1911-2017, 1911-2025",2015-09-11,1677-09-22,Suspected editorial misconduct by publisher,DOAJ,,interesting reason
asiatic : iium journal of english language and literature,False,Asiatic : IIUM Journal of English Language and Literature,1985-3106,2016-03-03,1677-09-22,Journal not adhering to Best practice,DOAJ,,interesting reason
asimmetriâ,False,Asimmetriâ,1999-6489,2016-12-27,1677-09-22,Journal not adhering to Best practice,DOAJ,,interesting reason
aspirator: journal of vector borne diseases studies,False,Aspirator: Journal of Vector Borne Diseases Studies,2085-4102,2020-02-17,1677-09-22,Journal not adhering to Best practice,DOAJ,,interesting reason
at-turats,False,At-Turats,1978-418X,2022-04-12,1677-09-22,Journal not adhering to Best practice,DOAJ,,interesting reason
atlas journal of biology,False,Atlas Journal of Biology,2158-9151,2020-02-05,1677-09-22,Suspected editorial misconduct by publisher,DOAJ,,interesting reason
atmospheric and climate sciences,False,Atmospheric and Climate Sciences," 2160-0414, 2160-0422",2015-06-26,1677-09-22,Suspected editorial misconduct by publisher,DOAJ,,interesting reason
augm domus,False,Augm Domus,1852-2181,2018-09-21,1677-09-22,Journal not adhering to Best practice,DOAJ,,interesting reason
australasian medical journal,False,Australasian Medical Journal,1836-1935,2021-02-02,1677-09-22,Journal not adhering to best practice,DOAJ,,interesting reason
australian journal of applied linguistics,False,Australian Journal of Applied Linguistics,2209-0959,2021-12-22,1677-09-22,Suspected editorial misconduct by publisher,DOAJ,,interesting reason
australian journal of business and management research,False,Australian Journal of Business and Management Research,1839-0846,2017-05-12,1677-09-22,Suspected editorial misconduct by publisher,DOAJ,,interesting reason
avances en periodoncia e implantología oral,False,Avances en Periodoncia e Implantología Oral,1699-6585,2017-04-20,1677-09-22,Journal not adhering to Best practice,DOAJ,,interesting reason
avanzada científica,False,Avanzada Científica,1029-3450,2016-08-08,1677-09-22,Journal not adhering to Best practice,DOAJ,,interesting reason
ayurpharm : international journal of ayurveda and allied sciences,False,Ayurpharm : International Journal of Ayurveda and Allied Sciences,2278-4772,2017-05-19,1677-09-22,Journal not adhering to Best Practice,DOAJ,,interesting reason
azerbaijan journal of mathematics,False,Azerbaijan Journal of Mathematics,2218-6816,2017-05-06,1677-09-22,Journal not adhering to Best practice,DOAJ,,interesting reason
babelao : electronic journal for ancient and oriental studies,False,BABELAO : Electronic Journal for Ancient and Oriental Studies,2034-9491,2016-09-27,1677-09-22,Journal not adhering to Best practice,DOAJ,,interesting reason
bali medical journal,False,Bali Medical Journal,2302-2914,2022-04-25,1677-09-22,Suspected editorial misconduct by publisher,DOAJ,,interesting reason
balkan journal of medical genetics,False,Balkan Journal of Medical Genetics,1311-0160,2022-04-14,1677-09-22,Journal not adhering to Best practice,DOAJ,,interesting reason
balkanologie : revue d'etudes pluridisciplinaires,False,Balkanologie : Revue d'Etudes Pluridisciplinaires,1279-7952,2016-09-30,1677-09-22,Journal not adhering to Best practice,DOAJ,,interesting reason
banat’s journal of biotechnology,False,Banat’s Journal of Biotechnology,2068-4673,2016-05-12,1677-09-22,Journal not adhering to Best practice,DOAJ,,interesting reason
bangladesh journal of otorhinolaryngology,False,Bangladesh Journal of Otorhinolaryngology,1728-8835,2017-06-24,1677-09-22,Journal not adhering to Best Practice,DOAJ,,interesting reason
barbarói,False,Barbarói,1982-2022,2017-02-12,1677-09-22,Journal not adhering to Best practice,DOAJ,,interesting reason
base,False,Base,1984-8196,2021-08-20,1677-09-22,Journal not adhering to Best practice,DOAJ,,interesting reason
basic research journal of agriculture science and review,False,Basic Research Journal of Agriculture Science and Review,2315-6880,2017-01-04,1677-09-22,Journal not adhering to Best practice,DOAJ,,interesting reason
bawal: widya riset perikanan tangkap,False,Bawal: Widya Riset Perikanan Tangkap,2502-6410,2022-02-16,1677-09-22,Journal not adhering to Best practice,DOAJ,,interesting reason
baylor university medical center proceedings,False,Baylor University Medical Center Proceedings,0899-8280,2017-06-24,1677-09-22,Journal not adhering to Best Practice,DOAJ,,interesting reason
beden egitimi ve spor bilimleri dergisi,False,Beden Egitimi ve Spor Bilimleri Dergisi,1307-6477,2017-06-16,1677-09-22,Journal not adhering to Best Practice,DOAJ,,interesting reason
beijing law review,False,Beijing Law Review," 2159-4627, 2159-4635",2015-06-26,1677-09-22,Suspected editorial misconduct by publisher,DOAJ,,interesting reason
berkala ilmiah pertanian,False,Berkala Ilmiah Pertanian,2338-8331,2017-10-17,1677-09-22,Journal not adhering to Best Practice,DOAJ,,interesting reason
beytulhikme : an international journal of philosophy,False,Beytulhikme : An International Journal of Philosophy,1303-8303,2017-10-18,1677-09-22,Journal not adhering to Best Practice,DOAJ,,interesting reason
biblica : commentarii ad rem biblicam scientifice investigandam,False,Biblica : Commentarii ad rem Biblicam Scientifice Investigandam,2385-2062,2017-01-03,1677-09-22,Missing OA statement,DOAJ,,interesting reason
bifurcaciones,False,Bifurcaciones,0718-1132,2017-05-22,1677-09-22,Journal not adhering to Best Practice,DOAJ,,interesting reason
biodiversity science,False,Biodiversity Science,1005-0094,2017-06-24,1677-09-22,Journal not adhering to Best Practice,DOAJ,,interesting reason
biodiversity: research and conservation,False,Biodiversity: Research and Conservation,2080-945X,2022-04-14,1677-09-22,Journal not adhering to Best practice,DOAJ,,interesting reason
biointerface research in applied chemistry,False,Biointerface Research in Applied Chemistry,2069-5837,2017-07-03,1677-09-22,Suspected editorial misconduct by publisher,DOAJ,,interesting reason
biological letters,False,Biological Letters,1734-7467,2022-04-26,1677-09-22,Journal not adhering to Best practice,DOAJ,,interesting reason
biology of exercise,False,Biology of Exercise,1791-325X,2017-05-31,1677-09-22,Journal not adhering to Best Practice,DOAJ,,interesting reason
biomedical research and therapy,False,Biomedical Research and Therapy,2198-4093,2017-12-29,1677-09-22,Suspected editorial misconduct by publisher,DOAJ,,interesting reason
biomedika,False,Biomedika,2085-8345,2019-04-19,1677-09-22,Journal not adhering to Best practice,DOAJ,,interesting reason
biopolymers and cell,False,Biopolymers and Cell,0233-7657,2021-07-31,1677-09-22,Journal not adhering to Best practice,DOAJ,,interesting reason
bioprocess,False,Bioprocess,"2164-5566, 2164-5582",2015-06-26,1677-09-22,Suspected editorial misconduct by publisher,DOAJ,,interesting reason
bioresearch communications,False,Bioresearch Communications,2411-0485,2018-10-09,1677-09-22,Suspected editorial misconduct by publisher,DOAJ,,interesting reason
bioscience discovery,False,Bioscience Discovery,2229-3469,2016-10-14,1677-09-22,Suspected editorial misconduct by publisher,DOAJ,,interesting reason
biotechnology and molecular biology reviews,False,Biotechnology and Molecular Biology Reviews,1538-2273,2016-09-06,1677-09-22,Suspected editorial misconduct by publisher,DOAJ,,interesting reason
biyoloji bilimleri araştırma dergisi,False,Biyoloji Bilimleri Araştırma Dergisi,1308-0261,2021-06-18,1677-09-22,Journal not adhering to Best practice,DOAJ,,interesting reason
bjss: balkan journal of social sciences,False,BJSS: Balkan Journal of Social Sciences,1309-9841,2017-05-02,1677-09-22,Journal not adhering to Best practice,DOAJ,,interesting reason
bmh medical journal,False,BMH Medical Journal,2348-392X,2020-09-02,1677-09-22,Journal not adhering to best practice,DOAJ,,interesting reason
boletim campineiro de geografia,False,Boletim Campineiro de Geografia,2236-3637,2020-08-16,1677-09-22,Journal not adhering to best practice,DOAJ,,interesting reason
"boletim petróleo, royalties e região",False,"Boletim Petróleo, Royalties e Região",1980-6310,2017-03-08,1677-09-22,Journal not adhering to Best practice,DOAJ,,interesting reason
boletin del grupo español del carbon,False,Boletin del Grupo Español del Carbon,2172-6094,2017-06-15,1677-09-22,Journal not adhering to Best Practice,DOAJ,,interesting reason
boletín de pediatría,False,Boletín de Pediatría,0214-2597,2016-08-16,1677-09-22,Journal not adhering to Best practice,DOAJ,,interesting reason
boletín sao,False,Boletín SAO,0123-9082,2016-09-22,1677-09-22,Journal not adhering to Best practice,DOAJ,,interesting reason
boreal environment research,False,Boreal Environment Research,1239-6095,2017-06-24,1677-09-22,Journal not adhering to Best Practice,DOAJ,,interesting reason
bragantia,False,Bragantia,1678-4499,2022-04-27,1677-09-22,Journal not adhering to Best practice,DOAJ,,interesting reason
brazilian journal of development,False,Brazilian Journal of Development,2525-8761,2020-01-13,1677-09-22,Suspected editorial misconduct by publisher,DOAJ,,interesting reason
brazilian journal of natural sciences,False,Brazilian Journal of Natural Sciences,2595-0584,2022-02-22,1677-09-22,Suspected editorial misconduct by publisher,DOAJ,,interesting reason
brazilian research in pediatric dentistry and integrated clinic,False,Brazilian Research in Pediatric Dentistry and Integrated Clinic,1519-0501,2017-06-01,1677-09-22,Journal not adhering to Best Practice,DOAJ,,interesting reason
breviário de filosofia pública,False,Breviário de Filosofia Pública,2236-420X,2017-02-17,1677-09-22,Journal not adhering to Best practice,DOAJ,,interesting reason
british journal of american legal studies,False,British Journal of American Legal Studies,2719-5864,2022-04-14,1677-09-22,Journal not adhering to Best practice,DOAJ,,interesting reason
british journal of medical practitioners,False,British Journal of Medical Practitioners,1757-8515,2017-04-27,1677-09-22,Journal not adhering to Best practice,DOAJ,,interesting reason
british journal of pharmacology and toxicology,False,British Journal of Pharmacology and Toxicology,2044-2459,2016-10-14,1677-09-22,Suspected editorial misconduct by publisher,DOAJ,,interesting reason
british journal of virology,False,British Journal of Virology,2055-6128,2016-11-30,1677-09-22,Journal not adhering to Best practice,DOAJ,,interesting reason
brno studies in english,False,Brno Studies in English,0524-6881,2017-06-24,1677-09-22,Journal not adhering to Best Practice,DOAJ,,interesting reason
brock education : a journal of educational research and practice,False,Brock Education : a Journal of Educational Research and Practice,1183-1189,2017-01-10,1677-09-22,ISSN not registered,DOAJ,,interesting reason
brunei international medical journal,False,Brunei International Medical Journal,2079-3146,2017-06-27,1677-09-22,Journal not adhering to Best Practice,DOAJ,,interesting reason
bryn mawr classical review,False,Bryn Mawr Classical Review,1055-7660,2020-08-11,1677-09-22,Journal not adhering to best practice,DOAJ,,interesting reason
buletin penelitian sistem kesehatan,False,Buletin Penelitian Sistem Kesehatan,1410-2935,2020-04-10,1677-09-22,Journal not adhering to best practice,DOAJ,,interesting reason
buletin studi ekonomi,False,Buletin Studi Ekonomi,2580-5312,2022-04-04,1677-09-22,Journal not adhering to Best practice,DOAJ,,interesting reason
buletinul academiei de ştiinţe a republicii moldova: matematica,False,Buletinul Academiei de Ştiinţe a Republicii Moldova: Matematica,1024-7696,2017-05-17,1677-09-22,Journal not adhering to Best Practice,DOAJ,,interesting reason
bulgarian e-journal of archaeology,False,Bulgarian e-Journal of Archaeology,1314-5088,2017-02-18,1677-09-22,Journal not adhering to Best practice,DOAJ,,interesting reason
bulletin (new series) of the american mathematical society,False,Bulletin (new series) of the American Mathematical Society,0273-0979,2016-03-21,1677-09-22,Journal not adhering to Best practice,DOAJ,,interesting reason
bulletin de l’institut scientifique : section sciences de la terre,False,Bulletin de l’Institut Scientifique : Section Sciences de la Terre,1114-6834,2016-09-27,1677-09-22,Journal not adhering to Best practice,DOAJ,,interesting reason
bulletin du centre de recherche français de jérusalem,False,Bulletin du Centre de Recherche Français de Jérusalem,2075-5287,2017-07-28,1677-09-22,Journal not adhering to Best Practice,DOAJ,,interesting reason
bulletin of geography: socio-economic series,False,Bulletin of Geography: Socio-Economic Series,1732-4254,2022-04-26,1677-09-22,Journal not adhering to Best practice,DOAJ,,interesting reason
bulletin of health research,False,Bulletin of Health Research,2338-3453,2021-03-23,1677-09-22,Journal not adhering to Best practice,DOAJ,,interesting reason
bulletin of materials science,False,Bulletin of Materials Science,0250-4707,2017-07-07,1677-09-22,Journal not adhering to Best Practice,DOAJ,,interesting reason
bulletin of mathematical sciences and applications,False,Bulletin of Mathematical Sciences and Applications,2278-9634,2016-12-20,1677-09-22,Journal not adhering to Best practice,DOAJ,,interesting reason
bulletin of the american society for information science and technology,False,Bulletin of the American Society for Information Science and Technology,1931-6550,2015-05-26,1677-09-22,Journal not adhering to Best Practice,DOAJ,,interesting reason
bulletin of the geological society of denmark,False,Bulletin of the Geological Society of Denmark,0011-6297,2017-04-27,1677-09-22,Journal not adhering to Best practice,DOAJ,,interesting reason
business and economic horizons,False,Business and Economic Horizons,1804-1205,2017-05-16,1677-09-22,Suspected editorial misconduct by publisher,DOAJ,,interesting reason
business and economics research journal,False,Business and Economics Research Journal,1309-2448,2017-03-25,1677-09-22,Journal not adhering to Best practice,DOAJ,,interesting reason
business systems research,False,Business Systems Research,1847-9375,2022-04-14,1677-09-22,Journal not adhering to Best practice,DOAJ,,interesting reason
bvicam's international journal of information technology,False,BVICAM's International Journal of Information Technology,0973-5658,2017-05-19,1677-09-22,Journal not adhering to Best Practice,DOAJ,,interesting reason
bylye gody,False,Bylye Gody,2310-0028,2022-01-26,1677-09-22,Journal not adhering to Best practice,DOAJ,,interesting reason
cadernos de arte e antropologia,False,Cadernos de Arte e Antropologia,2238-0361,2017-05-29,1677-09-22,Journal not adhering to Best Practice,DOAJ,,interesting reason
cadernos de estudos sociais e políticos,False,Cadernos de Estudos Sociais e Políticos,2238-3425,2016-10-08,1677-09-22,Journal not adhering to Best practice,DOAJ,,interesting reason
cadernos ibero-americanos de direito sanitário,False,Cadernos Ibero-americanos de Direito Sanitário,2358-1824,2021-09-16,1677-09-22,Journal not adhering to Best practice,DOAJ,,interesting reason
cahiers d’asie centrale,False,Cahiers d’Asie Centrale,1270-9247,2016-10-15,1677-09-22,Journal not adhering to Best practice,DOAJ,,interesting reason
cakra kimia,False,Cakra Kimia,2302-7274,2020-02-21,1677-09-22,Journal not adhering to Best practice,DOAJ,,interesting reason
calidad en la educación,False,Calidad en la Educación,0717-4004,2016-08-28,1677-09-22,Journal not adhering to Best practice,DOAJ,,interesting reason
cambodian journal of natural history,False,Cambodian Journal of Natural History,2226-969X,2017-02-20,1677-09-22,Journal not adhering to Best practice,DOAJ,,interesting reason
caminhando,False,Caminhando,1519-7018,2017-07-04,1677-09-22,Journal not adhering to Best Practice,DOAJ,,interesting reason
canadian journal of pure and applied sciences,False,Canadian Journal of Pure and Applied Sciences,1920-3853,2017-07-03,1677-09-22,Suspected editorial misconduct by publisher,DOAJ,,interesting reason
canadian journal of rural medicine,False,Canadian Journal of Rural Medicine,1488-237X,2017-02-07,1677-09-22,Journal not adhering to Best practice,DOAJ,,interesting reason
canadian political science review,False,Canadian Political Science Review,1911-4125,2017-02-20,1677-09-22,Journal not adhering to Best practice,DOAJ,,interesting reason
canadian social science,False,Canadian Social Science,1712-8056,2016-01-05,1677-09-22,Suspected editorial misconduct by publisher,DOAJ,,interesting reason
cancer and clinical oncology,False,Cancer and Clinical Oncology,"1927-4858, 1927-4866",2015-09-11,1677-09-22,Suspected editorial misconduct by publisher,DOAJ,,interesting reason
capillarity,False,Capillarity,2652-3310,2022-04-13,1677-09-22,Suspected editorial misconduct by publisher,DOAJ,,interesting reason
cardio-it,False,Cardio-IT,2313-0318,2022-03-18,1677-09-22,Journal not adhering to Best practice,DOAJ,,interesting reason
cardiologia croatica,False,Cardiologia Croatica,1848-543X,2017-05-12,1677-09-22,Journal not adhering to Best practice,DOAJ,,interesting reason
cardiology research,False,Cardiology Research,1923-2829,2017-06-13,1677-09-22,Suspected editorial misconduct by publisher,DOAJ,,interesting reason
cardiovascular journal,False,Cardiovascular Journal,2071-0917,2017-06-24,1677-09-22,Journal not adhering to Best Practice,DOAJ,,interesting reason
carpathian journal of electronic and computer engineering,False,Carpathian Journal of Electronic and Computer Engineering,2343-8908,2022-04-14,1677-09-22,Journal not adhering to Best practice,DOAJ,,interesting reason
catholic education : a journal of inquiry and practice,False,Catholic Education : A Journal of Inquiry and Practice,1097-9638,2017-06-24,1677-09-22,Journal not adhering to Best Practice,DOAJ,,interesting reason
cauchy,False,Cauchy,2086-0382,2018-10-01,1677-09-22,Suspected editorial misconduct by publisher,DOAJ,,interesting reason
cbu international conference proceedings,False,CBU International Conference Proceedings,1805-997X,2016-12-10,1677-09-22,Journal not adhering to Best practice,DOAJ,,interesting reason
cell journal (yakhteh),False,Cell Journal (Yakhteh),2228-5814,2017-06-27,1677-09-22,Journal not adhering to Best Practice,DOAJ,,interesting reason
cell medicine,False,Cell Medicine,2155-1790,2017-04-26,1677-09-22,Suspected editorial misconduct by publisher,DOAJ,,interesting reason
central european business review,False,Central European Business Review,1805-4854,2018-10-09,1677-09-22,Journal not adhering to Best practice,DOAJ,,interesting reason
central european conference on information and intelligent systems,False,Central European Conference on Information and Intelligent Systems,1847-2001,2017-05-21,1677-09-22,Journal not adhering to Best Practice,DOAJ,,interesting reason
central european journal of urology,False,Central European Journal of Urology,2080-4806,2017-07-18,1677-09-22,Journal not adhering to Best Practice,DOAJ,,interesting reason
ceriscope,False,Ceriscope,2115-4856,2017-06-20,1677-09-22,Journal not adhering to Best Practice,DOAJ,,interesting reason
cerne,False,Cerne,0104-7760,2021-08-19,1677-09-22,Journal not adhering to Best practice,DOAJ,,interesting reason
ces medicina,False,CES Medicina,0120-8705,2017-04-14,1677-09-22,Journal not adhering to Best practice,DOAJ,,interesting reason
ces medicina veterinaria y zootecnia,False,CES Medicina Veterinaria y Zootecnia,1900-9607,2017-08-04,1677-09-22,Journal not adhering to Best Practice,DOAJ,,interesting reason
ces odontologia,False,CES Odontologia,0120-971X,2017-06-24,1677-09-22,Journal not adhering to Best Practice,DOAJ,,interesting reason
"cess (journal of computer engineering, system and science)",False,"CESS (Journal of Computer Engineering, System and Science)",2502-7131,2022-02-17,1677-09-22,Journal not adhering to Best practice,DOAJ,,interesting reason
cfd letters,False,CFD Letters,2180-1363,2017-06-23,1677-09-22,Journal not adhering to Best Practice,DOAJ,,interesting reason
champ pénal,False,Champ Pénal,1777-5272,2016-11-15,1677-09-22,Journal not adhering to Best practice,DOAJ,,interesting reason
chemical methodologies,False,Chemical Methodologies,2588-4344,2019-08-12,1677-09-22,Suspected editorial misconduct by publisher,DOAJ,,interesting reason
chemical science transactions,False,Chemical Science Transactions,2278-3318,2016-05-12,1677-09-22,Journal not adhering to Best practice,DOAJ,,interesting reason
chilean journal of agricultural research,False,Chilean Journal of Agricultural Research,0718-5839,2021-09-06,1677-09-22,Journal not adhering to Best practice,DOAJ,,interesting reason
chinese journal of aeronautics,False,Chinese Journal of Aeronautics,2588-9230,2021-07-16,1677-09-22,Journal not adhering to Best practice,DOAJ,,interesting reason
chinese journal of engineering design,False,Chinese Journal of Engineering Design,1006-754X,2022-02-16,1677-09-22,Journal not adhering to Best practice,DOAJ,,interesting reason
chitrolekha international magazine on art and design,False,Chitrolekha International Magazine on Art and Design,2231-4822,2018-05-09,1677-09-22,Journal not adhering to Best practice,DOAJ,,interesting reason
chronic diseases and injuries in canada,False,Chronic Diseases and Injuries in Canada,1925-6515,2016-09-30,1677-09-22,Journal not adhering to Best practice,DOAJ,,interesting reason
chronicles of pharmaceutical science,False,Chronicles of Pharmaceutical Science,2572-7761,2019-09-05,1677-09-22,Suspected editorial misconduct by publisher,DOAJ,,interesting reason
chronicles of young scientists,False,Chronicles of Young Scientists,0975-9212,2021-05-03,1677-09-22,Journal not adhering to Best practice,DOAJ,,interesting reason
ciencia en desarrollo,False,Ciencia en Desarrollo,0121-7488,2019-12-05,1677-09-22,Journal not adhering to Best practice,DOAJ,,interesting reason
cimel: ciencia e investigación médica estudiantil latinoamericana,False,CIMEL: Ciencia e Investigación Médica Estudiantil Latinoamericana,1992-4240,2022-05-04,1677-09-22,Journal not adhering to Best practice,DOAJ,,interesting reason
circuits and systems,False,Circuits and Systems," 2153-1285, 2153-1293",2015-06-26,1677-09-22,Suspected editorial misconduct by publisher,DOAJ,,interesting reason
civitas,False,Civitas,1519-6089,2018-09-04,1677-09-22,Journal not adhering to Best practice,DOAJ,,interesting reason
ciência & maçonaria,False,Ciência & Maçonaria,2318-0129,2017-02-09,1677-09-22,Journal not adhering to Best practice,DOAJ,,interesting reason
ciência & saúde coletiva,False,Ciência & Saúde Coletiva,1678-4561,2022-04-27,1677-09-22,Journal not adhering to Best practice,DOAJ,,interesting reason
clareira: revista de filosofia da região amazônica,False,Clareira: Revista de Filosofia da Região Amazônica,2359-1951,2021-03-05,1677-09-22,Journal not adhering to Best practice,DOAJ,,interesting reason
clinical and laboratorial research in dentistry,False,Clinical and Laboratorial Research in Dentistry,2357-8041,2020-08-07,1677-09-22,Journal not adhering to best practice,DOAJ,,interesting reason
clinical cancer investigation journal,False,Clinical Cancer Investigation Journal,2278-0513,2017-09-01,1677-09-22,Journal not adhering to Best Practice,DOAJ,,interesting reason
clinical medicine & research,False,Clinical Medicine & Research,1539-4182,2017-03-25,1677-09-22,Journal not adhering to Best practice,DOAJ,,interesting reason
clinical medicine : geriatrics,False,Clinical Medicine : Geriatrics,1178-217X,2016-08-10,1677-09-22,Journal not adhering to Best Practice,DOAJ,,interesting reason
clinical nursing studies,False,Clinical Nursing Studies,"2324-7940, 2324-7959",2015-09-11,1677-09-22,Suspected editorial misconduct by publisher,DOAJ,,interesting reason
clinical practice and epidemiology in mental health,False,Clinical Practice and Epidemiology in Mental Health,1745-0179,2017-03-23,1677-09-22,Suspected editorial misconduct by publisher,DOAJ,,interesting reason
clinical trials in degenerative diseases,False,Clinical Trials in Degenerative Diseases,2542-3983,2019-06-20,1677-09-22,Suspected editorial misconduct by publisher,DOAJ,,interesting reason
cognitio juris: revista jurídica,False,Cognitio Juris: Revista Jurídica,2236-3009,2017-03-31,1677-09-22,Journal not adhering to Best practice,DOAJ,,interesting reason
colombia médica,False,Colombia Médica,0120-8322,2017-06-24,1677-09-22,Journal not adhering to Best Practice,DOAJ,,interesting reason
columbia undergraduate science journal,False,Columbia Undergraduate Science Journal,1932-765X,2017-07-04,1677-09-22,Journal not adhering to Best Practice,DOAJ,,interesting reason
commagene journal of biology,False,Commagene Journal of Biology,2602-456X,2021-12-20,1677-09-22,Journal not adhering to Best practice,DOAJ,,interesting reason
communication & language at work,False,Communication & Language at Work,2245-5744,2017-04-03,1677-09-22,Journal not adhering to Best practice,DOAJ,,interesting reason
communication in mathematical modeling and applications,False,Communication in Mathematical Modeling and Applications,2528-830X,2022-04-04,1677-09-22,Suspected editorial misconduct by publisher,DOAJ,,interesting reason
communication on contemporary anthropology,False,Communication on Contemporary Anthropology,"1939-0580, 1936-4458",2015-06-26,1677-09-22,Suspected editorial misconduct by publisher,DOAJ,,interesting reason
communications and network,False,Communications and Network," 1949-2421, 1947-3826",2015-06-26,1677-09-22,Suspected editorial misconduct by publisher,DOAJ,,interesting reason
communications in applied and industrial mathematics,False,Communications in Applied and Industrial Mathematics,2038-0909,2022-04-14,1677-09-22,Journal not adhering to Best practice,DOAJ,,interesting reason
communications in biometry and crop science,False,Communications in Biometry and Crop Science,1896-0782,2016-11-29,1677-09-22,No license nor Open Access statement,DOAJ,,interesting reason
communications in control science and engineering (ccse),False,Communications in Control Science and Engineering (CCSE),2327-3038,2017-07-03,1677-09-22,Suspected editorial misconduct by publisher,DOAJ,,interesting reason
community acquired infection,False,Community Acquired Infection,2225-6482,2017-12-13,1677-09-22,Journal not adhering to Best practice,DOAJ,,interesting reason
comparative professional pedagogy,False,Comparative Professional Pedagogy,2353-9518,2018-03-12,1677-09-22,Suspected editorial misconduct by society,DOAJ,,interesting reason
comptabilité(s): revue d'histoire des comptabilités,False,Comptabilité(s): Revue d'Histoire des Comptabilités,1775-3554,2016-12-03,1677-09-22,Journal not adhering to Best practice,DOAJ,,interesting reason
compusoft: international journal of advanced computer technology,False,COMPUSOFT: International Journal of Advanced Computer Technology,2320-0790,2017-05-16,1677-09-22,Suspected editorial misconduct by publisher,DOAJ,,interesting reason
computer and information science,False,Computer and Information Science,"1913-8989, 1913-8997",2015-09-11,1677-09-22,Suspected editorial misconduct by publisher,DOAJ,,interesting reason
computer science and application,False,Computer Science and Application,"2161-8801, 2161-881X",2015-06-26,1677-09-22,Suspected editorial misconduct by publisher,DOAJ,,interesting reason
comuni@ccion: revista de investigación en comunicación y desarrollo,False,Comuni@ccion: Revista de Investigación en Comunicación y Desarrollo,2219-7168,2016-10-10,1677-09-22,Journal not adhering to Best practice,DOAJ,,interesting reason
comunicación y sociedad,False,Comunicación y Sociedad,0188-252X,2016-11-22,1677-09-22,Journal not adhering to Best practice,DOAJ,,interesting reason
comunicata scientiae,False,Comunicata Scientiae,2176-9079,2016-09-22,1677-09-22,Journal not adhering to Best practice,DOAJ,,interesting reason
conciencia tecnológica,False,Conciencia Tecnológica,1405-5597,2017-07-03,1677-09-22,Journal not adhering to Best Practice,DOAJ,,interesting reason
concrete research letters,False,Concrete Research Letters,2180-1371,2017-07-12,1677-09-22,Journal not adhering to Best Practice,DOAJ,,interesting reason
conflict studies,False,Conflict Studies,2454-0617,2019-09-17,1677-09-22,Suspected editorial misconduct by publisher,DOAJ,,interesting reason
conhisremi,False,CONHISREMI,1690-7760,2017-03-03,1677-09-22,Journal not adhering to Best practice,DOAJ,,interesting reason
connexions : international professional communication journal,False,connexions : international professional communication journal,2325-6044,2017-07-12,1677-09-22,Journal not adhering to Best Practice,DOAJ,,interesting reason
conservation evidence,False,Conservation Evidence,1758-2067,2017-02-20,1677-09-22,Journal not adhering to Best practice,DOAJ,,interesting reason
consilience : the journal of sustainable development,False,Consilience : The Journal of Sustainable Development,1948-3074,2017-07-04,1677-09-22,Journal not adhering to Best Practice,DOAJ,,interesting reason
constitutional forum constitutionnel,False,Constitutional Forum constitutionnel,0847-3889,2017-02-11,1677-09-22,Journal not adhering to Best practice,DOAJ,,interesting reason
constructions,False,Constructions,1860-2010,2017-01-18,1677-09-22,Journal not adhering to Best practice,DOAJ,,interesting reason
contemporary educational technology,False,Contemporary Educational Technology,1309-517X,2016-01-22,1677-09-22,Journal not adhering to Best practice,DOAJ,,interesting reason
contemporary engineering sciences,False,Contemporary Engineering Sciences,1313-6569,2015-04-02,1677-09-22,Journal not adhering to Best Practice,DOAJ,,interesting reason
contemporary issues in technology and teacher education,False,Contemporary Issues in Technology and Teacher Education,1528-5804,2017-06-24,1677-09-22,Journal not adhering to Best Practice,DOAJ,,interesting reason
contexto (porto alegre),False,ConTexto (Porto Alegre),1676-6016,2017-02-21,1677-09-22,Journal not adhering to Best practice,DOAJ,,interesting reason
contribuciones a las ciencias sociales,False,Contribuciones a las Ciencias Sociales,1988-7833,2016-08-16,1677-09-22,Journal not adhering to Best practice,DOAJ,,interesting reason
copas : current objectives of postgraduate american studies,False,COPAS : Current Objectives of Postgraduate American Studies,1861-6127,2017-05-23,1677-09-22,Journal not adhering to Best Practice,DOAJ,,interesting reason
core evidence,False,Core Evidence,1555-175X,2017-05-09,1677-09-22,Suspected editorial misconduct by publisher,DOAJ,,interesting reason
"corporate board: role, duties & composition",False,"Corporate Board: Role, Duties & Composition",1810-8601,2018-10-10,1677-09-22,Journal not adhering to Best practice,DOAJ,,interesting reason
counsellia: jurnal bimbingan dan konseling,False,Counsellia: Jurnal Bimbingan dan Konseling,2477-5886,2021-11-09,1677-09-22,Journal not adhering to Best practice,DOAJ,,interesting reason
creative education,False,Creative Education," 2151-4755, 2151-4771",2015-06-26,1677-09-22,Suspected editorial misconduct by publisher,DOAJ,,interesting reason
critica educativa,False,Critica Educativa,2447-4223,2021-09-16,1677-09-22,Journal not adhering to Best practice,DOAJ,,interesting reason
critical education,False,Critical Education,1920-4175,2017-02-20,1677-09-22,Journal not adhering to Best practice,DOAJ,,interesting reason
croatian international relations review,False,Croatian International Relations Review,1848-5782,2022-04-26,1677-09-22,Journal not adhering to Best practice,DOAJ,,interesting reason
cross-cultural communication,False,Cross-Cultural Communication,1712-8358,2016-01-05,1677-09-22,Suspected editorial misconduct by publisher,DOAJ,,interesting reason
crítica. revista hispanoamericana de filosofía,False,Crítica. Revista Hispanoamericana de Filosofía,0011-1503,2020-04-16,1677-09-22,Journal not adhering to best practice,DOAJ,,interesting reason
csrid journal,False,CSRID Journal,2460-870X,2022-03-04,1677-09-22,Journal not adhering to Best practice,DOAJ,,interesting reason
cuadernos de bioã©tica,False,Cuadernos de BioÃ©tica,1132-1989,2017-06-08,1677-09-22,Journal not adhering to Best Practice,DOAJ,,interesting reason
cuadernos de derecho transnacional,False,Cuadernos de Derecho Transnacional,1989-4570,2017-06-30,1677-09-22,Journal not adhering to Best Practice,DOAJ,,interesting reason
cuadernos de medicina forense,False,Cuadernos de Medicina Forense,1135-7606,2017-01-06,1677-09-22,no OA statement,DOAJ,,interesting reason
cuadernos de vivienda y urbanismo,False,Cuadernos de Vivienda y Urbanismo,2027-2103,2015-12-22,1677-09-22,Journal not adhering to Best practice,DOAJ,,interesting reason
cuadernos del instituto antonio de nebrija de estudios sobre la universidad,False,Cuadernos del Instituto Antonio de Nebrija de Estudios sobre la Universidad,1139-6628,2017-04-20,1677-09-22,Journal not adhering to Best practice,DOAJ,,interesting reason
cultivos tropicales,False,Cultivos Tropicales,1819-4087,2016-11-08,1677-09-22,Journal not adhering to Best practice,DOAJ,,interesting reason
cultura,False,Cultura,1817-0285,2015-11-12,1677-09-22,Journal not adhering to Best practice,DOAJ,,interesting reason
cultural anthropology and ethnosemiotics,False,Cultural Anthropology and Ethnosemiotics,2411-6459,2021-06-22,1677-09-22,Journal not adhering to Best practice,DOAJ,,interesting reason
culture - history - globalization,False,Culture - History - Globalization,1898-7265,2017-05-16,1677-09-22,Journal not adhering to Best practice,DOAJ,,interesting reason
culture machine,False,Culture Machine,1465-4121,2017-01-24,1677-09-22,Journal not adhering to Best practice,DOAJ,,interesting reason
cumhuriyet international journal of education,False,Cumhuriyet International Journal of Education,2147-1606,2017-06-20,1677-09-22,Journal not adhering to Best Practice,DOAJ,,interesting reason
cumhuriyet medical journal,False,Cumhuriyet Medical Journal,1305-0028,2017-05-31,1677-09-22,Journal not adhering to Best Practice,DOAJ,,interesting reason
cumhuriyet science journal,False,Cumhuriyet Science Journal,2587-2680,2021-08-26,1677-09-22,Journal not adhering to Best practice,DOAJ,,interesting reason
cureus,False,Cureus,2168-8184,2020-03-17,1677-09-22,Suspected editorial misconduct by publisher,DOAJ,,interesting reason
current biomarker findings,False,Current Biomarker Findings,2230-2492,2017-05-09,1677-09-22,Suspected editorial misconduct by publisher,DOAJ,,interesting reason
current botany,False,Current Botany,2220-4822,2019-08-12,1677-09-22,Suspected editorial misconduct by publisher,DOAJ,,interesting reason
current research in bacteriology,False,Current Research in Bacteriology,1994-5426,2015-02-28,1677-09-22,Journal not adhering to Best practice,DOAJ,,interesting reason
current research journal of biological sciences,False,Current Research Journal of Biological Sciences,2041-076X,2016-10-14,1677-09-22,Suspected editorial misconduct by publisher,DOAJ,,interesting reason
current research journal of economic theory,False,Current Research Journal of Economic Theory,2042-4841,2016-10-14,1677-09-22,Suspected editorial misconduct by publisher,DOAJ,,interesting reason
current research journal of social science,False,Current Research Journal of Social Science,2041-3238,2016-10-14,1677-09-22,Suspected editorial misconduct by publisher,DOAJ,,interesting reason
current trends in technology and sciences,False,Current Trends in Technology and Sciences,2279-0535,2017-06-12,1677-09-22,Suspected editorial misconduct by publisher,DOAJ,,interesting reason
cypriot journal of educational sciences,False,Cypriot Journal of Educational Sciences,1305-9076,2020-04-27,1677-09-22,Suspected editorial misconduct by publisher,DOAJ,,interesting reason
cytojournal,False,Cytojournal,1742-6413,2020-07-09,1677-09-22,Suspected editorial misconduct by publisher,DOAJ,,interesting reason
"czech journal of social sciences, business and economics",False,"Czech Journal of Social Sciences, Business and Economics",1805-6830,2016-03-27,1677-09-22,Journal not adhering to Best practice,DOAJ,,interesting reason
czytanie literatury. (łódzkie studia literaturoznawcze),False,Czytanie Literatury. (Łódzkie Studia Literaturoznawcze),2449-8386,2016-10-11,1677-09-22,Journal not adhering to Best practice,DOAJ,,interesting reason
d-lib magazine,False,D-Lib Magazine,1082-9873,2016-12-19,1677-09-22,Journal not adhering to Best practice,DOAJ,,interesting reason
dalhousie journal of interdisciplinary management,False,Dalhousie Journal of Interdisciplinary Management,1923-6530,2017-01-24,1677-09-22,Journal not adhering to Best practice,DOAJ,,interesting reason
danube,False,Danube,1804-8285,2022-04-14,1677-09-22,Journal not adhering to Best practice,DOAJ,,interesting reason
database systems journal,False,Database Systems Journal,2069-3230,2021-08-18,1677-09-22,Journal not adhering to Best practice,DOAJ,,interesting reason
de jure: jurnal hukum dan syari'ah,False,De Jure: Jurnal Hukum dan Syari'ah,2085-1618,2018-10-01,1677-09-22,Suspected editorial misconduct by publisher,DOAJ,,interesting reason
dearq : journal of architecture,False,DEARQ : Journal of Architecture,2215-969X,2016-12-20,1677-09-22,Journal not adhering to Best practice,DOAJ,,interesting reason
"decolonization : indigeneity, education & society",False,"Decolonization : Indigeneity, Education & Society",1929-8692,2017-02-20,1677-09-22,Journal not adhering to Best practice,DOAJ,,interesting reason
degenerative neurological and neuromuscular disease,False,Degenerative Neurological and Neuromuscular Disease,1179-9900,2017-05-09,1677-09-22,Suspected editorial misconduct by publisher,DOAJ,,interesting reason
dejiny,False,Dejiny,1337-0707,2017-02-22,1677-09-22,Journal not adhering to Best practice,DOAJ,,interesting reason
"demetra: alimentação, nutrição & saúde",False,"DEMETRA: Alimentação, Nutrição & Saúde",2238-913X,2020-08-25,1677-09-22,Journal not adhering to best practice,DOAJ,,interesting reason
dendrobiology,False,Dendrobiology,1641-1307,2017-07-12,1677-09-22,Journal not adhering to Best Practice,DOAJ,,interesting reason
denkströme: journal der sächsischen akademie der wissenschaften,False,Denkströme: Journal der Sächsischen Akademie der Wissenschaften,1867-7061,2016-11-20,1677-09-22,Journal not adhering to Best practice,DOAJ,,interesting reason
derecho y ciencias sociales,False,Derecho y Ciencias Sociales,1853-0982,2020-09-07,1677-09-22,Journal not adhering to best practice,DOAJ,,interesting reason
dermatology and cosmetic,False,Dermatology and Cosmetic,2008-7470,2015-11-10,1677-09-22,Journal not adhering to Best practice,DOAJ,,interesting reason
desarrollo local sostenible,False,Desarrollo Local Sostenible,1988-5245 ,2020-04-10,1677-09-22,Journal not adhering to best practice,DOAJ,,interesting reason
desenvolve: revista de gestão do unilasalle,False,Desenvolve: Revista de Gestão do Unilasalle,2316-5537,2020-05-09,1677-09-22,Journal not adhering to best practice,DOAJ,,interesting reason
design and technology education: an international journal,False,Design and Technology Education: An International Journal,1360-1431,2017-06-24,1677-09-22,Journal not adhering to Best Practice,DOAJ,,interesting reason
developing country studies,False,Developing Country Studies,2225-0565,2017-10-17,1677-09-22,Suspected editorial misconduct by publisher,DOAJ,,interesting reason
diaeta,False,Diaeta,0328-1310,2017-04-27,1677-09-22,Journal not adhering to Best practice,DOAJ,,interesting reason
"dialogues in philosophy, mental and neuro sciences",False,"Dialogues in Philosophy, Mental and Neuro Sciences",2035-0031,2017-10-17,1677-09-22,Journal not adhering to Best Practice,DOAJ,,interesting reason
digital education review,False,Digital Education Review,2013-9144,2021-09-13,1677-09-22,Journal not adhering to Best practice,DOAJ,,interesting reason
digital journal of ophthalmology,False,Digital Journal of Ophthalmology,1542-8958,2017-06-24,1677-09-22,Journal not adhering to Best Practice,DOAJ,,interesting reason
digital medicine,False,Digital Medicine,2542-629X,2017-12-13,1677-09-22,Journal not adhering to Best practice,DOAJ,,interesting reason
dil eğitimi ve araştırmaları dergisi,False,Dil Eğitimi ve Araştırmaları Dergisi,2149-5602,2021-12-07,1677-09-22,Journal not adhering to Best practice,DOAJ,,interesting reason
dilemata,False,Dilemata,1989-7022,2016-09-22,1677-09-22,Journal not adhering to Best practice,DOAJ,,interesting reason
dilemata : revista internacional de éticas aplicadas,False,DILEMATA : Revista Internacional de Éticas Aplicadas,1989-7022,2016-09-22,1677-09-22,Journal not adhering to Best practice,DOAJ,,interesting reason
direito público,False,Direito Público,1806-8200,2017-04-11,1677-09-22,Journal not adhering to Best practice,DOAJ,,interesting reason
disiplinlerarası akademik turizm dergisi,False,Disiplinlerarası Akademik Turizm Dergisi,2548-0847,2019-01-24,1677-09-22,Suspected editorial misconduct by publisher,DOAJ,,interesting reason
dissertationes forestales,False,Dissertationes Forestales,2323-9220,2017-08-04,1677-09-22,Journal not adhering to Best Practice,DOAJ,,interesting reason
dokuz eylül üniversitesi denizcilik fakültesi dergisi,False,Dokuz Eylül Üniversitesi Denizcilik Fakültesi Dergisi,1309-4246,2018-11-15,1677-09-22,Journal not adhering to Best practice,DOAJ,,interesting reason
dominio de las ciencias,False,Dominio de las Ciencias,2477-8818,2019-10-14,1677-09-22,Journal not adhering to Best practice,DOAJ,,interesting reason
doğuş üniversitesi dergisi,False,Doğuş Üniversitesi Dergisi,1302-6739,2022-01-26,1677-09-22,Journal not adhering to Best practice,DOAJ,,interesting reason
dpa: documentos de proyectos de arquitectura,False,DPA: Documentos de Proyectos de Arquitectura,1577-0265,2020-10-09,1677-09-22,Journal not adhering to best practice,DOAJ,,interesting reason
drug development and therapeutics,False,Drug Development and Therapeutics,2394-2002,2021-05-03,1677-09-22,Journal not adhering to Best practice,DOAJ,,interesting reason
dugesiana,False,Dugesiana,1028-3420,2017-01-23,1677-09-22,Journal not adhering to Best practice,DOAJ,,interesting reason
dynamis : acta hispanica ad medicinae scientiarumque historiam illustrandam,False,Dynamis : Acta Hispanica ad Medicinae Scientiarumque Historiam Illustrandam,0211-9536,2017-07-03,1677-09-22,Journal not adhering to Best Practice,DOAJ,,interesting reason
düzce üniversitesi sağlık bilimleri enstitüsü dergisi,False,Düzce Üniversitesi Sağlık Bilimleri Enstitüsü Dergisi,2519-2442,2022-01-26,1677-09-22,Journal not adhering to Best practice,DOAJ,,interesting reason
e&g : quaternary science journal,False,E&G : Quaternary Science Journal,0424-7116,2017-05-23,1677-09-22,Journal not adhering to Best Practice,DOAJ,,interesting reason
e-beratungsjournal,False,E-Beratungsjournal,1816-7632,2017-04-03,1677-09-22,Journal not adhering to Best practice,DOAJ,,interesting reason
e-finanse,False,e-Finanse,1734-039X,2021-07-22,1677-09-22,Journal not adhering to Best practice,DOAJ,,interesting reason
e-international journal of educational research,False,e-International Journal of Educational Research,1309-6265﻿,2017-04-25,1677-09-22,Journal not adhering to Best practice,DOAJ,,interesting reason
e-journal ilmu dan teknologi kelautan tropis,False,E-Journal Ilmu dan Teknologi Kelautan Tropis,2085-6695,2020-09-07,1677-09-22,Journal not adhering to best practice,DOAJ,,interesting reason
e-journal of business education & scholarship of teaching,False,e-Journal of Business Education & Scholarship of Teaching,1835-9132,2017-01-24,1677-09-22,Journal not adhering to Best practice,DOAJ,,interesting reason
e-journal of international and comparative labour studies,False,E-Journal of International and Comparative Labour Studies,2280-4056,2016-03-18,1677-09-22,Journal not adhering to Best practice,DOAJ,,interesting reason
e-journal of portuguese history,False,e-journal of Portuguese History,1645-6432,2016-11-03,1677-09-22,No licence nor OA statement,DOAJ,,interesting reason
e-journal philosophie der psychologie,False,E-Journal Philosophie der Psychologie,1813-7784,2017-04-03,1677-09-22,Journal not adhering to Best practice,DOAJ,,interesting reason
e-jurnal akuntansi,False,E-Jurnal Akuntansi,2302-8556,2022-02-03,1677-09-22,Journal not adhering to Best practice,DOAJ,,interesting reason
e.i.a.l. : estudios interdisciplinarios de america latina y el caribe,False,E.I.A.L. : Estudios Interdisciplinarios de America Latina y el Caribe,0792-7061,2015-12-21,1677-09-22,Journal not adhering to Best practice,DOAJ,,interesting reason
early modern literary studies,False,Early Modern Literary Studies,1201-2459,2017-02-20,1677-09-22,Journal not adhering to Best practice,DOAJ,,interesting reason
earth science research,False,Earth Science Research,"1927-0542, 1927-0550",2015-09-11,1677-09-22,Suspected editorial misconduct by publisher,DOAJ,,interesting reason
ecodemica,False,Ecodemica,2355-0295,2019-11-01,1677-09-22,Journal not adhering to Best practice,DOAJ,,interesting reason
ecoforum,False,Ecoforum,1584-9066,2020-11-18,1677-09-22,Suspected editorial misconduct by publisher,DOAJ,,interesting reason
ecologia balkanica,False,Ecologia Balkanica,1314-0213,2021-11-08,1677-09-22,Journal not adhering to Best practice,DOAJ,,interesting reason
econ journal watch,False,Econ Journal Watch,1933-527X,2016-12-08,1677-09-22,Journal not adhering to Best practice,DOAJ,,interesting reason
economy transdisciplinarity cognition,False,Economy Transdisciplinarity Cognition,2067-5046,2017-07-18,1677-09-22,Journal not adhering to Best Practice,DOAJ,,interesting reason
edma 0-6 : educación matemática en la infancia,False,Edma 0-6 : Educación Matemática en la Infancia,2254-8351,2017-07-18,1677-09-22,Journal not adhering to Best Practice,DOAJ,,interesting reason
educación y territorio,False,Educación y Territorio,2256-3989,2017-07-18,1677-09-22,Journal not adhering to Best Practice,DOAJ,,interesting reason
education sciences and psychology,False,Education Sciences and Psychology,1512-1801,2020-04-13,1677-09-22,Suspected editorial misconduct by publisher,DOAJ,,interesting reason
educational management,False,Educational Management,2252-7001,2022-02-24,1677-09-22,Journal not adhering to Best practice,DOAJ,,interesting reason
educação e pesquisa,False,Educação e Pesquisa,1678-4634,2022-04-27,1677-09-22,Journal not adhering to Best practice,DOAJ,,interesting reason
"educação, formação & tecnologias",False,"Educação, Formação & Tecnologias",1646-933X,2016-10-10,1677-09-22,Journal not adhering to Best practice,DOAJ,,interesting reason
eduhumaniora,False,EduHumaniora,2085-1243,2018-09-19,1677-09-22,Journal not adhering to Best practice,DOAJ,,interesting reason
edunomia,False,Edunomia,2746-5578,2022-04-26,1677-09-22,Journal not adhering to Best practice,DOAJ,,interesting reason
egyptian journal of hospital medicine,False,Egyptian Journal of Hospital Medicine,2090-7125,2016-11-09,1677-09-22,Journal not adhering to Best practice,DOAJ,,interesting reason
ejournal of education policy,False,eJournal of Education Policy,2158-9232,2021-07-16,1677-09-22,Journal not adhering to Best practice,DOAJ,,interesting reason
ejovoc : electronic journal of vocational colleges,False,EJOVOC : Electronic Journal of Vocational Colleges,2146-7684,2017-06-20,1677-09-22,Journal not adhering to Best Practice,DOAJ,,interesting reason
ekonomska revija (tuzla),False,Ekonomska Revija (Tuzla),1512-8962,2016-12-25,1677-09-22,no OA statement  no licence,DOAJ,,interesting reason
ekonomski pregled,False,Ekonomski Pregled,0424-7558,2017-01-21,1677-09-22,no licence,DOAJ,,interesting reason
electronic book review,False,Electronic Book Review,1553-1139,2017-09-11,1677-09-22,Journal not adhering to Best Practice,DOAJ,,interesting reason
electronic international journal of time use research,False,Electronic International Journal of Time Use Research,1860-9937,2017-05-23,1677-09-22,Journal not adhering to Best Practice,DOAJ,,interesting reason
electronic journal of biology,False,Electronic Journal of Biology,1860-3122,2016-12-30,1677-09-22,Suspected editorial misconduct by publisher,DOAJ,,interesting reason
electronic journal of business ethics and organization studies,False,Electronic Journal of Business Ethics and Organization Studies,1239-2685,2017-06-24,1677-09-22,Journal not adhering to Best Practice,DOAJ,,interesting reason
electronic journal of business research methods,False,Electronic Journal of Business Research Methods,1477-7029,2022-01-13,1677-09-22,Journal not adhering to Best practice,DOAJ,,interesting reason
electronic journal of contemporary japanese studies,False,Electronic Journal of Contemporary Japanese Studies,1476-9158,2017-05-16,1677-09-22,Journal not adhering to Best Practice,DOAJ,,interesting reason
electronic journal of e-learning,False,Electronic Journal of e-Learning,1479-4403,2021-12-02,1677-09-22,Suspected editorial misconduct by publisher,DOAJ,,interesting reason
electronic journal of health informatics,False,Electronic Journal of Health Informatics,1446-4381,2017-09-11,1677-09-22,Journal not adhering to Best Practice,DOAJ,,interesting reason
electronic journal of knowledge management,False,Electronic Journal of Knowledge Management,1479-4411,2021-12-02,1677-09-22,Suspected editorial misconduct by publisher,DOAJ,,interesting reason
electronic journal of research in educational psychology,False,Electronic Journal of Research in Educational Psychology,1696-2095,2016-10-17,1677-09-22,Journal not adhering to Best practice,DOAJ,,interesting reason
electronic journal of vedic studies,False,Electronic Journal of Vedic Studies,1084-7561,2016-09-27,1677-09-22,Journal not adhering to Best practice,DOAJ,,interesting reason
elkawnie: journal of islamic science and technology,False,Elkawnie: Journal of Islamic Science and Technology,2460-8920,2020-11-17,1677-09-22,Journal not adhering to Best practice,DOAJ,,interesting reason
empirische sonderpädagogik,False,Empirische Sonderpädagogik,1869-4845,2017-04-03,1677-09-22,Journal not adhering to Best practice,DOAJ,,interesting reason
en access journal of forensic psychology,False,en Access Journal of Forensic Psychology,1948-5115,2017-01-03,1677-09-22,Journal not adhering to Best practice,DOAJ,,interesting reason
en blanco y negro,False,En Blanco y Negro,2221-8874,2016-09-22,1677-09-22,Journal not adhering to Best practice,DOAJ,,interesting reason
encuentro : revista de investigación e innovación en la clase de idiomas,False,Encuentro : Revista de Investigación e Innovación en la Clase de Idiomas,1989-0796,2016-10-25,1677-09-22,Journal not adhering to Best practice,DOAJ,,interesting reason
energy and environment research,False,Energy and Environment Research,"1927-0569, 1927-0577",2015-09-11,1677-09-22,Suspected editorial misconduct by publisher,DOAJ,,interesting reason
energy and power engineering,False,Energy and Power Engineering," 1949-243X, 1947-3818",2015-06-26,1677-09-22,Suspected editorial misconduct by publisher,DOAJ,,interesting reason
energy science and technology,False,Energy Science and Technology,1923-8460,2015-10-23,1677-09-22,Suspected editorial misconduct by publisher,DOAJ,,interesting reason
engenharia ambiental: pesquisa e tecnologia,False,Engenharia Ambiental: Pesquisa e Tecnologia,1678-2178,2017-06-03,1677-09-22,Journal not adhering to Best Practice,DOAJ,,interesting reason
engineering & technology journal,False,Engineering & Technology Journal,2412-0758,2017-12-15,1677-09-22,Journal not adhering to Best practice,DOAJ,,interesting reason
engineering journal,False,Engineering Journal,0125-8281,2018-11-15,1677-09-22,Journal not adhering to Best practice,DOAJ,,interesting reason
engineering letters,False,Engineering Letters,1816-093X,2017-06-24,1677-09-22,Journal not adhering to Best Practice,DOAJ,,interesting reason
engineering sciences,False,Engineering Sciences,1308-7231,2019-07-17,1677-09-22,Suspected editorial misconduct by publisher,DOAJ,,interesting reason
english australia journal: the australian journal of english language teaching,False,English Australia Journal: the Australian Journal of English Language Teaching,2202-6169,2018-09-19,1677-09-22,Journal not adhering to Best practice,DOAJ,,interesting reason
english for specific purposes world,False,English for Specific Purposes World,1682-3257,2016-12-18,1677-09-22,Journal not adhering to Best practice,DOAJ,,interesting reason
english language and literature studies,False,English Language and Literature Studies,"1925-4768, 1925-4776",2015-09-11,1677-09-22,Suspected editorial misconduct by publisher,DOAJ,,interesting reason
english language teaching,False,English Language Teaching,"1916-4742, 1916-4750",2015-09-11,1677-09-22,Suspected editorial misconduct by publisher,DOAJ,,interesting reason
"enl@ce revista venezolana de información, tecnología y conocimiento",False,"Enl@ce Revista Venezolana de Información, Tecnología y Conocimiento",1690-7515,2017-05-29,1677-09-22,Journal not adhering to Best Practice,DOAJ,,interesting reason
enliven: journal of anesthesiology and critical care medicine,False,Enliven: Journal of Anesthesiology and Critical Care Medicine,2374-4448,2016-12-19,1677-09-22,Journal not adhering to Best practice,DOAJ,,interesting reason
enseñanza e investigación en psicología,False,Enseñanza e Investigación en Psicología,0185-1594,2017-06-30,1677-09-22,Journal not adhering to Best Practice,DOAJ,,interesting reason
entelequia: revista interdisciplinar,False,Entelequia: Revista Interdisciplinar,1885-6985,2017-02-17,1677-09-22,Journal not adhering to Best practice,DOAJ,,interesting reason
environment and natural resources research,False,Environment and Natural Resources Research,"1927-0488, 1927-0496",2015-09-11,1677-09-22,Suspected editorial misconduct by publisher,DOAJ,,interesting reason
environment and pollution,False,Environment and Pollution,"1927-0909, 1927-0917",2015-09-11,1677-09-22,Suspected editorial misconduct by publisher,DOAJ,,interesting reason
environment-behaviour proceedings journal (e-bpj),False,Environment-Behaviour Proceedings Journal (E-BPJ),2398-4287,2019-06-26,1677-09-22,Suspected editorial misconduct by publisher,DOAJ,,interesting reason
environmental and earth sciences research journal,False,Environmental and Earth Sciences Research Journal,2369-5668,2018-03-15,1677-09-22,Suspected editorial misconduct by publisher,DOAJ,,interesting reason
environmental sciences,False,Environmental Sciences,1314-765X,2015-04-02,1677-09-22,Journal not adhering to Best Practice,DOAJ,,interesting reason
environmental stresses in crop sciences,False,Environmental Stresses in Crop Sciences,2383-3084,2022-01-14,1677-09-22,Journal not adhering to Best practice,DOAJ,,interesting reason
enviroscienteae,False,Enviroscienteae,1978-8096,2018-10-01,1677-09-22,Journal not adhering to Best practice,DOAJ,,interesting reason
eplasty : open access journal of plastic and reconstructive surgery,False,ePlasty : Open Access Journal of Plastic and Reconstructive Surgery,1937-5719,2017-07-18,1677-09-22,Journal not adhering to Best Practice,DOAJ,,interesting reason
eras,False,Eras,1445-5218,2017-09-05,1677-09-22,Journal not adhering to Best Practice,DOAJ,,interesting reason
erciyes iletişim dergisi,False,Erciyes iletişim Dergisi,1308-3198,2021-12-21,1677-09-22,Journal not adhering to Best practice,DOAJ,,interesting reason
ergonomics open journal,False,Ergonomics Open Journal,1875-9343,2017-03-23,1677-09-22,Suspected editorial misconduct by publisher,DOAJ,,interesting reason
erhvervshistorisk årbog,False,Erhvervshistorisk Årbog,0071-1152,2017-02-20,1677-09-22,Journal not adhering to Best practice,DOAJ,,interesting reason
"escenarios, empresa y territorio",False,"Escenarios, Empresa y Territorio",2322-6331,2020-11-19,1677-09-22,Website URLs have security issues,DOAJ,,interesting reason
esci journal of plant pathology,False,ESci Journal of Plant Pathology,2306-1650,2017-05-16,1677-09-22,Suspected editorial misconduct by publisher,DOAJ,,interesting reason
escritas do tempo,False,Escritas do Tempo,2674-7758,2021-05-26,1677-09-22,Journal not adhering to Best practice,DOAJ,,interesting reason
eskişehir osmangazi üniversitesi i̇lahiyat fakültesi dergisi,False,Eskişehir Osmangazi Üniversitesi İlahiyat Fakültesi Dergisi,2147-8171,2021-11-22,1677-09-22,Journal not adhering to Best practice,DOAJ,,interesting reason
eskişehir osmangazi üniversitesi sosyal bilimler dergisi,False,Eskişehir Osmangazi Üniversitesi Sosyal Bilimler Dergisi,1302-9703,2017-10-18,1677-09-22,Journal not adhering to Best Practice,DOAJ,,interesting reason
eskişehir türk dünyası uygulama ve araştırma merkezi halk sağlığı dergisi,False,Eskişehir Türk Dünyası Uygulama ve Araştırma Merkezi Halk Sağlığı Dergisi,2564-6311,2021-01-28,1677-09-22,Journal not adhering to best practice,DOAJ,,interesting reason
espacios públicos,False,Espacios Públicos,1665-8140,2017-06-19,1677-09-22,Journal not adhering to Best Practice,DOAJ,,interesting reason
espaço jurídico : journal of law,False,Espaço Jurídico : Journal of Law,2179-7943,2016-08-16,1677-09-22,Journal not adhering to Best practice,DOAJ,,interesting reason
espaço plural,False,Espaço Plural,1518-4196,2017-04-12,1677-09-22,Journal not adhering to Best practice,DOAJ,,interesting reason
espirales: revista multidisciplinaria de investigación,False,Espirales: Revista Multidisciplinaria de Investigación,2550-6862,2021-09-24,1677-09-22,Journal not adhering to Best practice,DOAJ,,interesting reason
estudios constitucionales,False,Estudios Constitucionales,0718-0195,2017-02-22,1677-09-22,Journal not adhering to Best practice,DOAJ,,interesting reason
estudios de lingüística española,False,Estudios de Lingüística Española,1139-8736,2016-09-22,1677-09-22,Journal not adhering to Best practice,DOAJ,,interesting reason
estudios sobre las culturas contemporaneas,False,Estudios sobre las Culturas Contemporaneas,1405-2210,2017-04-20,1677-09-22,Journal not adhering to Best practice,DOAJ,,interesting reason
"estudios sobre patrimonio, cultura y ciencias medievales",False,"Estudios sobre Patrimonio, Cultura y Ciencias Medievales",1575-3840,2020-10-09,1677-09-22,Journal not adhering to best practice,DOAJ,,interesting reason
estudos contemporâneos da subjetividade,False,Estudos Contemporâneos da Subjetividade,2237-941X,2017-01-23,1677-09-22,Journal not adhering to Best practice,DOAJ,,interesting reason
estudos de psicologia (natal),False,Estudos de Psicologia (Natal),1678-4669,2022-05-04,1677-09-22,Journal not adhering to Best practice,DOAJ,,interesting reason
ethiopian journal of science,False,Ethiopian Journal of Science,2220-184X,2016-12-19,1677-09-22,Journal not adhering to Best practice,DOAJ,,interesting reason
ethnobiology and conservation,False,Ethnobiology and Conservation,2238-4782,2017-05-08,1677-09-22,Journal not adhering to Best practice,DOAJ,,interesting reason
ethnologia actualis,False,Ethnologia Actualis,1339-7877,2022-04-14,1677-09-22,Journal not adhering to Best practice,DOAJ,,interesting reason
etikonomi,False,Etikonomi,2461-0771,2022-03-07,1677-09-22,Journal not adhering to Best practice,DOAJ,,interesting reason
etnoantropozum,False,EtnoAntropoZum,1409-939X,2016-12-30,1677-09-22,Journal not adhering to Best practice,DOAJ,,interesting reason
etnolog,False,Etnolog,0354-0316,2017-02-02,1677-09-22,no OA statement no licence,DOAJ,,interesting reason
eurasian journal of business and management,False,Eurasian Journal of Business and Management,2148-0206,2019-07-09,1677-09-22,Suspected editorial misconduct by publisher,DOAJ,,interesting reason
eurasian journal of economics and finance,False,Eurasian Journal of Economics and Finance,2148-0192,2019-07-09,1677-09-22,Suspected editorial misconduct by publisher,DOAJ,,interesting reason
eurasian journal of social sciences,False,Eurasian Journal of Social Sciences,148-0214,2019-07-09,1677-09-22,Suspected editorial misconduct by publisher,DOAJ,,interesting reason
european academic research,False,European Academic Research,2286-4822,2016-09-05,1677-09-22,Suspected editorial misconduct by publisher,DOAJ,,interesting reason
european archives of medical research,False,European Archives of Medical Research,2651-3153,2021-04-26,1677-09-22,Suspected editorial misconduct by publisher,DOAJ,,interesting reason
european cells and materials,False,European Cells and Materials,1473-2262,2015-07-23,1677-09-22,Journal not adhering to Best Practice,DOAJ,,interesting reason
european journal of applied economics,False,European Journal of Applied Economics,2406-2588,2021-02-23,1677-09-22,Journal not adhering to Best practice,DOAJ,,interesting reason
european journal of business and economics,False,European Journal of Business and Economics,1804-5839,2017-05-13,1677-09-22,Suspected editorial misconduct by publisher,DOAJ,,interesting reason
european journal of cardiovascular medicine,False,European Journal of Cardiovascular Medicine,2042-4884,2017-05-16,1677-09-22,Suspected editorial misconduct by publisher,DOAJ,,interesting reason
"european journal of economics, law and social sciences",False,"European Journal of Economics, Law and Social Sciences",2519-1284,2021-11-10,1677-09-22,Suspected editorial misconduct by publisher,DOAJ,,interesting reason
european journal of environment and public health,False,European Journal of Environment and Public Health,2542-4904,2018-10-24,1677-09-22,Suspected editorial misconduct by publisher,DOAJ,,interesting reason
european journal of general dentistry,False,European Journal of General Dentistry,2278-9626,2017-08-02,1677-09-22,Suspected editorial misconduct by publisher,DOAJ,,interesting reason
"european journal of investigation in health, psychology and education",False,"European Journal of Investigation in Health, Psychology and Education",2254-9625,2022-02-24,1677-09-22,Journal not adhering to Best practice,DOAJ,,interesting reason
european journal of microbiology & immunology,False,European Journal of Microbiology & Immunology,2062-8633,2019-11-12,1677-09-22,Suspected editorial misconduct by publisher,DOAJ,,interesting reason
european journal of molecular and clinical medicine,False,European Journal of Molecular and Clinical Medicine,2515-8260,2020-05-22,1677-09-22,Journal not adhering to best practice,DOAJ,,interesting reason
european journal of physics education,False,European Journal of Physics Education,1309-7202,2017-06-19,1677-09-22,Journal not adhering to Best Practice,DOAJ,,interesting reason
european journal of social & behavioural sciences,False,European Journal of Social & Behavioural Sciences,2301-2218,2019-05-09,1677-09-22,Suspected editorial misconduct by publisher,DOAJ,,interesting reason
european journal of sociology and anthropology,False,European Journal of Sociology and Anthropology,2468-4910,2018-10-24,1677-09-22,Suspected editorial misconduct by publisher,DOAJ,,interesting reason
european journal of sustainable development research,False,European Journal of Sustainable Development Research,2542-4742,2018-10-24,1677-09-22,Suspected editorial misconduct by publisher,DOAJ,,interesting reason
"european medical, health and pharmaceutical journal",False,"European Medical, Health and Pharmaceutical Journal",1804-5804,2017-05-13,1677-09-22,Suspected editorial misconduct by publisher,DOAJ,,interesting reason
european online journal of natural and social sciences,False,European Online Journal of Natural and Social Sciences,1805-3602,2016-03-29,1677-09-22,Journal not adhering to Best practice,DOAJ,,interesting reason
european psychomotricity journal,False,European Psychomotricity Journal,1791-3837,2017-02-20,1677-09-22,Journal not adhering to Best practice,DOAJ,,interesting reason
european scientific journal,False,European Scientific Journal,1857-7881,2016-10-22,1677-09-22,Journal not adhering to Best practice,DOAJ,,interesting reason
euxeinos,False,Euxeinos,2296-0708,2021-07-20,1677-09-22,Journal not adhering to Best practice,DOAJ,,interesting reason
evidence,False,Evidence,2280-6288,2017-02-10,1677-09-22,Journal not adhering to Best practice,DOAJ,,interesting reason
evolução e conservação da biodiversidade,False,Evolução e Conservação da Biodiversidade,2236-3866,2016-10-17,1677-09-22,Journal not adhering to Best practice,DOAJ,,interesting reason
expedições/expeditions: teoria da história e historiografia,False,Expedições/Expeditions: Teoria da História e Historiografia,2179-6386,2017-01-23,1677-09-22,Journal not adhering to Best practice,DOAJ,,interesting reason
"extreme life, biospeology & astrobiology",False,"Extreme Life, Biospeology & Astrobiology",2066-7671,2017-06-16,1677-09-22,Suspected editorial misconduct by publisher,DOAJ,,interesting reason
eye reports,False,Eye Reports,2039-4748,2017-06-24,1677-09-22,Journal not adhering to Best Practice,DOAJ,,interesting reason
faces da história,False,Faces da História,2358-3878,2020-08-16,1677-09-22,Journal not adhering to best practice,DOAJ,,interesting reason
facta universitatis series: architecture and civil engineering,False,Facta Universitatis Series: Architecture and Civil Engineering,0354-4605,2016-12-19,1677-09-22,no licence,DOAJ,,interesting reason
"facta universitatis series: physics, chemistry and technology",False,"Facta Universitatis Series: Physics, Chemistry and Technology",0354-4656,2016-12-19,1677-09-22,no licence,DOAJ,,interesting reason
family medicine,False,Family Medicine,0742-3225,2016-05-12,1677-09-22,Journal not adhering to Best practice,DOAJ,,interesting reason
fast capitalism,False,Fast Capitalism,1930-014X,2017-06-24,1677-09-22,Journal not adhering to Best Practice,DOAJ,,interesting reason
fibonacci: jurnal pendidikan matematika dan matematika,False,Fibonacci: Jurnal Pendidikan Matematika dan Matematika,2460-7797,2020-01-20,1677-09-22,Journal not adhering to Best practice,DOAJ,,interesting reason
fikrotuna: jurnal pendidikan dan manajemen islam,False,Fikrotuna: Jurnal Pendidikan dan Manajemen Islam,2477-5622,2021-08-20,1677-09-22,Journal not adhering to Best practice,DOAJ,,interesting reason
finance,False,Finance,"2161-0967, 2161-0975",2015-06-26,1677-09-22,Suspected editorial misconduct by publisher,DOAJ,,interesting reason
finance and management,False,Finance and Management,2409-7802,2019-09-17,1677-09-22,Suspected editorial misconduct by publisher,DOAJ,,interesting reason
finance contrôle stratégie,False,Finance Contrôle Stratégie,1287-1141,2017-01-09,1677-09-22,Journal not adhering to Best practice,DOAJ,,interesting reason
first monday,False,First Monday,1396-0466,2017-06-24,1677-09-22,Journal not adhering to Best Practice,DOAJ,,interesting reason
fish scientiae,False,Fish Scientiae,1693-3710,2018-10-08,1677-09-22,Journal not adhering to Best practice,DOAJ,,interesting reason
fisheries and aquaculture journal,False,Fisheries and Aquaculture Journal,2150-3508,2016-12-14,1677-09-22,Journal not adhering to Best practice,DOAJ,,interesting reason
fisioterapia & saúde funcional,False,Fisioterapia & Saúde Funcional,2238-8028,2017-06-05,1677-09-22,Journal not adhering to Best Practice,DOAJ,,interesting reason
floribunda,False,Floribunda,0215-4706,2020-05-15,1677-09-22,Journal not adhering to best practice,DOAJ,,interesting reason
fluminensia,False,Fluminensia,0353-4642,2017-04-08,1677-09-22,Journal not adhering to Best practice,DOAJ,,interesting reason
folia faunistica slovaca,False,Folia Faunistica Slovaca,1335-7522,2017-04-22,1677-09-22,Journal not adhering to Best practice,DOAJ,,interesting reason
food and nutrition sciences,False,Food and Nutrition Sciences," 2157-944X, 2157-9458",2015-06-26,1677-09-22,Suspected editorial misconduct by publisher,DOAJ,,interesting reason
formación universitaria,False,Formación Universitaria,0718-5006,2017-06-15,1677-09-22,Journal not adhering to Best Practice,DOAJ,,interesting reason
foro de profesores de e/le,False,Foro de Profesores de E/LE,1886-337X,2017-01-23,1677-09-22,Journal not adhering to Best practice,DOAJ,,interesting reason
freshwater metadata journal,False,Freshwater Metadata Journal,2312-6604,2021-04-28,1677-09-22,Journal not adhering to Best practice,DOAJ,,interesting reason
functional foods in health and disease,False,Functional Foods in Health and Disease,2160-3855,2019-10-10,1677-09-22,Suspected editorial misconduct by publisher,DOAJ,,interesting reason
"future of food : journal on food, agriculture and society",False,"Future of Food : Journal on Food, Agriculture and Society",2197-411X,2017-07-04,1677-09-22,Journal not adhering to Best Practice,DOAJ,,interesting reason
fênix: revista de história e estudos culturais,False,Fênix: Revista de História e Estudos Culturais,1807-6971,2017-02-06,1677-09-22,Journal not adhering to Best practice,DOAJ,,interesting reason
galatasaray üniversitesi iletişim dergisi,False,Galatasaray Üniversitesi Iletişim Dergisi,1305-2411,2022-03-15,1677-09-22,Journal not adhering to Best practice,DOAJ,,interesting reason
galemys : spanish journal of mammalogy,False,Galemys : Spanish Journal of Mammalogy,1137-8700,2017-03-25,1677-09-22,Journal not adhering to Best practice,DOAJ,,interesting reason
gastroenterology research,False,Gastroenterology Research,1918-2805,2017-06-13,1677-09-22,Suspected editorial misconduct by publisher,DOAJ,,interesting reason
gazi mühendislik bilimleri dergisi,False,Gazi Mühendislik Bilimleri Dergisi,2149-9373,2020-07-01,1677-09-22,Journal not adhering to best practice,DOAJ,,interesting reason
gene cell tissue,False,Gene Cell Tissue,2345-6841,2017-03-01,1677-09-22,Suspected editorial misconduct by publisher,DOAJ,,interesting reason
general letters in mathematics,False,General Letters in Mathematics,2519-9269,2022-05-08,1677-09-22,Journal not adhering to Best practice,DOAJ,,interesting reason
generics and biosimilars initiative journal,False,Generics and Biosimilars Initiative Journal,2033-6403,2016-03-03,1677-09-22,Journal not adhering to Best practice,DOAJ,,interesting reason
geo-analyst,False,Geo-Analyst,2249-2909,2016-11-15,1677-09-22,Journal not adhering to Best practice,DOAJ,,interesting reason
geoambiente on-line,False,Geoambiente On-line,1679-9860,2017-08-31,1677-09-22,Journal not adhering to Best Practice,DOAJ,,interesting reason
geodetski list,False,Geodetski List,0016-710X,2017-01-21,1677-09-22,no licence,DOAJ,,interesting reason
geodiversitas,False,Geodiversitas,1280-9659,2017-01-14,1677-09-22,Journal not adhering to Best practice,DOAJ,,interesting reason
geografias,False,Geografias,1808-8058,2016-08-24,1677-09-22,Journal not adhering to Best practice,DOAJ,,interesting reason
geojournal of tourism and geosites,False,GeoJournal of Tourism and Geosites,2065-1198,2017-07-18,1677-09-22,Journal not adhering to Best Practice,DOAJ,,interesting reason
geologia usp : série científica,False,Geologia USP : Série Científica,1519-874X,2017-06-22,1677-09-22,Journal not adhering to Best Practice,DOAJ,,interesting reason
geomaterials,False,Geomaterials," 2161-7538, 2161-7546",2015-06-26,1677-09-22,Suspected editorial misconduct by publisher,DOAJ,,interesting reason
geotextos : revista da pós-graduação em geografia da universidade federal da bahia,False,Geotextos : Revista da Pós-Graduação em Geografia da Universidade Federal da Bahia,1809-189X,2016-10-10,1677-09-22,Journal not adhering to Best practice,DOAJ,,interesting reason
gerais: revista interinstitucional de psicologia,False,Gerais: Revista Interinstitucional de Psicologia,1983-8220,2017-05-16,1677-09-22,Journal not adhering to Best Practice,DOAJ,,interesting reason
germs,False,GERMS,2248-2997,2020-02-13,1677-09-22,Journal not adhering to Best practice,DOAJ,,interesting reason
gigapp estudios,False,GIGAPP Estudios,2174-9515,2016-11-07,1677-09-22,Journal not adhering to Best practice,DOAJ,,interesting reason
gist : education and learning research journal,False,GiST : Education and Learning Research Journal,1692-5777,2017-07-18,1677-09-22,Journal not adhering to Best Practice,DOAJ,,interesting reason
gizi indonesia,False,Gizi Indonesia,0436-0265,2019-10-07,1677-09-22,Journal not adhering to Best practice,DOAJ,,interesting reason
global advances in business communication,False,Global Advances in Business Communication,2164-1692,2017-06-24,1677-09-22,Journal not adhering to Best Practice,DOAJ,,interesting reason
global journal of advance research on classical and modern geometries,False,Global Journal of Advance Research on Classical and Modern Geometries,2284-5569,2017-02-07,1677-09-22,Suspected editorial misconduct by publisher,DOAJ,,interesting reason
global journal of economics and business,False,Global Journal of Economics and Business,2519-9285,2022-05-08,1677-09-22,Journal not adhering to Best practice,DOAJ,,interesting reason
global journal of health science,False,Global Journal of Health Science,"1916-9736, 1916-9744",2015-09-11,1677-09-22,Suspected editorial misconduct by publisher,DOAJ,,interesting reason
global journal of mathematical analysis,False,Global Journal of Mathematical Analysis,2307-9002,2016-10-11,1677-09-22,Journal not adhering to Best practice,DOAJ,,interesting reason
global journal of research on medicinal plants & indigenous medicine,False,Global Journal of Research on Medicinal Plants & Indigenous Medicine,2277-4289,2017-07-03,1677-09-22,Suspected editorial misconduct by publisher,DOAJ,,interesting reason
global media journal,False,Global media Journal,1309-7601,2017-05-15,1677-09-22,Journal not adhering to Best practice,DOAJ,,interesting reason
global media journal : african edition,False,Global Media Journal : African Edition,2073-2740,2016-05-12,1677-09-22,Journal not adhering to Best practice,DOAJ,,interesting reason
global media journal : mediterranean edition,False,Global Media Journal : Mediterranean Edition,1450-4154,2017-02-19,1677-09-22,Journal not adhering to Best practice,DOAJ,,interesting reason
global media journal : pakistan edition,False,Global Media Journal : Pakistan Edition,2070-2469,2016-10-18,1677-09-22,Journal not adhering to Best practice,DOAJ,,interesting reason
global media journal : persian edition,False,Global Media Journal : Persian Edition,2008-0468,2016-09-08,1677-09-22,Journal not adhering to Best practice,DOAJ,,interesting reason
globus: технические науки,False,Globus: технические науки,2713-3079,2021-06-23,1677-09-22,Suspected editorial misconduct by publisher,DOAJ,,interesting reason
glotodidactica,False,Glotodidactica,1857-0763,2017-05-21,1677-09-22,Journal not adhering to Best Practice,DOAJ,,interesting reason
"gms current topics in otorhinolaryngology, head and neck surgery",False,"GMS Current Topics in Otorhinolaryngology, Head and Neck Surgery",1865-1011,2017-01-10,1677-09-22,Journal not adhering to Best practice,DOAJ,,interesting reason
golden research thoughts,False,Golden Research Thoughts,2231-5063,2016-04-12,1677-09-22,Suspected editorial misconduct by publisher,DOAJ,,interesting reason
gorm,False,Gorm,1300-4751,2021-01-28,1677-09-22,Journal not adhering to best practice,DOAJ,,interesting reason
govaresh,False,Govaresh,1560-7186,2017-06-24,1677-09-22,Journal not adhering to Best Practice,DOAJ,,interesting reason
grand rounds,False,Grand Rounds,1470-5206,2017-06-24,1677-09-22,Journal not adhering to Best Practice,DOAJ,,interesting reason
grant journal,False,GRANT journal,1805-0638,2016-02-08,1677-09-22,Journal not adhering to Best practice,DOAJ,,interesting reason
green and sustainable chemistry,False,Green and Sustainable Chemistry," 2160-6951, 2160-696X",2015-06-26,1677-09-22,Suspected editorial misconduct by publisher,DOAJ,,interesting reason
griot : revista de filosofia,False,Griot : Revista de Filosofia,2178-1036,2017-02-24,1677-09-22,Journal not adhering to Best practice,DOAJ,,interesting reason
guillermo de ockham,False,Guillermo de Ockham,1794-192X,2020-07-20,1677-09-22,Journal not adhering to best practice,DOAJ,,interesting reason
gumanitarium,False,Gumanitarium,2500-1337,2018-12-21,1677-09-22,Suspected editorial misconduct by publisher,DOAJ,,interesting reason
gymnasium,False,Gymnasium,1453-0201,2017-11-12,1677-09-22,No licence nor OA statement,DOAJ,,interesting reason
göttinger forum für altertumswissenschaft,False,Göttinger Forum für Altertumswissenschaft,1437-9082,2017-05-23,1677-09-22,Journal not adhering to Best Practice,DOAJ,,interesting reason
güncel pediatri,False,Güncel Pediatri,1304-9054,2017-08-04,1677-09-22,Journal not adhering to Best Practice,DOAJ,,interesting reason
hacquetia,False,Hacquetia,1854-9829,2022-04-14,1677-09-22,Journal not adhering to Best practice,DOAJ,,interesting reason
hadashot arkheologiyot – excavations and surveys in israel,False,Hadashot Arkheologiyot – Excavations and Surveys in Israel,1565-043X,2015-06-17,1677-09-22,Journal not adhering to Best Practice,DOAJ,,interesting reason
hadith,False,Hadith,2667-5455,2022-04-26,1677-09-22,Journal not adhering to Best practice,DOAJ,,interesting reason
hand and microsurgery,False,Hand and Microsurgery,2458-7834,2022-03-21,1677-09-22,Journal not adhering to Best practice,DOAJ,,interesting reason
hans journal of biomedicine,False,Hans Journal of Biomedicine,"2161-8976, 2161-8984",2015-06-26,1677-09-22,Suspected editorial misconduct by publisher,DOAJ,,interesting reason
hans journal of chemical engineering and technology,False,Hans Journal of Chemical Engineering and Technology,"2161-8844, 2161-8852",2015-06-26,1677-09-22,Suspected editorial misconduct by publisher,DOAJ,,interesting reason
hans journal of data mining,False,Hans Journal of Data Mining,"2163-145X, 2163-1468",2015-06-26,1677-09-22,Suspected editorial misconduct by publisher,DOAJ,,interesting reason
hans journal of food and nutrition science,False,Hans Journal of Food and Nutrition Science,"2166-613X, 2166-6121",2015-06-26,1677-09-22,Suspected editorial misconduct by publisher,DOAJ,,interesting reason
hans journal of nanotechnology,False,Hans Journal of Nanotechnology,"2161-086X, 2161-0878",2015-06-26,1677-09-22,Suspected editorial misconduct by publisher,DOAJ,,interesting reason
hans journal of wireless communications,False,Hans Journal of Wireless Communications,"2163-3983, 2163-3991",2015-06-26,1677-09-22,Suspected editorial misconduct by publisher,DOAJ,,interesting reason
hayat journal of faculty of nursing & midwifery,False,Hayat Journal of Faculty of Nursing & Midwifery,1735-2215,2015-09-16,1677-09-22,Journal not adhering to Best practice,DOAJ,,interesting reason
health,False,Health," 1949-4998, 1949-5005",2015-06-26,1677-09-22,Suspected editorial misconduct by publisher,DOAJ,,interesting reason
health professional student journal,False,Health Professional Student Journal,2368-8645,2020-11-19,1677-09-22,Website URLs have security issues,DOAJ,,interesting reason
heliotropia,False,Heliotropia,1542-3352,2017-10-17,1677-09-22,Journal not adhering to Best Practice,DOAJ,,interesting reason
hellenic archives of oral and maxillofacial surgery,False,Hellenic Archives of Oral and Maxillofacial Surgery,1108-829X,2017-07-20,1677-09-22,Journal not adhering to Best Practice,DOAJ,,interesting reason
hepatitis monthly,False,Hepatitis Monthly,1735-3408,2017-03-01,1677-09-22,Suspected editorial misconduct by publisher,DOAJ,,interesting reason
herakleion : revista interdisciplinar de historia y arqueología del mediterráneo,False,Herakleion : Revista Interdisciplinar de Historia y Arqueología del Mediterráneo,1988-9100,2017-04-20,1677-09-22,Journal not adhering to Best practice,DOAJ,,interesting reason
heron,False,Heron,1574-4078,2017-01-24,1677-09-22,Journal not adhering to Best practice,DOAJ,,interesting reason
heterocyclic letters,False,Heterocyclic Letters,2230-9632,2017-01-06,1677-09-22,Journal not adhering to Best practice,DOAJ,,interesting reason
hidrobiológica,False,Hidrobiológica,0188-8897,2017-06-08,1677-09-22,Journal not adhering to Best Practice,DOAJ,,interesting reason
higher education studies,False,Higher Education Studies,"1925-4741, 1925-475X",2015-09-11,1677-09-22,Suspected editorial misconduct by publisher,DOAJ,,interesting reason
himalaya: the journal of the association for nepal and himalayan studies,False,Himalaya: The Journal of the Association for Nepal and Himalayan Studies,2471-3716,2021-07-16,1677-09-22,Journal not adhering to Best practice,DOAJ,,interesting reason
himiâ rastitelʹnogo syrʹâ,False,Himiâ Rastitelʹnogo Syrʹâ,1029-5151,2016-09-26,1677-09-22,No licence info,DOAJ,,interesting reason
historical informatics,False,Historical Informatics,2585-7797,2019-09-17,1677-09-22,Suspected editorial misconduct by publisher,DOAJ,,interesting reason
historische archäologie,False,Historische Archäologie,1869-4276,2017-05-23,1677-09-22,Journal not adhering to Best Practice,DOAJ,,interesting reason
history magazine: researches,False,History Magazine: Researches,2454-0609,2019-09-17,1677-09-22,Suspected editorial misconduct by publisher,DOAJ,,interesting reason
história e cultura,False,História e Cultura,2238-6270,2021-03-05,1677-09-22,Journal not adhering to Best practice,DOAJ,,interesting reason
história oral,False,História Oral,1516-7658,2020-08-16,1677-09-22,Journal not adhering to best practice,DOAJ,,interesting reason
hne handover : for nurses and midwives,False,HNE Handover : For Nurses and Midwives,2201-179X,2017-07-18,1677-09-22,Journal not adhering to Best Practice,DOAJ,,interesting reason
holistic approach to environment,False,Holistic Approach to Environment,1848-0071,2017-04-16,1677-09-22,Journal not adhering to Best practice,DOAJ,,interesting reason
holos environment,False,Holos Environment,1519-8634,2017-04-03,1677-09-22,Journal not adhering to Best practice,DOAJ,,interesting reason
homiletic : a review of publications in religious communication,False,Homiletic : a Review of Publications in Religious Communication,2152-6923,2017-10-18,1677-09-22,Journal not adhering to Best Practice,DOAJ,,interesting reason
horizon: феноменологические исследования,False,Horizon: Феноменологические исследования,2311-6986,2021-03-18,1677-09-22,Journal not adhering to Best practice,DOAJ,,interesting reason
horticultura brasileira,False,Horticultura Brasileira,0102-0536,2022-04-14,1677-09-22,Journal not adhering to Best practice,DOAJ,,interesting reason
"hsoa journal of alternative, complementary & integrative medicine",False,"HSOA Journal of Alternative, Complementary & Integrative Medicine",2470-7562,2019-06-25,1677-09-22,Suspected editorial misconduct by publisher,DOAJ,,interesting reason
human & veterinary medicine,False,Human & Veterinary Medicine,2066-7655,2017-06-16,1677-09-22,Suspected editorial misconduct by publisher,DOAJ,,interesting reason
human biology review,False,Human Biology Review,2277-4424,2017-04-11,1677-09-22,Journal not adhering to Best practice,DOAJ,,interesting reason
human falah: jurnal ekonomi dan bisnis islam,False,Human Falah: Jurnal Ekonomi dan Bisnis Islam,2527-6646,2022-02-15,1677-09-22,Journal not adhering to Best practice,DOAJ,,interesting reason
human it: tidskrift för studier av it ur ett humanvetenskapligt perspektiv,False,Human IT: Tidskrift för Studier av IT ur ett Humanvetenskapligt Perspektiv,1402-1501,2017-03-25,1677-09-22,Journal not adhering to Best practice,DOAJ,,interesting reason
human: research in rehabilitation,False,Human: Research in Rehabilitation,2232-9935,2017-04-20,1677-09-22,Malicious website,DOAJ,,interesting reason
humani: jurnal hukum dan masyarakat madani,False,Humani: Jurnal Hukum dan Masyarakat Madani,2580-8516,2022-01-20,1677-09-22,Journal not adhering to Best practice,DOAJ,,interesting reason
humanika,False,Humanika,1412-9418,2019-10-28,1677-09-22,Journal not adhering to Best practice,DOAJ,,interesting reason
"humano, creativamente humano",False,"Humano, creativamente humano",2386-7361,2016-11-05,1677-09-22,Journal not adhering to Best practice,DOAJ,,interesting reason
i/c,False,I/C,1696-2508,2020-04-29,1677-09-22,Journal not adhering to best practice,DOAJ,,interesting reason
iablis : jahrbuch für europäische prozesse,False,IABLIS : Jahrbuch für Europäische Prozesse,1610-6261,2017-04-03,1677-09-22,Journal not adhering to Best practice,DOAJ,,interesting reason
iacsit international journal of engineering and technology,False,IACSIT international journal of engineering and technology,1793-8236,2015-03-30,1677-09-22,Journal not adhering to Best Practice,DOAJ,,interesting reason
iaeng international journal of applied mathematics,False,IAENG International Journal of Applied Mathematics,1992-9978,2017-06-24,1677-09-22,Journal not adhering to Best Practice,DOAJ,,interesting reason
iaeng international journal of computer science,False,IAENG International Journal of Computer Science,1819-656X,2017-06-24,1677-09-22,Journal not adhering to Best Practice,DOAJ,,interesting reason
iartem e-journal,False,IARTEM e-journal,1837-2104,2017-06-19,1677-09-22,Suspected editorial misconduct by publisher,DOAJ,,interesting reason
ibmrd's journal of management research,False,IBMRD's Journal of Management Research,2277-7830,2017-06-28,1677-09-22,Suspected editorial misconduct by publisher,DOAJ,,interesting reason
ibusiness,False,iBusiness," 2150-4075, 2150-4083",2015-06-26,1677-09-22,Suspected editorial misconduct by publisher,DOAJ,,interesting reason
icidca: sobre los derivados de la caña de azúcar,False,ICIDCA: Sobre los Derivados de la Caña de Azúcar,0138-6204,2016-11-10,1677-09-22,Journal not adhering to Best practice,DOAJ,,interesting reason
icoana credinței,False,Icoana Credinței,2393-137X,2018-09-19,1677-09-22,Journal not adhering to Best practice,DOAJ,,interesting reason
id online: revista de psicologia,False,Id Online: Revista de Psicologia,1981-1179,2017-06-08,1677-09-22,Journal not adhering to Best Practice,DOAJ,,interesting reason
identidade!,False,Identidade!,2178-437X,2017-04-27,1677-09-22,Journal not adhering to Best practice,DOAJ,,interesting reason
idil sanat ve dil dergisi,False,Idil Sanat ve Dil Dergisi,2146-9903,2021-07-06,1677-09-22,Journal not adhering to Best practice,DOAJ,,interesting reason
ie comunicaciones,False,IE comunicaciones,1699-4574,2016-11-10,1677-09-22,Journal not adhering to Best practice,DOAJ,,interesting reason
iforest : biogeosciences and forestry,False,iForest : Biogeosciences and Forestry,1971-7458,2016-11-03,1677-09-22,No licence nor OA statement,DOAJ,,interesting reason
ignaziana : rivista di ricerca teologica,False,Ignaziana : Rivista di Ricerca Teologica,1828-2377,2016-09-15,1677-09-22,Journal not adhering to Best practice,DOAJ,,interesting reason
ijeltal (indonesian journal of english language teaching and applied linguistics),False,IJELTAL (Indonesian Journal of English Language Teaching and Applied Linguistics),2527-8746,2020-09-03,1677-09-22,Journal not adhering to best practice,DOAJ,,interesting reason
ijiis: international journal of informatics and information systems,False,IJIIS: International Journal of Informatics and Information Systems,2579-7069,2021-10-22,1677-09-22,Journal not adhering to Best practice,DOAJ,,interesting reason
ijole: international journal of language education,False,IJoLE: International Journal of Language Education,2548-8465,2021-02-15,1677-09-22,Journal not adhering to best practice,DOAJ,,interesting reason
ikonomika: jurnal ekonomi dan bisnis islam,False,Ikonomika: Jurnal Ekonomi dan Bisnis Islam,2527-5143,2021-10-07,1677-09-22,Suspected editorial misconduct by publisher,DOAJ,,interesting reason
ilorin journal of religious studies,False,Ilorin Journal of Religious Studies,2141-7040,2016-12-19,1677-09-22,Journal not adhering to Best practice,DOAJ,,interesting reason
imagetext : interdisciplinary comics studies,False,ImageTexT : Interdisciplinary Comics Studies,1549-6732,2017-07-12,1677-09-22,Journal not adhering to Best Practice,DOAJ,,interesting reason
imastut'yun,False,Imastut'yun,1829-3824,2022-05-27,1677-09-22,Suspected editorial misconduct by publisher,DOAJ,,interesting reason
immunopathologia persa,False,Immunopathologia Persa,2423-8015,2021-10-05,1677-09-22,Suspected editorial misconduct by publisher,DOAJ,,interesting reason
independent journal of management & production,False,Independent Journal of Management & Production,2236-269X,2019-05-28,1677-09-22,Suspected editorial misconduct by publisher,DOAJ,,interesting reason
indian journal of advances in chemical science,False,Indian Journal of Advances in Chemical Science,2320-0928,2022-03-07,1677-09-22,Journal not adhering to Best practice,DOAJ,,interesting reason
indian journal of cancer,False,Indian Journal of Cancer,1998-4774,2017-09-05,1677-09-22,Journal not adhering to Best Practice,DOAJ,,interesting reason
indian journal of community health,False,Indian Journal of Community Health,2248-9509,2018-08-13,1677-09-22,Suspected editorial misconduct by publisher,DOAJ,,interesting reason
indian journal of computer science and engineering,False,Indian Journal of Computer Science and Engineering,0976-5166,2017-01-17,1677-09-22,Suspected editorial misconduct by publisher,DOAJ,,interesting reason
indian journal of critical care medicine,False,Indian Journal of Critical Care Medicine,1998-359X,2017-09-01,1677-09-22,Journal not adhering to Best Practice,DOAJ,,interesting reason
"indian journal of dermatology, venereology and leprology",False,"Indian Journal of Dermatology, Venereology and Leprology",0973-3922,2021-04-01,1677-09-22,Journal not adhering to Best practice,DOAJ,,interesting reason
indian journal of medical and paediatric oncology,False,Indian Journal of Medical and Paediatric Oncology,0975-2129,2017-09-01,1677-09-22,Journal not adhering to Best Practice,DOAJ,,interesting reason
indian journal of occupational and environmental medicine,False,Indian Journal of Occupational and Environmental Medicine,1998-3670,2017-09-05,1677-09-22,Journal not adhering to Best Practice,DOAJ,,interesting reason
indian journal of otology,False,Indian Journal of Otology,2249-9520,2017-09-01,1677-09-22,Journal not adhering to Best Practice,DOAJ,,interesting reason
indian journal of pharmaceutical and biological research,False,Indian Journal of Pharmaceutical and Biological Research,2320-9267,2017-02-23,1677-09-22,Suspected editorial misconduct by publisher,DOAJ,,interesting reason
indian journal of pharmaceutical sciences,False,Indian Journal of Pharmaceutical Sciences,1998-3743,2017-02-23,1677-09-22,Suspected editorial misconduct by publisher,DOAJ,,interesting reason
indian journal of pharmacology,False,Indian Journal of Pharmacology,1998-3751,2017-09-01,1677-09-22,Journal not adhering to Best Practice,DOAJ,,interesting reason
indian journal of sexually transmitted diseases,False,Indian Journal of Sexually Transmitted Diseases,1998-3816,2017-09-01,1677-09-22,Journal not adhering to Best Practice,DOAJ,,interesting reason
indian streams research journal,False,Indian Streams Research Journal,2230-7850,2016-04-12,1677-09-22,Suspected editorial misconduct by publisher,DOAJ,,interesting reason
indonesian aquaculture journal,False,Indonesian Aquaculture Journal,0215-0883,2019-02-21,1677-09-22,Journal not adhering to Best practice,DOAJ,,interesting reason
indonesian fisheries research journal,False,Indonesian Fisheries Research Journal,0853-8980,2022-04-26,1677-09-22,Journal not adhering to Best practice,DOAJ,,interesting reason
indonesian journal of agricultural science,False,Indonesian Journal of Agricultural Science,2354-8509,2022-03-07,1677-09-22,Journal not adhering to Best practice,DOAJ,,interesting reason
indonesian journal of business finance and accounting,False,Indonesian Journal of Business Finance and Accounting,2598-6309,2018-11-22,1677-09-22,Suspected editorial misconduct by publisher,DOAJ,,interesting reason
indonesian journal of clinical pharmacy,False,Indonesian Journal of Clinical Pharmacy,2252-6218,2020-03-09,1677-09-22,Journal not adhering to Best practice,DOAJ,,interesting reason
indonesian journal of curriculum and educational technology studies,False,Indonesian Journal of Curriculum and Educational Technology Studies,2252-6447,2021-08-31,1677-09-22,Journal not adhering to Best practice,DOAJ,,interesting reason
indonesian journal of electrical engineering and informatics,False,Indonesian Journal of Electrical Engineering and Informatics,2089-3272,2018-10-22,1677-09-22,Suspected editorial misconduct by publisher,DOAJ,,interesting reason
indonesian journal of science and technology,False,Indonesian Journal of Science and Technology,2527-8045,2022-02-16,1677-09-22,Journal not adhering to Best practice,DOAJ,,interesting reason
indonesian journal on computing,False,Indonesian Journal on Computing,2460-9056,2022-02-02,1677-09-22,Journal not adhering to Best practice,DOAJ,,interesting reason
indonesian nursing journal of education and clinic,False,Indonesian Nursing Journal of Education and Clinic,2527-8800,2018-10-10,1677-09-22,Journal not adhering to Best practice,DOAJ,,interesting reason
industrial engineering letters,False,Industrial Engineering Letters,2225-0581,2017-10-17,1677-09-22,Suspected editorial misconduct by publisher,DOAJ,,interesting reason
infestasi: jurnal bisnis dan akuntansi,False,InFestasi: Jurnal Bisnis dan Akuntansi,2460-8505,2022-02-03,1677-09-22,Journal not adhering to Best practice,DOAJ,,interesting reason
infocomp,False,InfoComp,1807-4545,2017-01-24,1677-09-22,Journal not adhering to Best practice,DOAJ,,interesting reason
infopreneurship journal,False,Infopreneurship Journal,2345-265X,2016-05-12,1677-09-22,Journal not adhering to Best practice,DOAJ,,interesting reason
información tecnológica,False,Información Tecnológica,0716-8756,2017-01-23,1677-09-22,Journal not adhering to Best practice,DOAJ,,interesting reason
information & security,False,Information & Security,0861-5160,2017-04-18,1677-09-22,Journal not adhering to Best practice,DOAJ,,interesting reason
information and communication technology in educational sciences,False,Information and Communication Technology in Educational Sciences,2228-5318,2017-06-24,1677-09-22,Journal not adhering to Best Practice,DOAJ,,interesting reason
information and knowledge management,False,Information and Knowledge Management,2224-896X,2017-10-17,1677-09-22,Suspected editorial misconduct by publisher,DOAJ,,interesting reason
informação & informação,False,Informação & Informação,1414-2139,2021-08-20,1677-09-22,Journal not adhering to Best practice,DOAJ,,interesting reason
infotekjar: jurnal nasional informatika dan teknologi jaringan,False,InfoTekJar: Jurnal Nasional Informatika dan Teknologi Jaringan,2540-7597,2018-10-11,1677-09-22,Journal not adhering to Best practice,DOAJ,,interesting reason
ingeniería y desarollo,False,Ingeniería y Desarollo,0122-3461,2017-06-08,1677-09-22,Journal not adhering to Best Practice,DOAJ,,interesting reason
ingenierías,False,Ingenierías,1405-0676,2017-03-14,1677-09-22,Journal not adhering to Best practice,DOAJ,,interesting reason
innotec gestión,False,Innotec Gestión,1688-6607,2016-08-16,1677-09-22,Journal not adhering to Best practice,DOAJ,,interesting reason
innovare journal of life science,False,Innovare Journal of Life Science,2321-550X,2017-02-24,1677-09-22,Suspected editorial misconduct by publisher,DOAJ,,interesting reason
innovative journal of business and management,False,Innovative Journal of Business and Management,2277-4947,2017-02-23,1677-09-22,Suspected editorial misconduct by publisher,DOAJ,,interesting reason
innovative journal of medical and health sciences,False,Innovative Journal of Medical and Health Sciences,2277-4939,2017-02-23,1677-09-22,Suspected editorial misconduct by publisher,DOAJ,,interesting reason
inquietude : revista dos estudantes de filosofia da ufg,False,Inquietude : Revista dos Estudantes de Filosofia da UFG,2177-4838,2016-08-07,1677-09-22,Journal not adhering to Best practice,DOAJ,,interesting reason
instantes y azares : escrituras nietzscheanas,False,Instantes y Azares : Escrituras Nietzscheanas,1666-2849,2016-08-11,1677-09-22,Journal not adhering to Best practice,DOAJ,,interesting reason
int archives of medicine,False,Int Archives of Medicine,1755-7682,2015-08-20,1677-09-22,Suspected editorial misconduct by publisher,DOAJ,,interesting reason
integrative journal of medical sciences (old title: international journal of medicine and surgery),False,Integrative Journal of Medical Sciences (old title: International Journal of Medicine and Surgery),2658-8218 (old ISSN: 2336-0313),2020-12-23,1677-09-22,Suspected editorial misconduct by publisher,DOAJ,,interesting reason
intellectual discourse,False,Intellectual Discourse,0128-4878,2020-02-26,1677-09-22,Journal doesn't adhere to best practice,DOAJ,,interesting reason
intelligent control and automation,False,Intelligent Control and Automation," 2153-0653, 2153-0661",2015-06-26,1677-09-22,Suspected editorial misconduct by publisher,DOAJ,,interesting reason
intelligent information management,False,Intelligent Information Management," 2160-5912, 2160-5920",2015-06-26,1677-09-22,Suspected editorial misconduct by publisher,DOAJ,,interesting reason
intelligent systems in electrical engineering,False,Intelligent Systems in Electrical Engineering,2251-6530,2017-03-25,1677-09-22,Journal not adhering to Best practice,DOAJ,,interesting reason
inter-ação,False,Inter-Ação,0101-7136,2021-07-29,1677-09-22,Journal not adhering to Best practice,DOAJ,,interesting reason
interaktivnaâ nauka,False,Interaktivnaâ Nauka,2414-9411,2018-12-21,1677-09-22,Suspected editorial misconduct by publisher,DOAJ,,interesting reason
interações (campo grande),False,Interações (Campo Grande),1518-7012,2022-04-25,1677-09-22,Journal not adhering to Best practice,DOAJ,,interesting reason
intercultural communication education,False,Intercultural Communication Education,2209-1041,2021-12-22,1677-09-22,Suspected editorial misconduct by publisher,DOAJ,,interesting reason
interculture journal : online zeitschrift für interkulturelle studien,False,Interculture Journal : Online Zeitschrift für Interkulturelle Studien,2196-9485,2016-10-31,1677-09-22,Journal not adhering to Best practice,DOAJ,,interesting reason
interdisciplinary journal of e-learning and learning objects,False,Interdisciplinary Journal of e-Learning and Learning Objects,1552-2210,2018-11-20,1677-09-22,Suspected editorial misconduct by publisher,DOAJ,,interesting reason
interdisciplinary journal of e-skills and lifelong learning,False,Interdisciplinary Journal of e-Skills and Lifelong Learning,2375-2092,2018-11-20,1677-09-22,Suspected editorial misconduct by publisher,DOAJ,,interesting reason
interdisciplinary legal studies,False,Interdisciplinary Legal Studies,2717-4298,2022-04-24,1677-09-22,Journal not adhering to Best practice,DOAJ,,interesting reason
interface : a journal for and about social movements,False,Interface : a Journal for and about Social Movements,2009-2431,2017-09-01,1677-09-22,Journal not adhering to Best Practice,DOAJ,,interesting reason
internal medicine and medical investigation,False,Internal Medicine and Medical Investigation,2474-7750,2019-07-16,1677-09-22,Suspected editorial misconduct by publisher,DOAJ,,interesting reason
international arab journal of e-technology,False,International Arab Journal of e-Technology,1997-6364,2016-11-04,1677-09-22,No licence nor OA statement,DOAJ,,interesting reason
international archives of medicine,False,International Archives of Medicine,1755-7682,2021-07-21,1677-09-22,Suspected editorial misconduct by publisher,DOAJ,,interesting reason
international bulletin of drug research,False,International Bulletin of Drug Research,2250-3692,2017-02-23,1677-09-22,Suspected editorial misconduct by publisher,DOAJ,,interesting reason
international business and management,False,International Business and Management,1923-841X,2015-10-23,1677-09-22,Suspected editorial misconduct by publisher,DOAJ,,interesting reason
international business research,False,International Business Research,"1913-9004, 1913-9012",2015-09-11,1677-09-22,Suspected editorial misconduct by publisher,DOAJ,,interesting reason
international cardiovascular research journal,False,International Cardiovascular Research Journal,2251-9130,2019-07-01,1677-09-22,Suspected editorial misconduct by publisher,DOAJ,,interesting reason
international dental journal of student's research,False,International Dental Journal Of Student's Research,2278-3784,2017-07-07,1677-09-22,Suspected editorial misconduct by publisher,DOAJ,,interesting reason
international e-journal of educational studies,False,International e-Journal of Educational Studies,2602-4241,2022-05-20,1677-09-22,Suspected editorial misconduct by publisher,DOAJ,,interesting reason
"international e-journal of science, medicine & education",False,"International e-Journal of Science, Medicine & Education",2231-8194,2017-05-06,1677-09-22,Journal not adhering to Best practice,DOAJ,,interesting reason
international education and leadership,False,International Education and Leadership,2161-7252,2017-02-23,1677-09-22,Suspected editorial misconduct by publisher,DOAJ,,interesting reason
international education studies,False,International Education Studies,"1913-9020, 1913-9039",2015-09-11,1677-09-22,Suspected editorial misconduct by publisher,DOAJ,,interesting reason
international educational e-journal,False,International Educational E-Journal,2277-2456,2017-05-16,1677-09-22,Suspected editorial misconduct by publisher,DOAJ,,interesting reason
international electronic journal of environmental education,False,International Electronic Journal of Environmental Education,2146-0329,2017-05-06,1677-09-22,Journal not adhering to Best practice,DOAJ,,interesting reason
international interdisciplinary journal of scholarly research (iijsr),False,International Interdisciplinary Journal of Scholarly Research (IIJSR),2412-303X,2019-03-14,1677-09-22,Suspected editorial misconduct by publisher,DOAJ,,interesting reason
international journal for pharmaceutical research scholars,False,International Journal For Pharmaceutical Research Scholars,2277-7873,2017-02-23,1677-09-22,Suspected editorial misconduct by publisher,DOAJ,,interesting reason
international journal for traffic and transport engineering,False,International Journal for Traffic and Transport Engineering,2217-544X,2017-04-23,1677-09-22,Journal not adhering to Best practice,DOAJ,,interesting reason
international journal for transformative research,False,International Journal for Transformative Research,2353-5415,2022-04-14,1677-09-22,Journal not adhering to Best practice,DOAJ,,interesting reason
international journal of academic research in business and social sciences,False,International Journal of Academic Research in Business and Social Sciences,2222-6990,2016-10-18,1677-09-22,Suspected editorial misconduct by publisher,DOAJ,,interesting reason
"international journal of advanced ayurveda, yoga, unani, siddha and homeopathy",False,"International Journal of Advanced Ayurveda, Yoga, Unani, Siddha and Homeopathy",2320-0251,2017-02-23,1677-09-22,Suspected editorial misconduct by publisher,DOAJ,,interesting reason
international journal of advanced biotechnology and research,False,International Journal of Advanced Biotechnology and Research,2278-599X,2017-07-19,1677-09-22,Suspected editorial misconduct by publisher,DOAJ,,interesting reason
international journal of advanced computer research,False,International Journal of Advanced Computer Research,2249-7277,2017-02-23,1677-09-22,Suspected editorial misconduct by publisher,DOAJ,,interesting reason
international journal of advanced computer science and applications,False,International Journal of Advanced Computer Science and Applications,2156-5570,2017-05-16,1677-09-22,Suspected editorial misconduct by publisher,DOAJ,,interesting reason
international journal of advanced legal studies and governance,False,International Journal of Advanced Legal Studies and Governance,2141-6710,2016-12-19,1677-09-22,Journal not adhering to Best practice,DOAJ,,interesting reason
international journal of advanced multidisciplinary research and review,False,International Journal of Advanced Multidisciplinary Research and Review,2330-1201,2017-09-05,1677-09-22,Journal not adhering to Best Practice,DOAJ,,interesting reason
international journal of advanced networking and applications,False,International Journal of Advanced Networking and Applications,0975-0290,2016-05-12,1677-09-22,Journal not adhering to Best practice,DOAJ,,interesting reason
international journal of advanced nursing studies,False,International Journal of Advanced Nursing Studies,2227-488X,2016-10-11,1677-09-22,Journal not adhering to Best practice,DOAJ,,interesting reason
international journal of advanced research,False,International Journal of Advanced Research,2320-5407,2015-09-25,1677-09-22,Journal not adhering to Best practice,DOAJ,,interesting reason
international journal of advanced research in artificial intelligence,False,International Journal of Advanced Research in Artificial Intelligence,2165-4050,2017-05-16,1677-09-22,Suspected editorial misconduct by publisher,DOAJ,,interesting reason
international journal of advanced research in computer science and software engineering,False,International Journal of Advanced Research In Computer Science and Software Engineering,2277-128X,2017-07-07,1677-09-22,Suspected editorial misconduct by publisher,DOAJ,,interesting reason
international journal of advanced science and technology,False,International Journal of Advanced Science and Technology,2005-4238,2017-05-10,1677-09-22,Suspected editorial misconduct by publisher,DOAJ,,interesting reason
international journal of advanced statistics and probability,False,International Journal of Advanced Statistics and Probability,2307-9045,2016-10-11,1677-09-22,Journal not adhering to Best practice,DOAJ,,interesting reason
international journal of advances in computing and information technology,False,International Journal of Advances in Computing and Information Technology,2277-9140,2016-02-15,1677-09-22,Suspected editorial misconduct by publisher,DOAJ,,interesting reason
international journal of advances in engineering and technology,False,International Journal of Advances in Engineering and Technology,2231-1963,2015-09-25,1677-09-22,Journal not adhering to Best practice,DOAJ,,interesting reason
international journal of advances in management and economics,False,International Journal of Advances in Management and Economics,2278-3369,2017-05-19,1677-09-22,Journal not adhering to Best Practice,DOAJ,,interesting reason
international journal of agriculture innovations and research,False,International Journal of Agriculture Innovations and Research,2319-1473,2017-02-23,1677-09-22,Suspected editorial misconduct by publisher,DOAJ,,interesting reason
international journal of algebra,False,International Journal of Algebra,1312-8868,2015-04-02,1677-09-22,Journal not adhering to Best Practice,DOAJ,,interesting reason
international journal of anatomical variations,False,International Journal of Anatomical Variations,1308-4038,2018-02-26,1677-09-22,Suspected editorial misconduct by publisher,DOAJ,,interesting reason
international journal of anatomy and research,False,International Journal of Anatomy and Research,2321-4287,2017-05-16,1677-09-22,Suspected editorial misconduct by publisher,DOAJ,,interesting reason
international journal of animal and veterinary advances,False,International Journal of Animal and Veterinary Advances,2041-2894,2016-10-14,1677-09-22,Suspected editorial misconduct by publisher,DOAJ,,interesting reason
international journal of applied biology and pharmaceutical technology,False,International Journal of Applied Biology and Pharmaceutical Technology,0976-4550,2016-12-30,1677-09-22,Suspected editorial misconduct by publisher,DOAJ,,interesting reason
international journal of applied business and international management,False,International Journal of Applied Business and International Management,2614-7432,2019-12-18,1677-09-22,Suspected editorial misconduct by publisher,DOAJ,,interesting reason
international journal of applied exercise physiology,False,International Journal of Applied Exercise Physiology,2322-3537,2020-02-06,1677-09-22,Suspected editorial misconduct by publisher,DOAJ,,interesting reason
international journal of applied linguistics and english literature,False,International Journal of Applied Linguistics and English Literature,2200-3452,2021-07-07,1677-09-22,Journal not adhering to Best practice,DOAJ,,interesting reason
international journal of applied mathematical research,False,International Journal of Applied Mathematical Research,2227-4324,2016-10-11,1677-09-22,Journal not adhering to Best practice,DOAJ,,interesting reason
international journal of applied mathematics and computation,False,International Journal of Applied Mathematics and Computation,0974-4665,2016-03-03,1677-09-22,Journal not adhering to Best practice,DOAJ,,interesting reason
international journal of applied physics and mathematics,False,International Journal of Applied Physics and Mathematics,2010-362X,2016-02-10,1677-09-22,Suspected editorial misconduct by publisher,DOAJ,,interesting reason
international journal of applied science and engineering research,False,International Journal of Applied Science and Engineering Research,2277-9442,2016-02-15,1677-09-22,Suspected editorial misconduct by publisher,DOAJ,,interesting reason
international journal of applied sciences and biotechnology,False,International Journal of Applied Sciences and Biotechnology,2091-2609,2017-02-01,1677-09-22,Journal not adhering to Best practice,DOAJ,,interesting reason
international journal of artificial intelligence and expert systems,False,International Journal of Artificial Intelligence and Expert Systems,2180-124X,2016-10-10,1677-09-22,Journal not adhering to Best practice,DOAJ,,interesting reason
international journal of artificial intelligence research,False,International Journal of Artificial Intelligence Research,2579-7298,2019-02-28,1677-09-22,Journal not adhering to Best practice,DOAJ,,interesting reason
international journal of assessment tools in education,False,International Journal of Assessment Tools in Education,2148-7456,2020-02-21,1677-09-22,Journal not adhering to Best practice,DOAJ,,interesting reason
international journal of astronomy and astrophysics,False,International Journal of Astronomy and Astrophysics,"2161-4717, 2161-4725",2015-06-26,1677-09-22,Suspected editorial misconduct by publisher,DOAJ,,interesting reason
international journal of basic & clinical pharmacology,False,International Journal of Basic & Clinical Pharmacology,2319-2003,2017-02-23,1677-09-22,Suspected editorial misconduct by publisher,DOAJ,,interesting reason
international journal of basic medical sciences and pharmacy,False,International Journal of Basic Medical Sciences and Pharmacy,2049-4963,2017-02-20,1677-09-22,Suspected editorial misconduct by publisher,DOAJ,,interesting reason
international journal of basics and applied science,False,International Journal of Basics and Applied Science,2301-4458,2017-02-24,1677-09-22,Suspected editorial misconduct by publisher,DOAJ,,interesting reason
international journal of bio-science and bio-technology,False,International Journal of Bio-Science and Bio-Technology,2233-7849,2016-10-10,1677-09-22,No OA or licence info,DOAJ,,interesting reason
international journal of bioassays,False,International Journal of Bioassays,2278-778X,2015-08-21,1677-09-22,Journal not adhering to Best practice,DOAJ,,interesting reason
international journal of biology,False,International Journal of Biology,"1916-9671, 1916-968X",2015-09-11,1677-09-22,Suspected editorial misconduct by publisher,DOAJ,,interesting reason
international journal of biomedical and advance research,False,International Journal of Biomedical and Advance Research,2229-3809,2017-08-28,1677-09-22,Suspected editorial misconduct by publisher,DOAJ,,interesting reason
international journal of biomedical research,False,International Journal of Biomedical Research,0976-9633,2017-08-28,1677-09-22,Suspected editorial misconduct by publisher,DOAJ,,interesting reason
international journal of biometric and bioinformatics,False,International Journal of Biometric and Bioinformatics,1985-2347,2016-10-10,1677-09-22,Journal not adhering to Best practice,DOAJ,,interesting reason
"international journal of bioscience, biochemistry and bioinformatics",False,"International Journal of Bioscience, Biochemistry and Bioinformatics",2010-3638,2016-02-10,1677-09-22,Suspected editorial misconduct by publisher,DOAJ,,interesting reason
international journal of botany,False,International Journal of Botany,1811-9700,2015-02-28,1677-09-22,Journal not adhering to Best practice,DOAJ,,interesting reason
international journal of business administration,False,International Journal of Business Administration,"1923-4007, 1923-4015",2015-09-11,1677-09-22,Suspected editorial misconduct by publisher,DOAJ,,interesting reason
international journal of business and management,False,International Journal of Business and Management,"1833-3850, 1833-8119",2015-09-11,1677-09-22,Suspected editorial misconduct by publisher,DOAJ,,interesting reason
international journal of business and social research,False,International Journal of Business and Social Research,2164-2559,2021-04-15,1677-09-22,Suspected editorial misconduct by publisher,DOAJ,,interesting reason
international journal of business research and management,False,International Journal of Business Research and Management,2180-2165,2016-10-10,1677-09-22,Journal not adhering to Best practice,DOAJ,,interesting reason
international journal of chemical engineering and applications,False,International Journal of Chemical Engineering and Applications,2010-0221,2016-02-10,1677-09-22,Suspected editorial misconduct by publisher,DOAJ,,interesting reason
international journal of chemical sciences,False,International Journal of Chemical Sciences,0972-768X,2017-04-27,1677-09-22,Journal not adhering to Best practice,DOAJ,,interesting reason
international journal of chemistry,False,International Journal of Chemistry,"1916-9698, 1916-9701",2015-09-11,1677-09-22,Suspected editorial misconduct by publisher,DOAJ,,interesting reason
international journal of civil and structural engineering,False,International Journal of Civil and Structural Engineering,0976-4399,2016-02-15,1677-09-22,Suspected editorial misconduct by publisher,DOAJ,,interesting reason
international journal of clinical medicine,False,International Journal of Clinical Medicine," 2158-284X, 2158-2882",2015-06-26,1677-09-22,Suspected editorial misconduct by publisher,DOAJ,,interesting reason
international journal of clinical pediatrics,False,International Journal of Clinical Pediatrics,1927-1255,2017-06-13,1677-09-22,Suspected editorial misconduct by publisher,DOAJ,,interesting reason
international journal of cloud computing and services science (ij-closer),False,International Journal of Cloud Computing and Services Science (IJ-CLOSER),2089-3337,2017-02-20,1677-09-22,Journal not adhering to Best practice,DOAJ,,interesting reason
international journal of collaborative research on internal medicine & public health,False,International Journal of Collaborative Research on Internal Medicine & Public Health,1840-4529,2017-07-18,1677-09-22,Journal not adhering to Best Practice,DOAJ,,interesting reason
international journal of combinatorial optimization problems and informatics,False,International Journal of Combinatorial Optimization Problems and Informatics,2007-1558,2017-02-15,1677-09-22,Journal not adhering to Best practice,DOAJ,,interesting reason
international journal of combinatorics,False,International Journal of Combinatorics,1687-9171,2017-08-31,1677-09-22,ISSN not registered,DOAJ,,interesting reason
"international journal of communications, network and system sciences",False,"International Journal of Communications, Network and System Sciences"," 1913-3715, 1913-3723",2015-06-26,1677-09-22,Suspected editorial misconduct by publisher,DOAJ,,interesting reason
international journal of community service learning,False,International Journal of Community Service Learning,2579-7166,2018-08-27,1677-09-22,Suspected editorial misconduct by publisher,DOAJ,,interesting reason
international journal of comparative literature and translation studies,False,International Journal of Comparative Literature and Translation Studies,2202-9451,2021-07-07,1677-09-22,Journal not adhering to Best practice,DOAJ,,interesting reason
international journal of computer & communication engineering research,False,International Journal of Computer & Communication Engineering Research,2321-4198,2017-02-03,1677-09-22,Journal not adhering to Best practice,DOAJ,,interesting reason
international journal of computer and communication engineering,False,International Journal of Computer and Communication Engineering,2010-3743,2016-02-10,1677-09-22,Suspected editorial misconduct by publisher,DOAJ,,interesting reason
international journal of computer and electrical engineering,False,International Journal of Computer and Electrical Engineering,1793-8163,2016-02-10,1677-09-22,Suspected editorial misconduct by publisher,DOAJ,,interesting reason
international journal of computer applications and information technology,False,International Journal of Computer Applications and Information Technology,2278-7720,2017-02-19,1677-09-22,Journal not adhering to Best practice,DOAJ,,interesting reason
international journal of computer engineering and information technology,False,International Journal of Computer Engineering and Information Technology,2412-8856,2018-06-21,1677-09-22,Suspected editorial misconduct by publisher,DOAJ,,interesting reason
international journal of computer information systems and industrial management applications,False,International Journal of Computer Information Systems and Industrial Management Applications,2150-7988,2017-01-04,1677-09-22,Journal not adhering to Best practice,DOAJ,,interesting reason
international journal of computer network and information security,False,International Journal of Computer Network and Information Security,2074-9090,2017-05-16,1677-09-22,Suspected editorial misconduct by publisher,DOAJ,,interesting reason
international journal of computer networks,False,International Journal of Computer Networks,1985-4129,2016-10-10,1677-09-22,Journal not adhering to Best practice,DOAJ,,interesting reason
international journal of computer science and communication networks,False,International Journal of Computer Science and Communication Networks,2249-5789,2017-05-08,1677-09-22,Journal not adhering to Best practice,DOAJ,,interesting reason
international journal of computer science and information security,False,International Journal of Computer Science and Information Security,1947-5500,2017-07-19,1677-09-22,Suspected editorial misconduct by publisher,DOAJ,,interesting reason
international journal of computer science and management studies,False,International Journal of Computer Science and Management Studies,2231-5268,2017-05-13,1677-09-22,Suspected editorial misconduct by publisher,DOAJ,,interesting reason
international journal of computer science and mobile computing,False,International Journal of Computer Science and Mobile Computing,2320-088X,2015-05-18,1677-09-22,Journal not adhering to Best Practice,DOAJ,,interesting reason
international journal of computer science and network,False,International Journal of Computer Science and Network,2277-5420,2016-05-12,1677-09-22,Journal not adhering to Best practice,DOAJ,,interesting reason
international journal of computer science and network solutions,False,International Journal of Computer Science and Network Solutions,2345-3397,2017-07-20,1677-09-22,Journal not adhering to Best Practice,DOAJ,,interesting reason
international journal of computer science and security,False,International Journal of Computer Science and Security,1985-1553,2016-10-10,1677-09-22,Journal not adhering to Best practice,DOAJ,,interesting reason
international journal of computer technology and applications,False,International Journal of Computer Technology and Applications,2229-6093,2016-10-09,1677-09-22,Journal not adhering to Best practice,DOAJ,,interesting reason
international journal of contemporary mathematical sciences,False,International Journal of Contemporary Mathematical Sciences,1312-7586,2015-04-02,1677-09-22,Journal not adhering to Best Practice,DOAJ,,interesting reason
international journal of cyber-security and digital forensics,False,International Journal of Cyber-Security and Digital Forensics,2305-0012,2017-05-16,1677-09-22,Suspected editorial misconduct by publisher,DOAJ,,interesting reason
international journal of dental clinics,False,International Journal of Dental Clinics,0975-8437,2014-11-17,1677-09-22,Journal not adhering to Best practice,DOAJ,,interesting reason
"international journal of design, analysis and tools for integrated circuits and systems",False,"International Journal of Design, Analysis and Tools for Integrated Circuits and Systems",2223-523X,2016-01-13,1677-09-22,Journal not adhering to Best practice,DOAJ,,interesting reason
international journal of difference equations,False,International Journal of Difference Equations,0973-6069,2017-06-24,1677-09-22,Journal not adhering to Best Practice,DOAJ,,interesting reason
international journal of digital library services,False,International Journal of Digital Library Services,2250-1142,2017-06-22,1677-09-22,Suspected editorial misconduct by publisher,DOAJ,,interesting reason
international journal of drug development & research,False,International Journal of Drug Development & Research,0975-9344,2016-12-30,1677-09-22,Suspected editorial misconduct by publisher,DOAJ,,interesting reason
"international journal of e-education, e-business, e-management and e-learning",False,"International Journal of e-Education, e-Business, e-Management and e-Learning",2010-3654,2016-02-10,1677-09-22,Suspected editorial misconduct by publisher,DOAJ,,interesting reason
international journal of economics and finance,False,International Journal of Economics and Finance,"1916-971X, 1916-9728",2015-09-11,1677-09-22,Suspected editorial misconduct by publisher,DOAJ,,interesting reason
international journal of education and literacy studies,False,International Journal of Education and Literacy Studies,2202-9478,2021-07-07,1677-09-22,Journal not adhering to Best practice,DOAJ,,interesting reason
international journal of educational research and technology,False,International Journal of Educational Research and Technology,0976-4089,2017-04-13,1677-09-22,Suspected editorial misconduct by publisher,DOAJ,,interesting reason
international journal of educational research review,False,International Journal of Educational Research Review,2458-9322,2020-02-27,1677-09-22,Suspected editorial misconduct by publisher,DOAJ,,interesting reason
international journal of electronic commerce studies,False,International Journal of Electronic Commerce Studies,2073-9729,2016-05-12,1677-09-22,Journal not adhering to Best practice,DOAJ,,interesting reason
international journal of electronics and computer science engineering,False,International Journal of Electronics and Computer Science Engineering,2277-1956,2017-02-23,1677-09-22,Suspected editorial misconduct by publisher,DOAJ,,interesting reason
international journal of electronics communication and computer engineering,False,International Journal of Electronics Communication and Computer Engineering,2249-071X,2017-02-23,1677-09-22,Suspected editorial misconduct by publisher,DOAJ,,interesting reason
international journal of electronics communication and computer technology,False,International Journal of Electronics Communication and Computer Technology,2249-7838,2017-02-15,1677-09-22,Journal not adhering to Best practice,DOAJ,,interesting reason
"international journal of electronics, communication and soft computing science and engineering",False,"International Journal of Electronics, Communication and Soft Computing Science and Engineering",2277-9477,2017-07-10,1677-09-22,Suspected editorial misconduct by publisher,DOAJ,,interesting reason
international journal of endocrinology and metabolism,False,International Journal of Endocrinology and Metabolism,1726-9148,2017-03-01,1677-09-22,Suspected editorial misconduct by publisher,DOAJ,,interesting reason
international journal of energy and environment,False,International Journal of Energy and Environment,2076-2909,2017-07-20,1677-09-22,Journal not adhering to Best Practice,DOAJ,,interesting reason
"international journal of energy, information and communications",False,"International Journal of Energy, Information and Communications",2093-9655,2017-05-10,1677-09-22,Suspected editorial misconduct by publisher,DOAJ,,interesting reason
international journal of engineering,False,International Journal of Engineering,1985-2312,2016-10-10,1677-09-22,Journal not adhering to Best practice,DOAJ,,interesting reason
international journal of engineering & technology,False,International Journal of Engineering & Technology,2227-524X,2016-10-11,1677-09-22,Journal not adhering to Best practice,DOAJ,,interesting reason
international journal of engineering and computer science,False,International Journal of Engineering and Computer Science,2319-7242,2015-12-30,1677-09-22,Journal not adhering to Best practice,DOAJ,,interesting reason
international journal of engineering and technology,False,International Journal of Engineering and Technology,2049-3444,2017-06-24,1677-09-22,Journal not adhering to Best Practice,DOAJ,,interesting reason
international journal of engineering innovations and research,False,International Journal of Engineering Innovations and Research,2277-5668,2017-02-23,1677-09-22,Suspected editorial misconduct by publisher,DOAJ,,interesting reason
international journal of engineering research,False,International Journal of Engineering Research,2319-6890,2017-02-23,1677-09-22,Suspected editorial misconduct by publisher,DOAJ,,interesting reason
international journal of engineering research and applications,False,International Journal of Engineering Research and Applications,2248-9622,2017-10-17,1677-09-22,Journal not adhering to Best Practice,DOAJ,,interesting reason
international journal of engineering research and innovation,False,International Journal of Engineering Research and Innovation,2152-4157,2017-07-04,1677-09-22,Suspected editorial misconduct by publisher,DOAJ,,interesting reason
international journal of engineering science and technology,False,International Journal of Engineering Science and Technology,0975-5462,2017-01-17,1677-09-22,Suspected editorial misconduct by publisher,DOAJ,,interesting reason
international journal of engineering sciences & research technology,False,International Journal of Engineering Sciences & Research Technology,2277-9655,2015-08-04,1677-09-22,Journal not adhering to Best practice,DOAJ,,interesting reason
international journal of engineering sciences and management,False,International Journal of Engineering Sciences and Management,2231-3273,2017-02-28,1677-09-22,Journal not adhering to Best practice,DOAJ,,interesting reason
"international journal of engineering, social justice, and peace",False,"International Journal of Engineering, Social Justice, and Peace",1927-9434,2017-01-14,1677-09-22,Journal not adhering to Best practice,DOAJ,,interesting reason
international journal of english and education,False,International Journal of English and Education,2278-4012,2017-02-23,1677-09-22,Suspected editorial misconduct by publisher,DOAJ,,interesting reason
international journal of english linguistics,False,International Journal of English Linguistics,"1923-869X, 1923-8703",2015-09-11,1677-09-22,Suspected editorial misconduct by publisher,DOAJ,,interesting reason
international journal of environmental and science education,False,International Journal of Environmental and Science Education,1306-3065,2015-06-15,1677-09-22,"Journal not adhering to Best Practice
",DOAJ,,interesting reason
international journal of environmental sciences,False,International Journal of Environmental Sciences,0976-4402,2016-02-15,1677-09-22,Suspected editorial misconduct by publisher,DOAJ,,interesting reason
international journal of eurasia social sciences,False,International Journal of Eurasia Social Sciences,2146-1961,2017-06-20,1677-09-22,Journal not adhering to Best Practice,DOAJ,,interesting reason
international journal of facility management,False,International Journal of Facility Management,2150-3303,2017-04-27,1677-09-22,Journal not adhering to Best practice,DOAJ,,interesting reason
international journal of finance & banking studies,False,International Journal of Finance & Banking Studies,2147-4486,2021-08-27,1677-09-22,Journal not adhering to Best practice,DOAJ,,interesting reason
international journal of financial research,False,International Journal of Financial Research,"1923-4023, 1923-4031",2015-09-11,1677-09-22,Suspected editorial misconduct by publisher,DOAJ,,interesting reason
"international journal of financial, accounting, and management",False,"International Journal of Financial, Accounting, and Management",2656-3355,2021-06-01,1677-09-22,Journal not adhering to Best practice,DOAJ,,interesting reason
international journal of fundamental and applied sciences,False,International Journal of Fundamental and Applied Sciences,2278-1404,2017-02-07,1677-09-22,Journal not adhering to Best practice,DOAJ,,interesting reason
international journal of fundamental physical sciences,False,International Journal of Fundamental Physical Sciences,2231-8186,2017-02-10,1677-09-22,Journal not adhering to Best practice,DOAJ,,interesting reason
international journal of future computer and communication,False,International Journal of Future Computer and Communication,2010-3751,2016-02-10,1677-09-22,Suspected editorial misconduct by publisher,DOAJ,,interesting reason
international journal of future generation communication and networking,False,International Journal of Future Generation Communication and Networking,2233-7857,2017-05-10,1677-09-22,Suspected editorial misconduct by publisher,DOAJ,,interesting reason
international journal of geomatics and geosciences,False,International Journal of Geomatics and Geosciences,0976-4380,2016-02-15,1677-09-22,Suspected editorial misconduct by publisher,DOAJ,,interesting reason
international journal of geosciences,False,International Journal of Geosciences," 2156-8359, 2156-8367",2015-06-26,1677-09-22,Suspected editorial misconduct by publisher,DOAJ,,interesting reason
international journal of green and herbal chemistry,False,International Journal of Green and Herbal Chemistry,2278-3229,2017-02-15,1677-09-22,Journal not adhering to Best practice,DOAJ,,interesting reason
international journal of green pharmacy,False,International Journal of Green Pharmacy,1998-4103,2017-06-20,1677-09-22,Journal not adhering to Best Practice,DOAJ,,interesting reason
international journal of grid and distributed computing,False,International Journal of Grid and Distributed Computing,2005-4262,2017-05-10,1677-09-22,Suspected editorial misconduct by publisher,DOAJ,,interesting reason
international journal of health & allied sciences,False,International Journal of Health & Allied Sciences,2278-344X,2017-09-01,1677-09-22,Journal not adhering to Best Practice,DOAJ,,interesting reason
international journal of health and clinical research,False,International Journal of Health and Clinical Research,2590-3241,2022-01-19,1677-09-22,Journal not adhering to Best practice,DOAJ,,interesting reason
international journal of heat and technology,False,International Journal of Heat and Technology,0392-8764,2018-03-15,1677-09-22,Suspected editorial misconduct by publisher,DOAJ,,interesting reason
international journal of hepatobiliary and pancreatic diseases,False,International Journal of Hepatobiliary and Pancreatic Diseases,2230-9012,2017-11-29,1677-09-22,Suspected editorial misconduct by publisher,DOAJ,,interesting reason
international journal of herbal medicine,False,International Journal of Herbal Medicine,2321-2187,2017-04-26,1677-09-22,Suspected editorial misconduct by publisher,DOAJ,,interesting reason
international journal of high risk behaviors and addiction,False,International Journal of High Risk Behaviors and Addiction,2251-872X,2017-03-01,1677-09-22,Suspected editorial misconduct by publisher,DOAJ,,interesting reason
international journal of higher education,False,International Journal of Higher Education,"1927-6044, 1927-6052",2015-09-11,1677-09-22,Suspected editorial misconduct by publisher,DOAJ,,interesting reason
international journal of human geography and environmental studies,False,International Journal of Human Geography and Environmental Studies,2036-7910,2016-11-05,1677-09-22,Journal not adhering to Best practice,DOAJ,,interesting reason
international journal of humanities and cultural studies,False,International Journal of Humanities and Cultural Studies,2356-5926,2019-04-07,1677-09-22,Journal not adhering to Best practice,DOAJ,,interesting reason
international journal of hybrid information technology,False,International Journal of Hybrid Information Technology,1738-9968,2017-05-10,1677-09-22,Suspected editorial misconduct by publisher,DOAJ,,interesting reason
international journal of image processing,False,International Journal of Image Processing,1985-2304,2016-10-10,1677-09-22,Journal not adhering to Best practice,DOAJ,,interesting reason
"international journal of image, graphics and signal processing",False,"International Journal of Image, Graphics and Signal Processing",2074-9074,2017-05-16,1677-09-22,Suspected editorial misconduct by publisher,DOAJ,,interesting reason
international journal of infection,False,International Journal of Infection,2383-1421,2017-03-01,1677-09-22,Suspected editorial misconduct by publisher,DOAJ,,interesting reason
international journal of information and education technology,False,International Journal of Information and Education Technology,2010-3689,2016-02-10,1677-09-22,Suspected editorial misconduct by publisher,DOAJ,,interesting reason
international journal of information and electronics engineering,False,International Journal of Information and Electronics Engineering,2010-3719,2016-02-10,1677-09-22,Suspected editorial misconduct by publisher,DOAJ,,interesting reason
international journal of information dissemination and technology,False,International Journal of Information Dissemination and Technology,2249-5576,2017-07-06,1677-09-22,Journal not adhering to Best Practice,DOAJ,,interesting reason
international journal of information engineering and electronic business,False,International Journal of Information Engineering and Electronic Business,2074-9023,2017-05-16,1677-09-22,Suspected editorial misconduct by publisher,DOAJ,,interesting reason
international journal of information technology and computer science,False,International Journal of Information Technology and Computer Science,2074-9007,2017-05-16,1677-09-22,Suspected editorial misconduct by publisher,DOAJ,,interesting reason
international journal of information technology and electrical engineering,False,International Journal of Information Technology and Electrical Engineering,2306-708X,2017-03-08,1677-09-22,Journal not adhering to Best practice,DOAJ,,interesting reason
"international journal of information, business and management",False,"International Journal of Information, Business and Management",2076-9202,2017-01-10,1677-09-22,Suspected editorial misconduct by publisher,DOAJ,,interesting reason
international journal of innovation,False,International Journal of Innovation,2318-9975,2020-01-15,1677-09-22,Journal not adhering to Best practice,DOAJ,,interesting reason
international journal of innovation and applied studies,False,International Journal of Innovation and Applied Studies,2028-9324,2016-09-29,1677-09-22,Journal not adhering to Best practice,DOAJ,,interesting reason
international journal of innovations in engineering and technology,False,International Journal of Innovations in Engineering and Technology,2319-1058,2017-02-20,1677-09-22,Journal not adhering to Best practice,DOAJ,,interesting reason
international journal of innovative research and development,False,International Journal of Innovative Research and Development,2278-0211,2016-11-29,1677-09-22,Journal not adhering to Best practice,DOAJ,,interesting reason
international journal of instruction,False,International Journal of Instruction,1694-609X,2021-09-15,1677-09-22,Journal not adhering to Best practice,DOAJ,,interesting reason
international journal of integrated engineering,False,International Journal of Integrated Engineering,2229-838X,2017-05-04,1677-09-22,Journal not adhering to Best practice,DOAJ,,interesting reason
international journal of intelligence science,False,International Journal of Intelligence Science," 2163-0283, 2163-0356",2015-06-26,1677-09-22,Suspected editorial misconduct by publisher,DOAJ,,interesting reason
international journal of intelligent systems and applications,False,International Journal of Intelligent Systems and Applications,2074-904X,2017-05-16,1677-09-22,Suspected editorial misconduct by publisher,DOAJ,,interesting reason
international journal of islamic economics and finance studies,False,International Journal of Islamic Economics and Finance Studies,2149-8393,2021-06-18,1677-09-22,Journal not adhering to Best practice,DOAJ,,interesting reason
international journal of kinesiology and sports science,False,INTERNATIONAL JOURNAL OF KINESIOLOGY AND SPORTS SCIENCE,2202-946X,2021-07-07,1677-09-22,Journal not adhering to Best practice,DOAJ,,interesting reason
international journal of language and literary studies,False,International Journal of Language and Literary Studies,2704-5528,2022-01-24,1677-09-22,Suspected editorial misconduct by publisher,DOAJ,,interesting reason
international journal of latest trends in engineering and technology,False,International Journal of Latest Trends in Engineering and Technology,2319-3778,2017-02-20,1677-09-22,Journal not adhering to Best practice,DOAJ,,interesting reason
"international journal of learning, teaching and educational research",False,"International Journal of Learning, Teaching and Educational Research",1694-2116,2019-06-20,1677-09-22,Suspected editorial misconduct by publisher,DOAJ,,interesting reason
international journal of lifescience and pharma research,False,International Journal of Lifescience and Pharma Research,2250-0480,2017-07-03,1677-09-22,Suspected editorial misconduct by publisher,DOAJ,,interesting reason
international journal of machine learning and computing,False,International Journal of Machine Learning and Computing,2010-3700,2016-02-10,1677-09-22,Suspected editorial misconduct by publisher,DOAJ,,interesting reason
international journal of management science and business administration,False,International Journal of Management Science and Business Administration,1849-5664,2017-04-13,1677-09-22,Suspected editorial misconduct by publisher,DOAJ,,interesting reason
international journal of marine engineering innovation and research,False,International Journal of Marine Engineering Innovation and Research,2548-1479,2021-10-18,1677-09-22,Journal not adhering to Best practice,DOAJ,,interesting reason
international journal of marine science,False,International Journal of Marine Science,1927-6648,2017-02-07,1677-09-22,Journal not adhering to Best practice,DOAJ,,interesting reason
international journal of marketing studies,False,International Journal of Marketing Studies,"1918-719X, 1918-7203",2015-09-11,1677-09-22,Suspected editorial misconduct by publisher,DOAJ,,interesting reason
"international journal of materials, mechanics and manufacturing",False,"International Journal of Materials, Mechanics and Manufacturing",1793-8198,2016-02-10,1677-09-22,Suspected editorial misconduct by publisher,DOAJ,,interesting reason
international journal of mathematical analysis,False,International Journal of Mathematical Analysis,1312-8876,2015-04-02,1677-09-22,Journal not adhering to Best Practice,DOAJ,,interesting reason
international journal of mathematical sciences & applications,False,International Journal of Mathematical Sciences & Applications,2230-9888,2017-05-16,1677-09-22,Suspected editorial misconduct by publisher,DOAJ,,interesting reason
"international journal of mechatronics, electrical and computer technology",False,"International Journal of Mechatronics, Electrical and Computer Technology",2305-0543,2017-07-18,1677-09-22,Journal not adhering to Best Practice,DOAJ,,interesting reason
international journal of medical and health sciences,False,International Journal of Medical and Health Sciences,2277-4505,2017-07-03,1677-09-22,Suspected editorial misconduct by publisher,DOAJ,,interesting reason
international journal of medical and surgical sciences,False,International Journal of Medical and Surgical Sciences,0719-3904,2021-03-04,1677-09-22,Journal not adhering to Best practice,DOAJ,,interesting reason
international journal of medical education,False,International Journal of Medical Education,2042-6372,2016-01-13,1677-09-22,Journal not adhering to Best practice,DOAJ,,interesting reason
international journal of medical research and health sciences,False,International Journal of Medical Research and Health Sciences,2319-5886,2019-03-13,1677-09-22,Suspected editorial misconduct by publisher,DOAJ,,interesting reason
international journal of medical sciences and biotechnology,False,International Journal of Medical Sciences and Biotechnology,2321-8509,2015-09-17,1677-09-22,Journal not adhering to Best practice,DOAJ,,interesting reason
international journal of medicine and biomedical research,False,International Journal of Medicine and Biomedical Research,2315-5019,2016-09-19,1677-09-22,Suspected editorial misconduct by publisher,DOAJ,,interesting reason
international journal of medicine and public health,False,International Journal of Medicine and Public Health,2230-8598,2016-10-14,1677-09-22,Suspected editorial misconduct by publisher,DOAJ,,interesting reason
international journal of modeling and optimization,False,International Journal of Modeling and Optimization,2010-3697,2016-02-10,1677-09-22,Suspected editorial misconduct by publisher,DOAJ,,interesting reason
international journal of modern education and computer science,False,International Journal of Modern Education and Computer Science,2075-0161,2017-05-16,1677-09-22,Suspected editorial misconduct by publisher,DOAJ,,interesting reason
international journal of modern engineering,False,International Journal of Modern Engineering,2157-8052,2017-07-04,1677-09-22,Suspected editorial misconduct by publisher,DOAJ,,interesting reason
international journal of mosquito research,False,International Journal of Mosquito Research,2348-5906,2021-05-06,1677-09-22,Journal not adhering to Best practice,DOAJ,,interesting reason
international journal of motorcycle studies,False,International Journal of Motorcycle Studies,1931-275X,2016-12-08,1677-09-22,Journal not adhering to Best practice,DOAJ,,interesting reason
international journal of multicultural and multireligious understanding,False,International Journal of Multicultural and Multireligious Understanding,2364-5369,2022-02-11,1677-09-22,Suspected editorial misconduct by publisher,DOAJ,,interesting reason
international journal of multidisciplinary sciences and engineering,False,International Journal of Multidisciplinary Sciences and Engineering,2045-7057,2017-05-16,1677-09-22,Suspected editorial misconduct by publisher,DOAJ,,interesting reason
international journal of multimedia and ubiquitous engineering,False,International Journal of Multimedia and Ubiquitous Engineering,1975-0080,2017-05-10,1677-09-22,Suspected editorial misconduct by publisher,DOAJ,,interesting reason
international journal of networking and computing,False,International Journal of Networking and Computing,2185-2839,2016-05-12,1677-09-22,Journal not adhering to Best practice,DOAJ,,interesting reason
international journal of not-for-profit law,False,International Journal of Not-for-Profit Law,1556-5157,2017-07-18,1677-09-22,Journal not adhering to Best Practice,DOAJ,,interesting reason
international journal of nusantara islam,False,International Journal of Nusantara Islam,2355-651X,2022-04-04,1677-09-22,Journal not adhering to Best practice,DOAJ,,interesting reason
international journal of nutrology,False,International Journal of Nutrology,2595-2854,2021-10-29,1677-09-22,Suspected editorial misconduct by publisher,DOAJ,,interesting reason
international journal of oral & maxillofacial pathology,False,International Journal of Oral & Maxillofacial Pathology,2231-2250,2014-11-13,1677-09-22,Journal not adhering to Best practice,DOAJ,,interesting reason
international journal of organic chemistry,False,International Journal of Organic Chemistry," 2161-4687, 2161-4695",2015-06-26,1677-09-22,Suspected editorial misconduct by publisher,DOAJ,,interesting reason
international journal of orthopaedics,False,International Journal of Orthopaedics,2311-5106,2018-01-22,1677-09-22,Suspected editorial misconduct by publisher,DOAJ,,interesting reason
international journal of pharma sciences and research,False,International Journal of Pharma Sciences and Research,0975-9492,2017-07-03,1677-09-22,Suspected editorial misconduct by publisher,DOAJ,,interesting reason
international journal of pharmaceutical research and allied sciences,False,International Journal of Pharmaceutical Research and Allied Sciences,2277-3657,2017-04-27,1677-09-22,Journal not adhering to Best practice,DOAJ,,interesting reason
international journal of pharmaceutical sciences and drug research,False,International Journal of Pharmaceutical Sciences and Drug Research,0975-248X,2016-01-13,1677-09-22,Journal not adhering to Best practice,DOAJ,,interesting reason
international journal of pharmaceutical sciences and research,False,International Journal of Pharmaceutical Sciences and Research,0975-8232,2017-07-03,1677-09-22,Suspected editorial misconduct by publisher,DOAJ,,interesting reason
international journal of pharmacological research,False,International Journal of Pharmacological Research,2277-3312,2021-05-06,1677-09-22,Journal not adhering to Best practice,DOAJ,,interesting reason
international journal of pharmacy and pharmaceutical sciences,False,International Journal of Pharmacy and Pharmaceutical Sciences,0975-1491,2017-02-24,1677-09-22,Suspected editorial misconduct by publisher,DOAJ,,interesting reason
international journal of physical sciences,False,International Journal of Physical Sciences,1992-1950,2016-09-06,1677-09-22,Suspected editorial misconduct by publisher,DOAJ,,interesting reason
international journal of physiotherapy and research,False,International Journal of Physiotherapy and Research,2321-1822,2017-05-16,1677-09-22,Suspected editorial misconduct by publisher,DOAJ,,interesting reason
international journal of phytopharmacy,False,International Journal of Phytopharmacy,2277-2928,2017-08-28,1677-09-22,Suspected editorial misconduct by publisher,DOAJ,,interesting reason
international journal of poultry science,False,International Journal of Poultry Science,1682-8356,2015-02-28,1677-09-22,Journal not adhering to Best practice,DOAJ,,interesting reason
international journal of power electronics and drive systems,False,International Journal of Power Electronics and Drive Systems,2088-8694,2017-10-17,1677-09-22,Journal not adhering to Best Practice,DOAJ,,interesting reason
international journal of prosthetic dentistry,False,International Journal of Prosthetic Dentistry,2231-2269,2014-11-13,1677-09-22,Journal not adhering to Best practice,DOAJ,,interesting reason
international journal of psychological studies,False,International Journal of Psychological Studies,"1918-7211, 1918-722X",2015-09-11,1677-09-22,Suspected editorial misconduct by publisher,DOAJ,,interesting reason
international journal of public and private management,False,International Journal of Public and Private Management,2392-5809,2019-01-22,1677-09-22,Site not secure,DOAJ,,interesting reason
international journal of pure and applied sciences,False,International Journal of Pure and Applied Sciences,2149-0910,2020-05-18,1677-09-22,Journal not adhering to best practice,DOAJ,,interesting reason
"international journal of reproduction, contraception, obstetrics and gynecology",False,"International Journal of Reproduction, Contraception, Obstetrics and Gynecology",2320-1770,2017-02-23,1677-09-22,Suspected editorial misconduct by publisher,DOAJ,,interesting reason
international journal of research & innovation in computer engineering,False,International journal of research & innovation in computer engineering,2249-6580,2015-03-06,1677-09-22,Journal not adhering to Best Practice,DOAJ,,interesting reason
international journal of research and development in pharmacy and life sciences,False,International Journal of Research and Development in Pharmacy and Life Sciences,2278-0238,2016-09-21,1677-09-22,Suspected editorial misconduct by publisher,DOAJ,,interesting reason
international journal of research and reviews in applied sciences,False,International Journal of Research and Reviews in Applied Sciences,2076-7366,2017-04-26,1677-09-22,Journal not adhering to Best practice,DOAJ,,interesting reason
international journal of research in ayurveda and pharmacy,False,International Journal of Research in Ayurveda and Pharmacy,2229-3566,2017-02-23,1677-09-22,Suspected editorial misconduct by publisher,DOAJ,,interesting reason
international journal of research in chemistry and environment,False,International Journal of Research in Chemistry and Environment,2248-9649,2016-10-06,1677-09-22,Journal not adhering to Best practice,DOAJ,,interesting reason
international journal of research in computer applications and robotics,False,International Journal of Research in Computer Applications and Robotics,2320-7345,2015-05-26,1677-09-22,Journal not adhering to Best Practice,DOAJ,,interesting reason
international journal of research in computer science,False,International Journal of Research In Computer Science,2249-8265,2016-10-22,1677-09-22,Journal not adhering to Best practice,DOAJ,,interesting reason
international journal of research in engineering and advanced technology,False,International Journal of Research in Engineering and Advanced Technology,2320-8791,2015-11-19,1677-09-22,Journal not adhering to Best practice,DOAJ,,interesting reason
"international journal of research in management, science & technology",False,"International Journal of Research in Management, Science & Technology",2321-3264,2017-06-22,1677-09-22,Journal not adhering to Best Practice,DOAJ,,interesting reason
international journal of research in medical sciences,False,International Journal of Research in Medical Sciences,2320-6071,2017-02-23,1677-09-22,Suspected editorial misconduct by publisher,DOAJ,,interesting reason
international journal of research in pharmaceutical and nano sciences,False,International Journal of Research in Pharmaceutical and Nano Sciences,2319-9563,2017-07-10,1677-09-22,Suspected editorial misconduct by publisher,DOAJ,,interesting reason
international journal of research studies in education,False,International Journal of Research Studies in Education,2243-7703,2017-04-26,1677-09-22,Suspected editorial misconduct by publisher,DOAJ,,interesting reason
international journal of research studies in language learning,False,International Journal of Research Studies in Language Learning,2243-7754,2017-04-26,1677-09-22,Suspected editorial misconduct by publisher,DOAJ,,interesting reason
international journal of research studies in management,False,International Journal of Research Studies in Management,2243-7770,2017-04-26,1677-09-22,Suspected editorial misconduct by publisher,DOAJ,,interesting reason
international journal of safety and security in tourism and hospitality,False,International Journal of Safety and Security in Tourism and Hospitality,2250-5105,2016-12-20,1677-09-22,Journal not adhering to Best practice,DOAJ,,interesting reason
"international journal of science, environment and technology",False,"International Journal of Science, Environment and Technology",2277-663X,2015-05-26,1677-09-22,Journal not adhering to Best Practice,DOAJ,,interesting reason
international journal of sciences: basic and applied research,False,International Journal of Sciences: Basic and Applied Research,2307-4531,2017-07-07,1677-09-22,Suspected editorial misconduct by publisher,DOAJ,,interesting reason
international journal of scientific & technology research,False,International Journal of Scientific & Technology Research,2277-8616,2018-08-13,1677-09-22,Suspected editorial misconduct by publisher,DOAJ,,interesting reason
international journal of scientific engineering and technology,False,International Journal of Scientific Engineering and Technology,2277-1581,2015-11-19,1677-09-22,Journal not adhering to Best practice,DOAJ,,interesting reason
international journal of scientific research engineering & technology (ijsret),False,International Journal of Scientific Research Engineering & Technology (IJSRET),2278-0882,2015-10-09,1677-09-22,Journal not adhering to Best practice,DOAJ,,interesting reason
international journal of scientific study,False,International Journal of Scientific Study,2321-6379,2017-06-24,1677-09-22,Journal not adhering to Best Practice,DOAJ,,interesting reason
international journal of security,False,International Journal of Security,1985-2320,2016-10-10,1677-09-22,Journal not adhering to Best practice,DOAJ,,interesting reason
international journal of security and its applications,False,International Journal of Security and Its Applications,1738-9976,2017-05-10,1677-09-22,Suspected editorial misconduct by publisher,DOAJ,,interesting reason
"international journal of signal processing, image processing and pattern recognition",False,"International Journal of Signal Processing, Image Processing and Pattern Recognition",2005-4254,2017-05-10,1677-09-22,Suspected editorial misconduct by publisher,DOAJ,,interesting reason
international journal of smart home,False,International Journal of Smart Home,1975-4094,2017-05-10,1677-09-22,Suspected editorial misconduct by publisher,DOAJ,,interesting reason
international journal of social science and humanity,False,International Journal of Social Science and Humanity,2010-3646,2016-02-10,1677-09-22,Suspected editorial misconduct by publisher,DOAJ,,interesting reason
international journal of social science studies,False,International Journal of Social Science Studies,"2324-8033, 2324-8041",2015-09-11,1677-09-22,Suspected editorial misconduct by publisher,DOAJ,,interesting reason
international journal of software engineering and its applications,False,International Journal of Software Engineering and Its Applications,1738-9984,2017-05-10,1677-09-22,Suspected editorial misconduct by publisher,DOAJ,,interesting reason
"international journal of sport management, recreation & tourism",False,"International Journal of Sport Management, Recreation & Tourism",1791-874X,2017-05-31,1677-09-22,Journal not adhering to Best Practice,DOAJ,,interesting reason
international journal of statistics and probability,False,International Journal of Statistics and Probability,"1927-7032, 1927-7040",2015-09-11,1677-09-22,Suspected editorial misconduct by publisher,DOAJ,,interesting reason
international journal of supply chain management,False,International Journal of Supply Chain Management,2050-7399,2016-12-20,1677-09-22,Journal not adhering to Best practice,DOAJ,,interesting reason
international journal of surgery case reports,False,International Journal of Surgery Case Reports,2210-2612,2018-06-01,1677-09-22,Suspected editorial misconduct by publisher,DOAJ,,interesting reason
international journal of surgery open,False,International Journal of Surgery Open,2405-8572,2018-06-01,1677-09-22,Suspected editorial misconduct by publisher,DOAJ,,interesting reason
international journal of surgery protocols,False,International Journal of Surgery Protocols,2468-3574,2018-06-01,1677-09-22,Suspected editorial misconduct by publisher,DOAJ,,interesting reason
international journal of sustainability science and studies,False,International Journal of Sustainability Science and Studies,2036-7929,2016-11-05,1677-09-22,Journal not adhering to Best practice,DOAJ,,interesting reason
international journal of sustainable construction engineering and technology,False,International Journal of Sustainable Construction Engineering and Technology,2180-3242,2017-06-16,1677-09-22,Journal not adhering to Best Practice,DOAJ,,interesting reason
international journal of teaching and learning in higher education,False,International Journal of Teaching and Learning in Higher Education,1812-9129,2016-12-08,1677-09-22,Journal not adhering to Best practice,DOAJ,,interesting reason
international journal of technology and research,False,International Journal of Technology and Research,2307-4892,2017-06-01,1677-09-22,Journal not adhering to Best Practice,DOAJ,,interesting reason
international journal of thermodynamics,False,International Journal of Thermodynamics,1301-9724,2017-02-19,1677-09-22,Journal not adhering to Best practice,DOAJ,,interesting reason
"international journal of trade, economics and finance",False,"International Journal of Trade, Economics and Finance",2010-023X,2016-02-10,1677-09-22,Suspected editorial misconduct by publisher,DOAJ,,interesting reason
"international journal of u- and e- service, science and technology",False,"International Journal of u- and e- Service, Science and Technology",2005-4246,2017-05-10,1677-09-22,Suspected editorial misconduct by publisher,DOAJ,,interesting reason
international journal of wireless and microwave technologies,False,International Journal of Wireless and Microwave Technologies,2076-1449,2017-02-20,1677-09-22,Journal not adhering to Best practice,DOAJ,,interesting reason
international journal of women's health and reproduction sciences,False,International Journal of Women's Health and Reproduction Sciences,2330-4456,2016-04-06,1677-09-22,Journal not adhering to Best practice,DOAJ,,interesting reason
international journal of zakat,False,International Journal of Zakat,2541-1411,2020-06-18,1677-09-22,Journal not adhering to best practice,DOAJ,,interesting reason
international journal of zoological research,False,International Journal of Zoological Research,1811-9786,2017-10-17,1677-09-22,Suspected editorial misconduct by publisher,DOAJ,,interesting reason
"international journal on advanced science, engineering and information technology",False,"International Journal on Advanced Science, Engineering and Information Technology",2088-5334,2017-10-17,1677-09-22,Journal not adhering to Best Practice,DOAJ,,interesting reason
international journal on computer science and engineering,False,International Journal on Computer Science and Engineering,0975-3397,2017-01-17,1677-09-22,Suspected editorial misconduct by publisher,DOAJ,,interesting reason
international journal on emerging mathematics education,False,International Journal on Emerging Mathematics Education,2549-4996,2019-05-06,1677-09-22,Journal not adhering to Best practice,DOAJ,,interesting reason
international journal on research and development : a management review,False,International Journal on Research and Development : A Management Review,2319-5479,2016-05-12,1677-09-22,Journal not adhering to Best practice,DOAJ,,interesting reason
international journal on theoretical and applied research in mechanical engineering,False,International Journal on Theoretical and Applied Research in Mechanical Engineering,2319-3182,2017-05-16,1677-09-22,Suspected editorial misconduct by publisher,DOAJ,,interesting reason
"international letters of chemistry, physics and astronomy",False,"International Letters of Chemistry, Physics and Astronomy",2299-3843,2016-12-20,1677-09-22,Journal not adhering to Best practice,DOAJ,,interesting reason
international letters of social and humanistic sciences,False,International Letters of Social and Humanistic Sciences,2300-2697,2016-12-20,1677-09-22,Journal not adhering to Best practice,DOAJ,,interesting reason
international mathematical forum,False,International Mathematical Forum,1312-7594,2015-04-02,1677-09-22,Journal not adhering to Best Practice,DOAJ,,interesting reason
international ngo journal,False,International NGO Journal,1993-8225,2016-09-06,1677-09-22,Suspected editorial misconduct by publisher,DOAJ,,interesting reason
international online journal of educational sciences,False,International Online Journal of Educational Sciences,1309-2707,2015-11-24,1677-09-22,Journal not adhering to Best practice,DOAJ,,interesting reason
international political anthropology,False,International Political Anthropology,2283-9887,2016-04-21,1677-09-22,Journal not adhering to Best practice,DOAJ,,interesting reason
international proceedings of economics development and research,False,International Proceedings of Economics Development and Research,2010-4626,2016-02-10,1677-09-22,Suspected editorial misconduct by publisher,DOAJ,,interesting reason
international relations,False,International Relations,2454-0641,2019-09-17,1677-09-22,Suspected editorial misconduct by publisher,DOAJ,,interesting reason
international research in education,False,International Research in Education,2327-5499,2015-09-11,1677-09-22,Suspected editorial misconduct by publisher,DOAJ,,interesting reason
international research journal of applied finance,False,International Research Journal of Applied Finance,2229-6891,2016-04-06,1677-09-22,Journal not adhering to Best practice,DOAJ,,interesting reason
international research journal of chemistry,False,International Research Journal of Chemistry,2321-2845,2016-10-06,1677-09-22,Journal not adhering to Best practice,DOAJ,,interesting reason
international research journal of pharmacy,False,International Research Journal of Pharmacy,2230-8407,2017-02-23,1677-09-22,Suspected editorial misconduct by publisher,DOAJ,,interesting reason
international research: journal of library and information science,False,International Research: Journal of Library and Information Science,2249-0213,2016-10-09,1677-09-22,Journal not adhering to Best practice,DOAJ,,interesting reason
international researchscape journal,False,International ResearchScape Journal,2372-1774,2020-09-01,1677-09-22,Journal not adhering to best practice,DOAJ,,interesting reason
international review of management and business research,False,International Review of Management and Business Research,2306-9007,2016-10-18,1677-09-22,Journal not adhering to Best practice,DOAJ,,interesting reason
international socialism,False,International Socialism,0020-8736,2015-05-26,1677-09-22,Journal not adhering to Best Practice,DOAJ,,interesting reason
internet journal of medical update,False,Internet Journal of Medical Update,1694-0423,2019-08-23,1677-09-22,Suspected editorial misconduct by publisher,DOAJ,,interesting reason
internet journal of rheumatology and clinical immunology,False,Internet Journal of Rheumatology and Clinical Immunology,2320-7221,2017-03-22,1677-09-22,Suspected editorial misconduct by publisher,DOAJ,,interesting reason
internet-vestnik volggasu,False,Internet-Vestnik VolgGASU,1994-0351,2016-12-18,1677-09-22,Journal not adhering to Best practice,DOAJ,,interesting reason
internext: revista eletrônica de negócios internacionais da espm,False,InternexT: Revista Eletrônica de Negócios Internacionais da ESPM,1980-4865,2017-03-31,1677-09-22,Journal not adhering to Best practice,DOAJ,,interesting reason
interscientific health care,False,Interscientific Health Care,1791-9649,2017-07-14,1677-09-22,Journal not adhering to Best Practice,DOAJ,,interesting reason
"intersectionalities: a global journal of social work analysis, research, polity and practice",False,"Intersectionalities: A Global Journal of Social Work Analysis, Research, Polity and Practice",1925-1270,2016-12-23,1677-09-22,Journal not adhering to Best practice,DOAJ,,interesting reason
intizar,False,Intizar,1412-1697,2022-03-09,1677-09-22,Journal not adhering to Best practice,DOAJ,,interesting reason
investigación bibliotecológica,False,Investigación Bibliotecológica,0187-358X,2017-06-23,1677-09-22,Journal not adhering to Best Practice,DOAJ,,interesting reason
investigación económica,False,Investigación Económica,0185-1667,2017-04-20,1677-09-22,Journal not adhering to Best practice,DOAJ,,interesting reason
investment management and financial innovations,False,Investment Management and Financial Innovations,1810-4967,2017-10-24,1677-09-22,Suspected editorial misconduct by publisher,DOAJ,,interesting reason
invet,False,InVet,1514-6634,2017-08-29,1677-09-22,Journal not adhering to Best Practice,DOAJ,,interesting reason
iop conference series : earth and environmental science,False,IOP Conference Series : Earth and Environmental Science,1755-1315,2017-02-20,1677-09-22,Journal not adhering to Best practice,DOAJ,,interesting reason
iop conference series: materials science and engineering,False,IOP Conference Series: Materials Science and Engineering,1757-899X,2017-03-28,1677-09-22,Journal not adhering to Best practice,DOAJ,,interesting reason
iranian journal of child neurology,False,Iranian Journal of Child Neurology,2008-0700,2017-06-27,1677-09-22,Journal not adhering to Best Practice,DOAJ,,interesting reason
iranian journal of health and environment,False,Iranian Journal of Health and Environment,2008-2029,2017-02-20,1677-09-22,Journal not adhering to Best practice,DOAJ,,interesting reason
iranian journal of infectious diseases and tropical medicine,False,Iranian Journal of Infectious Diseases and Tropical Medicine,1680-0192,2017-10-17,1677-09-22,Journal not adhering to Best Practice,DOAJ,,interesting reason
iranian journal of medical hypotheses & ideas,False,Iranian Journal of Medical Hypotheses & Ideas,1735-9104,2017-07-18,1677-09-22,Journal not adhering to Best Practice,DOAJ,,interesting reason
iranian journal of neurology,False,Iranian Journal of Neurology,2008-384X,2017-03-25,1677-09-22,Journal not adhering to Best practice,DOAJ,,interesting reason
iranian journal of nuclear medicine,False,Iranian Journal of Nuclear Medicine,1681-2824,2015-09-28,1677-09-22,Journal not adhering to Best practice,DOAJ,,interesting reason
iranian journal of pediatrics,False,Iranian Journal of Pediatrics,2008-2150,2017-03-01,1677-09-22,Suspected editorial misconduct by publisher,DOAJ,,interesting reason
iranian journal of radiology,False,Iranian Journal of Radiology,2008-2711,2017-03-01,1677-09-22,Suspected editorial misconduct by publisher,DOAJ,,interesting reason
iranica journal of energy and environment (ijee),False,Iranica Journal of Energy and Environment (IJEE),2079-2123,2016-11-01,1677-09-22,"no licensing, ",DOAJ,,interesting reason
iraqi journal for electrical and electronic engineering,False,Iraqi Journal for Electrical and Electronic Engineering,2078-6069,2017-02-17,1677-09-22,Journal not adhering to Best practice,DOAJ,,interesting reason
iraqi national journal of chemistry,False,Iraqi national journal of chemistry,2223-6686,2018-12-06,1677-09-22,Suspected editorial misconduct by publisher,DOAJ,,interesting reason
irish journal of agricultural and food research,False,Irish Journal of Agricultural and Food Research,2009-9029,2022-04-26,1677-09-22,Journal not adhering to Best practice,DOAJ,,interesting reason
islamic lifestyle centered on health,False,Islamic Lifestyle Centered on Health,2322-2174,2017-03-01,1677-09-22,Suspected editorial misconduct by publisher,DOAJ,,interesting reason
islamica: jurnal studi keislaman,False,Islamica: Jurnal Studi Keislaman,2356-2218,2021-10-25,1677-09-22,Journal not adhering to Best practice,DOAJ,,interesting reason
isrn biochemistry,False,ISRN Biochemistry,2090-7729,2017-07-04,1677-09-22,ISSN not registered,DOAJ,,interesting reason
isrn optics,False,ISRN Optics,2090-7826,2017-07-12,1677-09-22,ISSN not registered,DOAJ,,interesting reason
istanbul gelisim university journal of social sciences,False,Istanbul Gelisim University Journal of Social Sciences,2148-4287,2020-02-10,1677-09-22,Journal not adhering to Best practice,DOAJ,,interesting reason
istraživanja,False,Istraživanja,0350-2112,2016-09-25,1677-09-22,No OA or licence info,DOAJ,,interesting reason
italian journal of engineering geology and environment,False,Italian Journal of Engineering Geology and Environment,2035-5688,2017-01-06,1677-09-22,no OA statement,DOAJ,,interesting reason
itinerarius reflectionis,False,Itinerarius Reflectionis,1679-2009,2021-03-05,1677-09-22,Journal not adhering to Best practice,DOAJ,,interesting reason
iucn otter specialist group bulletin,False,IUCN Otter Specialist Group Bulletin,1023-9030,2017-03-10,1677-09-22,Journal not adhering to Best practice,DOAJ,,interesting reason
i̇ktisadi i̇dari ve siyasal araştırmalar dergisi,False,İktisadi İdari ve Siyasal Araştırmalar Dergisi,2564-7466,2021-04-01,1677-09-22,Journal not adhering to Best practice,DOAJ,,interesting reason
i̇lahiyat tetkikleri dergisi,False,İlahiyat Tetkikleri Dergisi,2458-7508,2022-03-02,1677-09-22,Journal not adhering to Best practice,DOAJ,,interesting reason
i̇nsan & toplum dergisi,False,İnsan & Toplum Dergisi,2146-7099,2017-02-20,1677-09-22,Journal not adhering to Best practice,DOAJ,,interesting reason
i̇ran çalışmaları dergisi,False,İran Çalışmaları Dergisi,2536-5029,2020-02-27,1677-09-22,Suspected editorial misconduct by publisher,DOAJ,,interesting reason
jacket2,False,Jacket2,2167-2326,2017-07-18,1677-09-22,Journal not adhering to Best Practice,DOAJ,,interesting reason
japanese journal of southeast asian studies,False,Japanese Journal of Southeast Asian Studies,0563-8682,2017-06-24,1677-09-22,Journal not adhering to Best Practice,DOAJ,,interesting reason
jentashapir journal of health research,False,Jentashapir Journal of Health Research,2345-4067,2019-10-04,1677-09-22,Suspected editorial misconduct by publisher,DOAJ,,interesting reason
jipf: jurnal ilmu pendidikan fisika,False,JIPF: Jurnal Ilmu Pendidikan Fisika,2477-5959,2019-08-12,1677-09-22,Suspected editorial misconduct by publisher,DOAJ,,interesting reason
jk science: journal of medical education & research,False,JK Science: Journal of Medical Education & Research,0972-1177,2016-11-30,1677-09-22,Journal not adhering to Best practice,DOAJ,,interesting reason
jmmr (jurnal medicoeticolegal dan manajemen rumah sakit),False,JMMR (Jurnal Medicoeticolegal dan Manajemen Rumah Sakit),2088-2831,2021-11-05,1677-09-22,Journal not adhering to Best practice,DOAJ,,interesting reason
jop journal of the pancreas,False,JOP Journal of the Pancreas,1590-8577,2016-12-30,1677-09-22,Suspected editorial misconduct by publisher,DOAJ,,interesting reason
jordan journal of biological sciences,False,Jordan Journal of Biological Sciences,1995-6673,2017-07-20,1677-09-22,Journal not adhering to Best Practice,DOAJ,,interesting reason
journal for communication and culture,False,Journal for Communication and Culture,2247-4404,2017-06-24,1677-09-22,Journal not adhering to Best Practice,DOAJ,,interesting reason
journal for the study of postsecondary and tertiary education,False,Journal for the Study of Postsecondary and Tertiary Education,2378-5497,2018-11-20,1677-09-22,Suspected editorial misconduct by publisher,DOAJ,,interesting reason
journal für gastroenterologische und hepatologische erkrankungen,False,Journal für Gastroenterologische und Hepatologische Erkrankungen,1728-6263,2017-04-12,1677-09-22,Journal not adhering to Best practice,DOAJ,,interesting reason
journal für hypertonie,False,Journal für Hypertonie,1028-2327,2017-04-12,1677-09-22,Journal not adhering to Best practice,DOAJ,,interesting reason
journal für kardiologie,False,Journal für Kardiologie,1024-0098,2017-04-12,1677-09-22,Journal not adhering to Best practice,DOAJ,,interesting reason
"journal für neurologie, neurochirurgie und psychiatrie",False,"Journal für Neurologie, Neurochirurgie und Psychiatrie",1608-1587,2017-04-12,1677-09-22,Journal not adhering to Best practice,DOAJ,,interesting reason
journal für psychoanalyse,False,Journal für Psychoanalyse,2297-878X,2021-05-12,1677-09-22,Journal not adhering to Best practice,DOAJ,,interesting reason
journal für reproduktionsmedizin und endokrinologie,False,Journal für Reproduktionsmedizin und Endokrinologie,1810-2107,2017-04-12,1677-09-22,Journal not adhering to Best practice,DOAJ,,interesting reason
journal kedokteran indonesia,False,Journal Kedokteran Indonesia,2338-6037,2021-11-08,1677-09-22,Journal not adhering to Best practice,DOAJ,,interesting reason
journal keteknikan pertanian,False,Journal Keteknikan Pertanian,2338-8439,2021-08-26,1677-09-22,Journal not adhering to Best practice,DOAJ,,interesting reason
journal la sociale,False,Journal La Sociale,2721-0847,2021-01-13,1677-09-22,Journal not adhering to best practice,DOAJ,,interesting reason
journal of abstract and computational mathematics,False,Journal of Abstract and Computational Mathematics,2149-7168,2022-04-04,1677-09-22,Suspected editorial misconduct by publisher,DOAJ,,interesting reason
journal of academia and industrial research,False,Journal of Academia and Industrial Research,2278-5213,2017-04-26,1677-09-22,Suspected editorial misconduct by publisher,DOAJ,,interesting reason
journal of academic and applied studies,False,Journal of Academic and Applied Studies,1925-931X,2016-11-27,1677-09-22,Journal not adhering to Best practice,DOAJ,,interesting reason
journal of academic social science studies,False,Journal of Academic Social Science Studies,2148-4163,2022-02-18,1677-09-22,Suspected editorial misconduct by publisher,DOAJ,,interesting reason
journal of advanced computer science & technology,False,Journal of Advanced Computer Science & Technology,2227-4332,2016-10-06,1677-09-22,Journal not adhering to Best practice,DOAJ,,interesting reason
journal of advances in computer networks,False,Journal of Advances in Computer Networks,1793-8244,2016-02-10,1677-09-22,Suspected editorial misconduct by publisher,DOAJ,,interesting reason
journal of agricultural science,False,Journal of Agricultural Science,"1916-9752, 1916-9760",2015-09-11,1677-09-22,Suspected editorial misconduct by publisher,DOAJ,,interesting reason
journal of agriculture and food sciences,False,Journal of Agriculture and Food Sciences,2026-5204,2021-11-09,1677-09-22,Suspected editorial misconduct by publisher,DOAJ,,interesting reason
journal of agronomy,False,Journal of Agronomy,1812-5379,2015-02-28,1677-09-22,Journal not adhering to Best practice,DOAJ,,interesting reason
journal of alternative perspectives in the social sciences,False,Journal of Alternative Perspectives in the Social Sciences,1944-1088,2016-05-12,1677-09-22,Journal not adhering to Best practice,DOAJ,,interesting reason
journal of american physicians and surgeons,False,Journal of American Physicians and Surgeons,1543-4826,2016-04-06,1677-09-22,Journal not adhering to Best practice,DOAJ,,interesting reason
"journal of analytical sciences, methods and instrumentation",False,"Journal of Analytical Sciences, Methods and Instrumentation"," 2164-2745, 2164-2753",2015-06-26,1677-09-22,Suspected editorial misconduct by publisher,DOAJ,,interesting reason
journal of animal and plant sciences,False,Journal of Animal and Plant Sciences,2071-7024,2021-04-26,1677-09-22,Suspected editorial misconduct by publisher,DOAJ,,interesting reason
journal of animal and poultry sciences,False,Journal of Animal and Poultry Sciences,2147-9267,2017-10-17,1677-09-22,Suspected editorial misconduct by publisher,DOAJ,,interesting reason
journal of animal behaviour and biometeorology,False,Journal of Animal Behaviour and Biometeorology,2318-1265,2017-07-04,1677-09-22,Journal not adhering to Best Practice,DOAJ,,interesting reason
journal of applicable chemistry,False,Journal of Applicable Chemistry,2278-1862,2017-05-24,1677-09-22,Journal not adhering to Best Practice,DOAJ,,interesting reason
journal of applied biosciences,False,Journal of Applied Biosciences,1997-5902,2021-04-26,1677-09-22,Suspected editorial misconduct by publisher,DOAJ,,interesting reason
journal of applied biotechnology,False,Journal of Applied Biotechnology,2327-0640,2015-09-11,1677-09-22,Suspected editorial misconduct by publisher,DOAJ,,interesting reason
journal of applied economics and business research,False,Journal of Applied Economics and Business Research,1927-033X,2017-02-20,1677-09-22,Journal not adhering to Best practice,DOAJ,,interesting reason
journal of applied intelligent system,False,Journal of Applied Intelligent System,2502-9401,2019-04-01,1677-09-22,Suspected editorial misconduct by publisher,DOAJ,,interesting reason
journal of applied sociology,False,Journal of Applied Sociology,2322-343X,2017-06-01,1677-09-22,Journal not adhering to Best Practice,DOAJ,,interesting reason
journal of archives in military medicine,False,Journal of Archives in Military Medicine,2345-5063,2017-03-01,1677-09-22,Suspected editorial misconduct by publisher,DOAJ,,interesting reason
journal of aridland agriculture,False,Journal of Aridland Agriculture,2455-9377,2019-08-12,1677-09-22,Suspected editorial misconduct by publisher,DOAJ,,interesting reason
journal of arts and humanities,False,Journal of Arts and Humanities,2167-9053,2021-04-15,1677-09-22,Suspected editorial misconduct by publisher,DOAJ,,interesting reason
"journal of arts, literature, humanities and social sciences",False,"Journal of Arts, Literature, Humanities and Social Sciences",2414-3383,2021-11-04,1677-09-22,Journal not adhering to Best practice,DOAJ,,interesting reason
journal of asia pacific studies,False,Journal of Asia Pacific Studies,1948-0091,2017-03-25,1677-09-22,Journal not adhering to Best practice,DOAJ,,interesting reason
journal of astrophysics and astronomy,False,Journal of Astrophysics and Astronomy,0250-6335,2017-07-07,1677-09-22,Journal not adhering to Best Practice,DOAJ,,interesting reason
journal of atherosclerosis and thrombosis,False,Journal of Atherosclerosis and Thrombosis,1340-3478,2017-06-24,1677-09-22,Journal not adhering to Best Practice,DOAJ,,interesting reason
journal of atrial fibrillation,False,Journal of Atrial Fibrillation,1809-6867,2016-09-30,1677-09-22,Journal not adhering to Best practice,DOAJ,,interesting reason
"journal of auditing, finance and forensic accounting",False,"Journal of Auditing, Finance and Forensic Accounting",2339-2886,2019-08-16,1677-09-22,Journal not adhering to Best practice,DOAJ,,interesting reason
journal of automatic control,False,Journal of Automatic Control,1450-9903,2016-12-19,1677-09-22,no licence,DOAJ,,interesting reason
"journal of automation, mobile robotics & intelligent systems",False,"Journal of Automation, Mobile Robotics & Intelligent Systems",1897-8649,2017-07-18,1677-09-22,Journal not adhering to Best Practice,DOAJ,,interesting reason
journal of ayurveda and holistic medicine,False,Journal of Ayurveda and Holistic Medicine,2321-1563,2017-05-19,1677-09-22,Journal not adhering to Best Practice,DOAJ,,interesting reason
journal of baltic science education,False,Journal of Baltic Science Education,1648-3898,2019-01-28,1677-09-22,Suspected editorial misconduct by publisher,DOAJ,,interesting reason
journal of behavioral and brain science,False,Journal of Behavioral and Brain Science," 2160-5866, 2160-5874",2015-06-26,1677-09-22,Suspected editorial misconduct by publisher,DOAJ,,interesting reason
journal of bengali studies,False,Journal of Bengali Studies,2277-9426,2018-12-14,1677-09-22,Journal not adhering to Best practice,DOAJ,,interesting reason
journal of biochemical technology,False,Journal of Biochemical Technology,0974-2328,2017-07-25,1677-09-22,Journal not adhering to Best Practice,DOAJ,,interesting reason
journal of biological methods,False,Journal of Biological Methods,2326-9901,2021-03-02,1677-09-22,Journal not adhering to Best practice,DOAJ,,interesting reason
journal of biomaterials and nanobiotechnology,False,Journal of Biomaterials and Nanobiotechnology," 2158-7027, 2158-7043",2015-06-26,1677-09-22,Suspected editorial misconduct by publisher,DOAJ,,interesting reason
journal of biomedical and pharmaceutical research,False,Journal of Biomedical and Pharmaceutical Research,2279-0594,2017-07-03,1677-09-22,Suspected editorial misconduct by publisher,DOAJ,,interesting reason
journal of biomedical science and engineering,False,Journal of Biomedical Science and Engineering," 1937-6871, 1937-688X",2015-06-26,1677-09-22,Suspected editorial misconduct by publisher,DOAJ,,interesting reason
journal of biophysical chemistry,False,Journal of Biophysical Chemistry," 2153-036X, 2153-0378",2015-06-26,1677-09-22,Suspected editorial misconduct by publisher,DOAJ,,interesting reason
journal of biosciences,False,Journal of Biosciences,0250-5991,2017-07-07,1677-09-22,Journal not adhering to Best Practice,DOAJ,,interesting reason
journal of blindness innovation and research,False,Journal of Blindness Innovation and Research,2155-2894,2017-06-24,1677-09-22,Journal not adhering to Best Practice,DOAJ,,interesting reason
journal of business,False,Journal of Business,2078-9424,2022-05-04,1677-09-22,Journal not adhering to Best practice,DOAJ,,interesting reason
journal of cancer research & therapy,False,Journal of Cancer Research & Therapy,2052-4994,2019-04-10,1677-09-22,Suspected editorial misconduct by publisher,DOAJ,,interesting reason
journal of cancer therapy,False,Journal of Cancer Therapy," 2151-1934, 2151-1942",2015-06-26,1677-09-22,Suspected editorial misconduct by publisher,DOAJ,,interesting reason
journal of case reports,False,Journal of Case Reports,2231-6809,2017-04-11,1677-09-22,Journal not adhering to Best practice,DOAJ,,interesting reason
journal of cave and karst studies,False,Journal of Cave and Karst Studies,1090-6924,2017-02-07,1677-09-22,Journal not adhering to Best practice,DOAJ,,interesting reason
journal of chiropractic education,False,Journal of Chiropractic Education,1042-5055,2017-09-11,1677-09-22,Journal not adhering to Best Practice,DOAJ,,interesting reason
journal of clean energy technologies,False,Journal of Clean Energy Technologies,1793-821X,2016-02-10,1677-09-22,Suspected editorial misconduct by publisher,DOAJ,,interesting reason
journal of clinical and experimental investigations,False,Journal of Clinical and Experimental Investigations,1309-6621,2022-05-12,1677-09-22,Suspected editorial misconduct by publisher,DOAJ,,interesting reason
journal of clinical gynecology and obstetrics,False,Journal of Clinical Gynecology and Obstetrics,1927-1271,2017-06-13,1677-09-22,Suspected editorial misconduct by publisher,DOAJ,,interesting reason
journal of clinical imaging science,False,Journal of Clinical Imaging Science,2156-5597,2019-04-01,1677-09-22,Suspected editorial misconduct by publisher,DOAJ,,interesting reason
journal of clinical medicine research,False,Journal of Clinical Medicine Research,1918-3003,2017-06-13,1677-09-22,Suspected editorial misconduct by publisher,DOAJ,,interesting reason
journal of college of basic education,False,Journal of College of Basic Education,2312-8003,2017-12-15,1677-09-22,Journal not adhering to Best practice,DOAJ,,interesting reason
journal of comprehensive pediatrics,False,Journal of Comprehensive Pediatrics,2251-8177,2019-10-04,1677-09-22,Suspected editorial misconduct by publisher,DOAJ,,interesting reason
journal of computer and education research,False,Journal of Computer and Education Research,2148-2896,2022-05-20,1677-09-22,Suspected editorial misconduct by publisher,DOAJ,,interesting reason
journal of computer science,False,Journal of Computer Science,1549-3636,2017-03-22,1677-09-22,Suspected editorial misconduct by publisher,DOAJ,,interesting reason
journal of computer science and control systems,False,Journal of Computer Science and Control Systems,1844-6043,2017-06-24,1677-09-22,Journal not adhering to Best Practice,DOAJ,,interesting reason
journal of computing,False,Journal of Computing,2151-9617,2016-11-28,1677-09-22,Journal not adhering to Best practice,DOAJ,,interesting reason
journal of conflict transformation & security,False,Journal of Conflict Transformation & Security,2045-1903,2017-04-04,1677-09-22,Journal not adhering to Best practice,DOAJ,,interesting reason
journal of conservative dentistry,False,Journal of Conservative Dentistry,0974-5203,2017-09-01,1677-09-22,Journal not adhering to Best Practice,DOAJ,,interesting reason
"journal of cosmetics, dermatological sciences and applications",False,"Journal of Cosmetics, Dermatological Sciences and Applications"," 2161-4105, 2161-4512",2015-06-26,1677-09-22,Suspected editorial misconduct by publisher,DOAJ,,interesting reason
journal of cotton science,False,Journal of Cotton Science,1523-6919,2017-07-12,1677-09-22,Journal not adhering to Best Practice,DOAJ,,interesting reason
journal of crystallization process and technology,False,Journal of Crystallization Process and Technology,"2161-7678, 2161-7686",2015-06-26,1677-09-22,Suspected editorial misconduct by publisher,DOAJ,,interesting reason
journal of current surgery,False,Journal of Current Surgery,1927-1298,2017-06-13,1677-09-22,Suspected editorial misconduct by publisher,DOAJ,,interesting reason
journal of curriculum and instruction,False,Journal of Curriculum and Instruction,1937-3929,2016-10-12,1677-09-22,Journal not adhering to Best practice,DOAJ,,interesting reason
journal of curriculum theorizing,False,Journal of Curriculum Theorizing,1942-2563,2017-01-24,1677-09-22,Journal not adhering to Best practice,DOAJ,,interesting reason
journal of dentomaxillofacial science,False,Journal of Dentomaxillofacial Science,2503-0825,2022-03-16,1677-09-22,Journal not adhering to Best practice,DOAJ,,interesting reason
journal of diabetes mellitus,False,Journal of Diabetes Mellitus," 2160-5831, 2160-5858",2015-06-26,1677-09-22,Suspected editorial misconduct by publisher,DOAJ,,interesting reason
journal of earth system science,False,Journal of Earth System Science,0973-774X,2017-07-07,1677-09-22,Journal not adhering to Best Practice,DOAJ,,interesting reason
journal of ecobiotechnology,False,Journal of Ecobiotechnology,2077-0464,2019-08-12,1677-09-22,Suspected editorial misconduct by publisher,DOAJ,,interesting reason
journal of economic & financial studies,False,Journal of Economic & Financial Studies,2379-9463,2017-12-07,1677-09-22,Suspected editorial misconduct by publisher,DOAJ,,interesting reason
journal of economics and political economy,False,Journal of Economics and Political Economy,2148-8347,2017-04-26,1677-09-22,Suspected editorial misconduct by publisher,DOAJ,,interesting reason
"journal of economics, business and management",False,"Journal of Economics, Business and Management",2301-3567,2016-02-10,1677-09-22,Suspected editorial misconduct by publisher,DOAJ,,interesting reason
journal of education and entrepreneurship,False,Journal of Education and Entrepreneurship,2636-4778,2019-06-26,1677-09-22,Suspected editorial misconduct by publisher,DOAJ,,interesting reason
journal of education and learning,False,Journal of Education and Learning,2302-9277,2018-08-13,1677-09-22,Journal not adhering to Best practice,DOAJ,,interesting reason
journal of education and training studies,False,Journal of Education and Training Studies,"2324-805X, 2324-8068",2015-09-11,1677-09-22,Suspected editorial misconduct by publisher,DOAJ,,interesting reason
journal of education faculty,False,Journal of Education Faculty,1302-9312,2017-06-24,1677-09-22,Journal not adhering to Best Practice,DOAJ,,interesting reason
"journal of education policy, planning and administration",False,"Journal of Education Policy, Planning and Administration",2152-2804,2017-03-25,1677-09-22,Journal not adhering to Best practice,DOAJ,,interesting reason
journal of education research and evaluation,False,Journal of Education Research and Evaluation,2597-422X,2018-08-27,1677-09-22,Suspected editorial misconduct by publisher,DOAJ,,interesting reason
"journal of education, humaniora and social sciences (jehss)",False,"Journal of Education, Humaniora and Social Sciences (JEHSS)",2622-3740,2020-11-23,1677-09-22,Journal not adhering to best practice,DOAJ,,interesting reason
journal of educational and developmental psychology,False,Journal of Educational and Developmental Psychology,"1927-0526, 1927-0534",2015-09-11,1677-09-22,Suspected editorial misconduct by publisher,DOAJ,,interesting reason
journal of educational media & library sciences,False,Journal of Educational Media & Library Sciences,1013-090X,2021-03-16,1677-09-22,Journal not adhering to Best practice,DOAJ,,interesting reason
journal of educational research,False,Journal of Educational Research,2309-8554,2017-12-15,1677-09-22,Journal not adhering to Best practice,DOAJ,,interesting reason
"journal of educational, health and community psychology",False,"Journal of Educational, Health and Community Psychology",2088-3129,2019-04-30,1677-09-22,Suspected editorial misconduct by publisher,DOAJ,,interesting reason
journal of electromagnetic analysis and applications,False,Journal of Electromagnetic Analysis and Applications," 1942-0730, 1942-0749",2015-06-26,1677-09-22,Suspected editorial misconduct by publisher,DOAJ,,interesting reason
journal of emerging trends in economics and management sciences,False,Journal of Emerging Trends in Economics and Management Sciences,2141-7024,2017-04-14,1677-09-22,Suspected editorial misconduct by publisher,DOAJ,,interesting reason
journal of encapsulation and adsorption sciences,False,Journal of Encapsulation and Adsorption Sciences," 2161-4865, 2161-4873",2015-06-26,1677-09-22,Suspected editorial misconduct by publisher,DOAJ,,interesting reason
journal of endocrinology and metabolism,False,Journal of Endocrinology and Metabolism,1923-2861,2017-06-13,1677-09-22,Suspected editorial misconduct by publisher,DOAJ,,interesting reason
journal of energy and power technology,False,Journal of Energy and Power Technology,2690-1692,2021-04-16,1677-09-22,Suspected editorial misconduct by publisher,DOAJ,,interesting reason
journal of engineering and technology,False,Journal of Engineering and Technology,2026-674X,2021-11-09,1677-09-22,Suspected editorial misconduct by publisher,DOAJ,,interesting reason
journal of engineering technology and applied sciences,False,Journal of Engineering Technology and Applied Sciences,2548-0391,2019-05-22,1677-09-22,Suspected editorial misconduct by publisher,DOAJ,,interesting reason
journal of english language teaching and linguistics,False,Journal of English Language Teaching and Linguistics,2503-1848,2017-01-09,1677-09-22,Suspected editorial misconduct by publisher,DOAJ,,interesting reason
journal of entomology and zoology studies,False,Journal of Entomology and Zoology Studies,2320-7078,2017-04-26,1677-09-22,Suspected editorial misconduct by publisher,DOAJ,,interesting reason
journal of environmental analysis and progress,False,Journal of Environmental Analysis and Progress,2525-815X,2020-06-29,1677-09-22,Journal not adhering to best practice,DOAJ,,interesting reason
journal of environmental hydrology,False,Journal of Environmental Hydrology,1058-3912,2017-09-05,1677-09-22,Journal not adhering to Best Practice,DOAJ,,interesting reason
journal of environmental protection,False,Journal of Environmental Protection," 2152-2197, 2152-2219",2015-06-26,1677-09-22,Suspected editorial misconduct by publisher,DOAJ,,interesting reason
journal of environmental science and water resources,False,Journal of Environmental Science and Water Resources,2277-0704,2017-07-03,1677-09-22,Suspected editorial misconduct by publisher,DOAJ,,interesting reason
"journal of environmental sciences, computer science and engineering & technology",False,"Journal of Environmental Sciences, Computer Science and Engineering & Technology",2278-179X,2017-02-10,1677-09-22,Journal not adhering to Best practice,DOAJ,,interesting reason
journal of evidence based medicine and healthcare,False,Journal of Evidence Based Medicine and Healthcare,2349-2570,2021-06-29,1677-09-22,Journal not adhering to Best practice,DOAJ,,interesting reason
journal of evolution and technology,False,Journal of Evolution and Technology,1541-0099,2017-06-24,1677-09-22,Journal not adhering to Best Practice,DOAJ,,interesting reason
journal of experimental and integrative medicine,False,Journal of Experimental and Integrative Medicine,1309-4572,2017-05-31,1677-09-22,Journal not adhering to Best Practice,DOAJ,,interesting reason
journal of experimental biology and agricultural sciences,False,Journal of Experimental Biology and Agricultural Sciences,2320-8694,2017-06-21,1677-09-22,Suspected editorial misconduct by publisher,DOAJ,,interesting reason
journal of extension,False,Journal of Extension,1077-5315,2016-11-11,1677-09-22,No open access licensing terms,DOAJ,,interesting reason
journal of family counseling and education,False,Journal of Family Counseling and Education,2548-1290,2022-05-05,1677-09-22,Journal not adhering to Best practice,DOAJ,,interesting reason
"journal of family, counseling and education",False,"Journal of Family, Counseling and Education",2548-1290,2022-04-21,1677-09-22,Journal not adhering to Best practice,DOAJ,,interesting reason
journal of fisheriessciences.com,False,Journal of FisheriesSciences.com,1307-234X,2017-02-24,1677-09-22,Suspected editorial misconduct by publisher,DOAJ,,interesting reason
journal of food and pharmaceutical sciences,False,Journal of Food and Pharmaceutical Sciences,2089-7200,2017-08-04,1677-09-22,Journal not adhering to Best Practice,DOAJ,,interesting reason
journal of food research,False,Journal of Food Research,"1927-0887, 1927-0895",2015-09-11,1677-09-22,Suspected editorial misconduct by publisher,DOAJ,,interesting reason
journal of forensic dental sciences,False,Journal of Forensic Dental Sciences,0975-2137,2017-09-05,1677-09-22,Journal not adhering to Best Practice,DOAJ,,interesting reason
journal of forensic research and crime studies,False,Journal of Forensic Research and Crime Studies,2374-7900,2020-11-18,1677-09-22,Suspected editorial misconduct by publisher,DOAJ,,interesting reason
journal of fractional calculus and applications,False,Journal of Fractional Calculus and Applications,2090-5858,2017-05-12,1677-09-22,Journal not adhering to Best practice,DOAJ,,interesting reason
journal of franco-irish studies,False,Journal of Franco-Irish Studies,2009-7395,2020-03-10,1677-09-22,Journal not adhering to best practice,DOAJ,,interesting reason
journal of genetics,False,Journal of Genetics,0022-1333,2017-07-07,1677-09-22,Journal not adhering to Best Practice,DOAJ,,interesting reason
journal of geographic information system,False,Journal of Geographic Information System," 2151-1950, 2151-1969",2015-06-26,1677-09-22,Suspected editorial misconduct by publisher,DOAJ,,interesting reason
journal of geography and geology,False,Journal of Geography and Geology,"1916-9779, 1916-9787",2015-09-11,1677-09-22,Suspected editorial misconduct by publisher,DOAJ,,interesting reason
journal of governance and regulation,False,Journal of Governance and Regulation,2306-6784,2018-10-16,1677-09-22,Suspected editorial misconduct by publisher,DOAJ,,interesting reason
journal of health science,False,Journal of Health Science,"2447-8938
",2020-04-15,1677-09-22,Journal not adhering to best practice,DOAJ,,interesting reason
journal of hematological malignancies,False,Journal of Hematological Malignancies,"1925-4024, 1925-4032",2015-09-11,1677-09-22,Suspected editorial misconduct by publisher,DOAJ,,interesting reason
journal of hematology,False,Journal of Hematology,1927-1212,2017-06-13,1677-09-22,Suspected editorial misconduct by publisher,DOAJ,,interesting reason
journal of hospital administration,False,Journal of Hospital Administration,"1927-6990, 1927-7008",2015-09-11,1677-09-22,Suspected editorial misconduct by publisher,DOAJ,,interesting reason
journal of iberian geology,False,Journal of Iberian Geology,1698-6180,2016-10-06,1677-09-22,Journal not adhering to Best practice,DOAJ,,interesting reason
journal of inequalities and special functions,False,Journal of Inequalities and Special Functions,2217-4303,2017-03-25,1677-09-22,Journal not adhering to Best practice,DOAJ,,interesting reason
journal of information engineering and applications,False,Journal of Information Engineering and Applications,2225-0506,2017-10-18,1677-09-22,Suspected editorial misconduct by publisher,DOAJ,,interesting reason
journal of information security,False,Journal of Information Security," 2153-1234, 2153-1242",2015-06-26,1677-09-22,Suspected editorial misconduct by publisher,DOAJ,,interesting reason
journal of information systems and technology management,False,Journal of Information Systems and Technology Management,1807-1775,2021-09-13,1677-09-22,Journal not adhering to Best practice,DOAJ,,interesting reason
journal of information systems engineering and business intelligence,False,Journal of Information Systems Engineering and Business Intelligence,2443-2555,2019-01-02,1677-09-22,Journal not adhering to Best practice,DOAJ,,interesting reason
journal of information systems engineering and management,False,Journal of Information Systems Engineering and Management,2468-4376,2018-10-24,1677-09-22,Suspected editorial misconduct by publisher,DOAJ,,interesting reason
journal of information technology education: innovations in practice,False,Journal of Information Technology Education: Innovations in Practice,2165-3151,2018-11-20,1677-09-22,Suspected editorial misconduct by publisher,DOAJ,,interesting reason
journal of information technology education: research,False,Journal of Information Technology Education: Research,1547-9714,2018-11-20,1677-09-22,Suspected editorial misconduct by publisher,DOAJ,,interesting reason
journal of infrared and millimeter waves,False,Journal of Infrared and Millimeter Waves,1001-9014,2021-09-06,1677-09-22,Journal not adhering to Best practice,DOAJ,,interesting reason
journal of innovation in business and economics,False,Journal of Innovation in Business and Economics,2580-9431,2020-04-24,1677-09-22,Journal not adhering to best practice,DOAJ,,interesting reason
journal of institute of social sciences,False,Journal of Institute of Social Sciences,1309-3738,2017-05-06,1677-09-22,Journal not adhering to Best practice,DOAJ,,interesting reason
journal of insurance and financial management,False,Journal of Insurance and Financial Management,2371-2112,2019-04-10,1677-09-22,Suspected editorial misconduct by publisher,DOAJ,,interesting reason
journal of integer sequences,False,Journal of Integer Sequences,1530-7638,2017-06-20,1677-09-22,Journal not adhering to Best Practice,DOAJ,,interesting reason
journal of intelligent learning systems and applications,False,Journal of Intelligent Learning Systems and Applications," 2150-8402, 2150-8410",2015-06-26,1677-09-22,Suspected editorial misconduct by publisher,DOAJ,,interesting reason
journal of interactive technology and pedagogy,False,Journal of Interactive Technology and Pedagogy,2166-6245,2016-11-11,1677-09-22,no open access licensing description,DOAJ,,interesting reason
journal of interdisciplinary histopathology,False,Journal of Interdisciplinary Histopathology,2146-8362,2018-04-12,1677-09-22,Suspected editorial misconduct by publisher,DOAJ,,interesting reason
journal of international and comparative education,False,Journal of International and Comparative Education,2232-1802,2022-03-16,1677-09-22,Journal not adhering to Best practice,DOAJ,,interesting reason
journal of international child neurology association,False,Journal of International Child Neurology Association,2410-6410,2020-09-02,1677-09-22,Journal not adhering to best practice,DOAJ,,interesting reason
journal of international dental and medical research,False,Journal of International Dental and Medical Research,1309-100X,2016-01-22,1677-09-22,Journal not adhering to Best practice,DOAJ,,interesting reason
journal of international oral health,False,Journal of International Oral Health,0976-1799,2017-04-05,1677-09-22,Journal not adhering to Best practice,DOAJ,,interesting reason
journal of international scientific researches,False,Journal of International Scientific Researches,2458-8725,2022-04-25,1677-09-22,Journal not adhering to Best practice,DOAJ,,interesting reason
journal of internet banking and commerce,False,Journal of Internet Banking and Commerce,1204-5357,2017-01-24,1677-09-22,Journal not adhering to Best practice,DOAJ,,interesting reason
journal of islamic architecture,False,Journal of Islamic Architecture,2086-2636,2018-10-01,1677-09-22,Suspected editorial misconduct by publisher,DOAJ,,interesting reason
journal of islamic banking and finance,False,Journal of Islamic Banking and Finance,1814-8042,2022-03-08,1677-09-22,Journal not adhering to Best practice,DOAJ,,interesting reason
journal of kermanshah university of medical sciences,False,Journal of Kermanshah University of Medical Sciences,2588-2562,2019-01-11,1677-09-22,Site not secure,DOAJ,,interesting reason
journal of kirsehir education faculty,False,Journal of Kirsehir Education Faculty,1302-5007,2017-06-16,1677-09-22,Journal not adhering to Best Practice,DOAJ,,interesting reason
"journal of knowledge management, economics and information technology",False,"Journal of Knowledge Management, Economics and Information Technology",2069-5934,2017-07-12,1677-09-22,Journal not adhering to Best Practice,DOAJ,,interesting reason
journal of language and linguistic studies,False,Journal of Language and Linguistic Studies,1305-578X,2021-04-08,1677-09-22,Suspected editorial misconduct by publisher,DOAJ,,interesting reason
journal of language and literacy education,False,Journal of Language and Literacy Education,1559-9035,2017-06-27,1677-09-22,Journal not adhering to Best Practice,DOAJ,,interesting reason
journal of language teaching and research,False,Journal of Language Teaching and Research,1798-4769,2015-11-13,1677-09-22,Journal not adhering to Best practice,DOAJ,,interesting reason
"journal of language, technology & entrepreneurship in africa",False,"Journal of Language, Technology & Entrepreneurship in Africa",2309-5814,2017-01-04,1677-09-22,Journal not adhering to Best practice,DOAJ,,interesting reason
journal of laser micro/nanoengineering,False,Journal of Laser Micro/Nanoengineering,1880-0688,2017-06-24,1677-09-22,Journal not adhering to Best Practice,DOAJ,,interesting reason
journal of law and commerce,False,Journal of Law and Commerce,2164-7984,2016-11-24,1677-09-22,No editorial board,DOAJ,,interesting reason
"journal of law, policy and globalization",False,"Journal of Law, Policy and Globalization",2224-3259,2017-10-17,1677-09-22,Suspected editorial misconduct by publisher,DOAJ,,interesting reason
journal of life and bio-sciences research,False,Journal of Life and Bio-Sciences Research,2708-1818,2021-11-22,1677-09-22,Journal not adhering to Best practice,DOAJ,,interesting reason
journal of linear and topological algebra,False,Journal of Linear and Topological Algebra,2252-0201,2020-04-20,1677-09-22,Journal not adhering to best practice,DOAJ,,interesting reason
journal of livestock science,False,Journal of Livestock Science,2277-6214,2016-01-08,1677-09-22,Journal not adhering to Best practice,DOAJ,,interesting reason
journal of local government issues,False,Journal of Local Government Issues,2620-8091,2020-04-22,1677-09-22,Suspected editorial misconduct by publisher,DOAJ,,interesting reason
journal of management and science,False,Journal of Management and Science,2250-1819,2016-10-06,1677-09-22,Journal not adhering to Best practice,DOAJ,,interesting reason
journal of management and strategy,False,Journal of Management and Strategy,"1923-3965, 1923-3973",2015-09-11,1677-09-22,Suspected editorial misconduct by publisher,DOAJ,,interesting reason
journal of management and sustainability,False,Journal of Management and Sustainability,"1925-4725, 1925-4733",2015-09-11,1677-09-22,Suspected editorial misconduct by publisher,DOAJ,,interesting reason
journal of management economics literature islamic and political sciences: jomelips,False,Journal of Management Economics Literature Islamic and Political Sciences: JOMELIPS,2547-9512,2021-01-19,1677-09-22,Journal not adhering to best practice,DOAJ,,interesting reason
journal of management research,False,Journal of Management Research,1941-899X,2015-09-11,1677-09-22,Suspected editorial misconduct by publisher,DOAJ,,interesting reason
journal of marine and aquatic sciences,False,Journal of Marine and Aquatic Sciences,2302-8114,2021-08-31,1677-09-22,Journal not adhering to Best practice,DOAJ,,interesting reason
journal of marine animals and their ecology,False,Journal of Marine Animals and Their Ecology,1911-8929,2017-02-07,1677-09-22,Journal not adhering to Best practice,DOAJ,,interesting reason
journal of marketing management and consumer behavior,False,Journal of Marketing Management and Consumer Behavior,2371-3615,2019-04-10,1677-09-22,Suspected editorial misconduct by publisher,DOAJ,,interesting reason
journal of materials engineering,False,Journal of Materials Engineering,1001-4381,2022-02-16,1677-09-22,Journal not adhering to Best practice,DOAJ,,interesting reason
journal of materials science research,False,Journal of Materials Science Research,"1927-0585, 1927-0593",2015-09-11,1677-09-22,Suspected editorial misconduct by publisher,DOAJ,,interesting reason
journal of mathematical finance,False,Journal of Mathematical Finance," 2162-2434, 2162-2442",2015-06-26,1677-09-22,Suspected editorial misconduct by publisher,DOAJ,,interesting reason
"journal of mathematical physics, analysis, geometry",False,"Journal of Mathematical Physics, Analysis, Geometry",1812-9471,2017-02-14,1677-09-22,no OA statement no licence,DOAJ,,interesting reason
journal of mathematics and statistics,False,Journal of Mathematics and Statistics,1549-3644,2017-03-22,1677-09-22,Suspected editorial misconduct by publisher,DOAJ,,interesting reason
journal of mathematics research,False,Journal of Mathematics Research,"1916-9795, 1916-9809",2015-09-11,1677-09-22,Suspected editorial misconduct by publisher,DOAJ,,interesting reason
journal of media critiques,False,Journal of Media Critiques,2056-9793,2020-07-29,1677-09-22,Journal not adhering to best practice,DOAJ,,interesting reason
journal of medical and biomedical sciences,False,Journal of Medical and Biomedical Sciences,2026-6294,2016-08-31,1677-09-22,Journal not adhering to Best practice,DOAJ,,interesting reason
journal of medical cases,False,Journal of Medical Cases,1923-4155,2017-06-13,1677-09-22,Suspected editorial misconduct by publisher,DOAJ,,interesting reason
journal of medical physiology,False,Journal of Medical Physiology,2538-2322,2019-04-26,1677-09-22,Journal not adhering to Best practice,DOAJ,,interesting reason
journal of microbiology and infectious diseases,False,Journal of Microbiology and Infectious Diseases,2146-3158,2020-11-04,1677-09-22,Journal not adhering to Best practice,DOAJ,,interesting reason
journal of military and information science,False,Journal of Military and Information Science,2148-3124,2020-02-27,1677-09-22,Suspected editorial misconduct by publisher,DOAJ,,interesting reason
journal of military and veterans' health,False,Journal of Military and Veterans' Health,1835-1271,2017-09-11,1677-09-22,Journal not adhering to Best Practice,DOAJ,,interesting reason
journal of minimally invasive surgical sciences,False,Journal of Minimally Invasive Surgical Sciences,2251-7022,2017-09-05,1677-09-22,Journal not adhering to Best Practice,DOAJ,,interesting reason
"journal of mobile, embedded and distributed systems",False,"Journal of Mobile, Embedded and Distributed Systems",2067-4074,2017-07-12,1677-09-22,Journal not adhering to Best Practice,DOAJ,,interesting reason
journal of modern biotechnology,False,Journal of Modern Biotechnology,2319-6645,2017-05-12,1677-09-22,Journal not adhering to Best practice,DOAJ,,interesting reason
journal of modern human pathology,False,Journal of Modern Human Pathology,2397-6845,2019-04-10,1677-09-22,Suspected editorial misconduct by publisher,DOAJ,,interesting reason
journal of modern methods in numerical mathematics,False,Journal of Modern Methods in Numerical Mathematics,2090-4770,2017-07-20,1677-09-22,Journal not adhering to Best Practice,DOAJ,,interesting reason
journal of modern physics,False,Journal of Modern Physics," 2153-1196, 2153-120X",2015-06-26,1677-09-22,Suspected editorial misconduct by publisher,DOAJ,,interesting reason
journal of modern technology and engineering,False,Journal of Modern Technology and Engineering,2519-4836,2019-11-07,1677-09-22,Suspected editorial misconduct by publisher,DOAJ,,interesting reason
journal of molecular biochemistry,False,Journal of Molecular Biochemistry,2241-0090,2021-09-18,1677-09-22,Journal not adhering to Best practice,DOAJ,,interesting reason
journal of molecular biology research,False,Journal of Molecular Biology Research,"1925-430X, 1925-4318",2015-09-11,1677-09-22,Suspected editorial misconduct by publisher,DOAJ,,interesting reason
journal of molecular signaling,False,Journal of Molecular Signaling,1750-2187,2016-03-30,1677-09-22,Journal not adhering to Best practice,DOAJ,,interesting reason
journal of movement disorders,False,Journal of Movement Disorders,2093-4939,2022-04-26,1677-09-22,Journal not adhering to Best practice,DOAJ,,interesting reason
journal of multimedia,False,Journal of Multimedia,1796-2048,2017-02-20,1677-09-22,Journal not adhering to Best practice,DOAJ,,interesting reason
journal of natural remedies,False,Journal of Natural Remedies,0972-5547,2020-09-17,1677-09-22,Suspected editorial misconduct by publisher,DOAJ,,interesting reason
journal of naval science and engineering,False,Journal of Naval Science and Engineering,1304-2025,2022-01-31,1677-09-22,Journal not adhering to Best practice,DOAJ,,interesting reason
journal of networks,False,Journal of Networks,1796-2056,2017-02-20,1677-09-22,Journal not adhering to Best practice,DOAJ,,interesting reason
journal of neurology research,False,Journal of Neurology Research,1923-2845,2017-06-13,1677-09-22,Suspected editorial misconduct by publisher,DOAJ,,interesting reason
journal of nevsehir university social science institute,False,Journal of Nevsehir University Social Science Institute,2146-782X,2017-06-24,1677-09-22,Journal not adhering to Best Practice,DOAJ,,interesting reason
journal of north east india studies,False,Journal of North East India Studies,2278-1455,2016-03-03,1677-09-22,Journal not adhering to Best practice,DOAJ,,interesting reason
"journal of nuclear physics, material sciences, radiation and applications",False,"Journal of Nuclear Physics, Material Sciences, Radiation and Applications",2321-9289,2017-07-10,1677-09-22,Journal not adhering to Best Practice,DOAJ,,interesting reason
journal of numerical mathematics and stochastics,False,Journal of Numerical Mathematics and Stochastics,2151-2302,2017-06-27,1677-09-22,Journal not adhering to Best Practice,DOAJ,,interesting reason
journal of nursing education and practice,False,Journal of Nursing Education and Practice,"1925-4040, 1925-4059",2015-09-11,1677-09-22,Suspected editorial misconduct by publisher,DOAJ,,interesting reason
journal of nutritional health & food science,False,Journal of Nutritional Health & Food Science,2372-0980,2016-10-05,1677-09-22,use of fake impact factor,DOAJ,,interesting reason
journal of oral and maxillofacial pathology,False,Journal of Oral and Maxillofacial Pathology,1998-393X,2017-09-05,1677-09-22,Journal not adhering to Best Practice,DOAJ,,interesting reason
journal of parathyroid disease,False,Journal of Parathyroid Disease,2345-6558,2021-10-05,1677-09-22,Suspected editorial misconduct by publisher,DOAJ,,interesting reason
journal of pediatric neurosciences,False,Journal of Pediatric Neurosciences,1998-3948,2017-09-01,1677-09-22,Journal not adhering to Best Practice,DOAJ,,interesting reason
journal of pharma research,False,Journal of Pharma Research,2319-5622,2016-11-30,1677-09-22,Journal not adhering to Best practice,DOAJ,,interesting reason
journal of pharmaceutical and scientific innovation,False,Journal of Pharmaceutical and Scientific Innovation,2277-4572,2017-02-23,1677-09-22,Suspected editorial misconduct by publisher,DOAJ,,interesting reason
journal of pharmacognosy and phytochemistry,False,Journal of Pharmacognosy and Phytochemistry,2278-4136,2017-04-26,1677-09-22,Suspected editorial misconduct by publisher,DOAJ,,interesting reason
journal of pharmacology and pharmacotherapeutics,False,Journal of Pharmacology and Pharmacotherapeutics,0976-5018,2017-07-07,1677-09-22,Suspected editorial misconduct by publisher,DOAJ,,interesting reason
journal of philosophy of life,False,Journal of Philosophy of Life,2185-4505,2017-06-24,1677-09-22,Journal not adhering to Best Practice,DOAJ,,interesting reason
journal of physics: conference series,False,Journal of Physics: Conference Series,1742-6596,2017-03-28,1677-09-22,Journal not adhering to Best practice,DOAJ,,interesting reason
journal of plant breeding and genetics,False,Journal of Plant Breeding and Genetics,2308-121X,2017-05-16,1677-09-22,Suspected editorial misconduct by publisher,DOAJ,,interesting reason
journal of plant studies,False,Journal of Plant Studies,"1927-0461, 1927-047X",2015-09-11,1677-09-22,Suspected editorial misconduct by publisher,DOAJ,,interesting reason
journal of political studies,False,Journal of Political Studies,2308-8338,2017-06-22,1677-09-22,Journal not adhering to Best Practice,DOAJ,,interesting reason
journal of politics and law,False,Journal of Politics and Law,"1913-9047, 1913-9055",2015-09-11,1677-09-22,Suspected editorial misconduct by publisher,DOAJ,,interesting reason
journal of praxis in multicultural education,False,Journal of Praxis in Multicultural Education,1931-0242,2017-07-12,1677-09-22,Journal not adhering to Best Practice,DOAJ,,interesting reason
journal of psychiatry and brain science,False,Journal of Psychiatry and Brain Science,398-385X,2019-11-26,1677-09-22,Suspected editorial misconduct by publisher,DOAJ,,interesting reason
journal of psychology & clinical psychiatry,False,Journal of Psychology & Clinical Psychiatry,2373-6445,2017-05-13,1677-09-22,Suspected editorial misconduct by publisher,DOAJ,,interesting reason
journal of public administration and governance,False,Journal of Public Administration and Governance,2161-7104,2015-09-11,1677-09-22,Suspected editorial misconduct by publisher,DOAJ,,interesting reason
journal of quantum information science,False,Journal of Quantum Information Science," 2162-5751, 2162-576X",2015-06-26,1677-09-22,Suspected editorial misconduct by publisher,DOAJ,,interesting reason
journal of radiation research and applied sciences,False,Journal of Radiation Research and Applied Sciences,2314-7164,2022-03-31,1677-09-22,Journal not adhering to Best practice,DOAJ,,interesting reason
journal of radiology and imaging,False,Journal of Radiology and Imaging,2399-8172,2019-04-10,1677-09-22,Suspected editorial misconduct by publisher,DOAJ,,interesting reason
journal of rafsanjan university of medical sciences,False,Journal of Rafsanjan University of Medical Sciences,1735-3165,2017-02-20,1677-09-22,Journal not adhering to Best practice,DOAJ,,interesting reason
journal of regional & socio-economic issues,False,Journal of Regional & Socio-Economic Issues,2049-1395,2017-02-20,1677-09-22,Journal not adhering to Best practice,DOAJ,,interesting reason
journal of regional and city planning,False,Journal of Regional and City Planning,2502-6429,2019-02-25,1677-09-22,Journal not adhering to Best practice,DOAJ,,interesting reason
journal of reliability and statistical studies,False,Journal of Reliability and Statistical Studies,2229-5666,2017-06-22,1677-09-22,Journal not adhering to Best Practice,DOAJ,,interesting reason
journal of research in dentistry,False,Journal of Research in Dentistry,2317-5907,2017-06-08,1677-09-22,Journal not adhering to Best Practice,DOAJ,,interesting reason
journal of research in medical and dental science,False,Journal of Research in Medical and Dental Science,2347-2367,2022-06-14,1677-09-22,Suspected editorial misconduct by publisher,DOAJ,,interesting reason
"journal of research in science, mathematics and technology education",False,"Journal of Research in Science, Mathematics and Technology Education",2577-6789,2021-09-17,1677-09-22,Suspected editorial misconduct by publisher,DOAJ,,interesting reason
"journal of research on trade, management and economic development",False,"Journal of Research on Trade, Management and Economic Development",2345-1424,2021-07-19,1677-09-22,Journal not adhering to Best practice,DOAJ,,interesting reason
journal of respiratory medicine,False,Journal of respiratory medicine,2314-6958,2015-11-25,1677-09-22,Suspected editorial misconduct by publisher,DOAJ,,interesting reason
journal of school of public health and institute of public health research,False,Journal of School of Public Health and Institute of Public Health Research,1735-7586,2015-11-10,1677-09-22,Journal not adhering to Best practice,DOAJ,,interesting reason
journal of science and technology,False,Journal of Science and Technology,2229-8460,2017-09-11,1677-09-22,Journal not adhering to Best Practice,DOAJ,,interesting reason
journal of science and technology of greenhouse culture,False,Journal of Science and Technology of Greenhouse Culture,2008-9082,2017-03-25,1677-09-22,Journal not adhering to Best practice,DOAJ,,interesting reason
journal of scientific initiation on international relations,False,Journal of Scientific Initiation on International Relations,2318-9452,2020-08-16,1677-09-22,Journal not adhering to best practice,DOAJ,,interesting reason
journal of scientometric research,False,Journal of Scientometric Research,2321-6654,2016-10-14,1677-09-22,Suspected editorial misconduct by publisher,DOAJ,,interesting reason
journal of security engineering,False,Journal of Security Engineering,1738-7531,2017-05-10,1677-09-22,Suspected editorial misconduct by publisher,DOAJ,,interesting reason
journal of sensor technology,False,Journal of Sensor Technology," 2161-122X, 2161-1238",2015-06-26,1677-09-22,Suspected editorial misconduct by publisher,DOAJ,,interesting reason
journal of service science and management,False,Journal of Service Science and Management," 1940-9893, 1940-9907",2015-06-26,1677-09-22,Suspected editorial misconduct by publisher,DOAJ,,interesting reason
journal of signal and information processing,False,Journal of Signal and Information Processing," 2159-4465, 2159-4481",2015-06-26,1677-09-22,Suspected editorial misconduct by publisher,DOAJ,,interesting reason
journal of skin and stem cell,False,Journal of Skin and Stem Cell,2423-7086,2019-10-04,1677-09-22,Suspected editorial misconduct by publisher,DOAJ,,interesting reason
journal of society and communication,False,Journal of Society and Communication,2200-6591,2015-03-06,1677-09-22,Journal not adhering to Best Practice,DOAJ,,interesting reason
journal of software engineering and applications,False,Journal of Software Engineering and Applications," 1945-3116, 1945-3124",2015-06-26,1677-09-22,Suspected editorial misconduct by publisher,DOAJ,,interesting reason
journal of solid tumors,False,Journal of Solid Tumors,"1925-4067, 1925-4075",2015-09-11,1677-09-22,Suspected editorial misconduct by publisher,DOAJ,,interesting reason
journal of speech sciences,False,Journal of Speech Sciences,2236-9740,2015-09-08,1677-09-22,Journal not adhering to Best practice,DOAJ,,interesting reason
journal of studies in education,False,Journal of Studies in Education,2162-6952,2015-09-11,1677-09-22,Suspected editorial misconduct by publisher,DOAJ,,interesting reason
journal of surface engineered materials and advanced technology,False,Journal of Surface Engineered Materials and Advanced Technology,"2161-4881, 2161-489X",2015-06-26,1677-09-22,Suspected editorial misconduct by publisher,DOAJ,,interesting reason
journal of surgery and medicine,False,Journal of Surgery and Medicine,2602-2079,2022-02-07,1677-09-22,Journal not adhering to Best practice,DOAJ,,interesting reason
journal of surgical dermatology,False,Journal of Surgical Dermatology,2424-9084,2018-12-22,1677-09-22,Journal not adhering to Best practice,DOAJ,,interesting reason
journal of sustainable development,False,Journal of Sustainable Development,"1913-9063, 1913-9071",2015-09-11,1677-09-22,Suspected editorial misconduct by publisher,DOAJ,,interesting reason
journal of technical education and training,False,Journal of Technical Education and Training,2229-8932,2017-07-18,1677-09-22,Journal not adhering to Best Practice,DOAJ,,interesting reason
journal of the canadian academy of child and adolescent psychiatry,False,Journal of the Canadian Academy of Child and Adolescent Psychiatry,1719-8429,2017-02-20,1677-09-22,Journal not adhering to Best practice,DOAJ,,interesting reason
journal of the european association for studies of australia,False,Journal of the European Association for Studies of Australia,2013-6897,2017-07-18,1677-09-22,Journal not adhering to Best Practice,DOAJ,,interesting reason
journal of the faculty of veterinary medicine,False,Journal of the Faculty of Veterinary Medicine,1017-8422,2016-12-08,1677-09-22,Journal not adhering to Best practice,DOAJ,,interesting reason
journal of the human and social science researches (itobiad),False,Journal of the Human and Social Science Researches (itobiad),2147-1185,2017-10-17,1677-09-22,Journal not adhering to Best Practice,DOAJ,,interesting reason
journal of the indonesian mathematical society,False,Journal of the Indonesian Mathematical Society,2086-8952,2020-09-02,1677-09-22,Journal not adhering to best practice,DOAJ,,interesting reason
journal of the royal college of physicians of edinburgh,False,Journal of the Royal College of Physicians of Edinburgh,2042-8189,2017-09-01,1677-09-22,Journal not adhering to Best Practice,DOAJ,,interesting reason
journal of the turkish-german gynecological association,False,Journal of the Turkish-German Gynecological Association,1309-0399,2021-06-15,1677-09-22,Suspected editorial misconduct by publisher,DOAJ,,interesting reason
journal of theoretical and applied computer science,False,Journal of Theoretical and Applied Computer Science,2299-2634,2017-06-16,1677-09-22,Journal not adhering to Best Practice,DOAJ,,interesting reason
journal of theoretical and applied information,False,Journal of Theoretical and Applied Information,1817-3195,2017-07-19,1677-09-22,Journal not adhering to Best Practice,DOAJ,,interesting reason
journal of theoretical educational science,False,Journal of Theoretical Educational Science,1308-1659,2017-05-06,1677-09-22,Journal not adhering to Best practice,DOAJ,,interesting reason
journal of theoretical physics and cryptography,False,Journal of Theoretical Physics and Cryptography,2322-3138,2017-07-04,1677-09-22,Journal not adhering to Best Practice,DOAJ,,interesting reason
journal of transdisciplinary environmental studies,False,Journal of Transdisciplinary Environmental Studies,1602-2297,2017-07-12,1677-09-22,Journal not adhering to Best Practice,DOAJ,,interesting reason
journal of translational internal medicine,False,Journal of Translational Internal Medicine,2224-4018,2017-12-13,1677-09-22,Journal not adhering to Best practice,DOAJ,,interesting reason
journal of transportation technologies,False,Journal of Transportation Technologies," 2160-0473, 2160-0481",2015-06-26,1677-09-22,Suspected editorial misconduct by publisher,DOAJ,,interesting reason
journal of universal college of medical sciences,False,Journal of Universal College of Medical Sciences,2091-2846,2017-02-28,1677-09-22,Journal not adhering to Best practice,DOAJ,,interesting reason
journal of university of babylon,False,Journal of University of Babylon,1992-0652,2018-12-06,1677-09-22,Suspected editorial misconduct by publisher,DOAJ,,interesting reason
journal of visual art and design,False,Journal of Visual Art and Design,2337-5795,2019-08-26,1677-09-22,Journal not adhering to Best practice,DOAJ,,interesting reason
journal of water and land development,False,Journal of Water and Land Development,2083-4535,2022-04-27,1677-09-22,Journal not adhering to Best practice,DOAJ,,interesting reason
journal of water resource and protection,False,Journal of Water Resource and Protection," 1945-3094, 1945-3108",2015-06-26,1677-09-22,Suspected editorial misconduct by publisher,DOAJ,,interesting reason
journal of water resources research,False,Journal of Water Resources Research,"2166-6024, 2166-5982",2015-06-26,1677-09-22,Suspected editorial misconduct by publisher,DOAJ,,interesting reason
"journal of wireless mobile networks, ubiquitous computing, and dependable applications",False,"Journal of Wireless Mobile Networks, Ubiquitous Computing, and Dependable Applications",2093-5374,2017-08-04,1677-09-22,Journal not adhering to Best Practice,DOAJ,,interesting reason
journal of women's health and gynecology,False,Journal of Women's Health and Gynecology,2379-6715,2020-11-18,1677-09-22,Suspected editorial misconduct by publisher,DOAJ,,interesting reason
journal of world's poultry research,False,Journal of World's Poultry Research,2322-455X,2017-08-22,1677-09-22,Suspected editorial misconduct by publisher,DOAJ,,interesting reason
journal of young pharmacists,False,Journal of Young Pharmacists,0975-1483,2016-10-14,1677-09-22,Suspected editorial misconduct by publisher,DOAJ,,interesting reason
journal on english as a foreign language,False,Journal on English as a Foreign Language,2502-6615,2022-02-23,1677-09-22,Journal not adhering to Best practice,DOAJ,,interesting reason
"journal the winners: economics, business, management, and information system journal",False,"Journal the Winners: Economics, Business, Management, and Information System Journal",1412-1212,2020-04-10,1677-09-22,Journal not adhering to best practice,DOAJ,,interesting reason
jppm (jurnal pengabdian dan pemberdayaan masyarakat),False,JPPM (Jurnal Pengabdian dan Pemberdayaan Masyarakat),2549-8347,2019-06-04,1677-09-22,Journal not adhering to Best practice,DOAJ,,interesting reason
jptk (jurnal pendidikan teknologi dan kejuruan),False,JPTK (Jurnal Pendidikan Teknologi dan Kejuruan),0216-3241,2018-08-27,1677-09-22,Suspected editorial misconduct by publisher,DOAJ,,interesting reason
jsfk (jurnal sains farmasi dan klinis),False,JSFK (Jurnal Sains Farmasi dan Klinis),2407-7062,2018-09-14,1677-09-22,Journal not adhering to Best practice,DOAJ,,interesting reason
jst (jurnal sains dan teknologi),False,JST (Jurnal Sains dan Teknologi),2303-3142,2018-08-27,1677-09-22,Suspected editorial misconduct by publisher,DOAJ,,interesting reason
jundishapur journal of chronic disease care,False,Jundishapur Journal of Chronic Disease Care,2322-4207,2019-10-04,1677-09-22,Suspected editorial misconduct by publisher,DOAJ,,interesting reason
jundishapur journal of health sciences,False,Jundishapur Journal of Health Sciences,2252-0627,2019-10-04,1677-09-22,Suspected editorial misconduct by publisher,DOAJ,,interesting reason
juridica international (tartu),False,Juridica International (Tartu),1406-1082,2017-03-29,1677-09-22,Journal not adhering to Best practice,DOAJ,,interesting reason
jurisdictie: jurnal hukum dan syariah,False,Jurisdictie: Jurnal Hukum dan Syariah,2086-7549,2018-10-01,1677-09-22,Suspected editorial misconduct by publisher,DOAJ,,interesting reason
jurnal agribisnis indonesia,False,Jurnal Agribisnis Indonesia,2354-5690,2019-10-04,1677-09-22,Journal not adhering to Best practice,DOAJ,,interesting reason
jurnal aisyah: jurnal ilmu kesehatan,False,Jurnal Aisyah: Jurnal Ilmu Kesehatan,2502-4825,2018-11-20,1677-09-22,Journal not adhering to Best practice,DOAJ,,interesting reason
jurnal berkala kesehatan,False,Jurnal Berkala Kesehatan,2477-3190,2018-12-03,1677-09-22,Journal not adhering to Best practice,DOAJ,,interesting reason
jurnal bioedukatika,False,Jurnal Bioedukatika,2338-6630,2018-05-10,1677-09-22,Journal not adhering to Best practice,DOAJ,,interesting reason
jurnal cakrawala hukum,False,Jurnal Cakrawala Hukum,2356-4962,2021-06-08,1677-09-22,Journal not adhering to Best practice,DOAJ,,interesting reason
jurnal cakrawala pendas,False,Jurnal Cakrawala Pendas,2579-4442,2022-03-14,1677-09-22,Journal not adhering to Best practice,DOAJ,,interesting reason
jurnal capture,False,Jurnal Capture,2338-428X,2020-09-03,1677-09-22,Journal not adhering to best practice,DOAJ,,interesting reason
jurnal cita hukum,False,Jurnal Cita Hukum,2502-230X,2022-02-23,1677-09-22,Journal not adhering to Best practice,DOAJ,,interesting reason
jurnal dinamika sosial budaya,False,Jurnal Dinamika Sosial Budaya,1410-9859,2021-12-17,1677-09-22,Journal not adhering to Best practice,DOAJ,,interesting reason
jurnal edukasi,False,Jurnal Edukasi,2460-4917,2022-03-10,1677-09-22,Journal not adhering to Best practice,DOAJ,,interesting reason
"jurnal eeccis (electrics, electronics, communications, controls, informatics, systems)",False,"Jurnal EECCIS (Electrics, Electronics, Communications, Controls, Informatics, Systems)",1978-3345,2020-05-15,1677-09-22,Journal not adhering to best practice,DOAJ,,interesting reason
jurnal ekonomi kuantitatif terapan,False,Jurnal Ekonomi Kuantitatif Terapan,2303-0186,2021-10-25,1677-09-22,Journal not adhering to Best practice,DOAJ,,interesting reason
jurnal el-hayah,False,Jurnal el-Hayah,2460-7207,2022-04-04,1677-09-22,Journal not adhering to Best practice,DOAJ,,interesting reason
jurnal elementer,False,Jurnal Elementer,2443-4167,2019-12-13,1677-09-22,Journal not adhering to Best practice,DOAJ,,interesting reason
jurnal gizi dan dietetik indonesia,False,Jurnal Gizi dan Dietetik Indonesia,2503-183X,2022-02-17,1677-09-22,Journal not adhering to Best practice,DOAJ,,interesting reason
jurnal guidena,False,Jurnal Guidena,2088-9623,2018-08-01,1677-09-22,Journal not adhering to Best practice,DOAJ,,interesting reason
jurnal hukum dan peradilan,False,Jurnal Hukum dan Peradilan,2528-1100,2021-03-15,1677-09-22,Journal not adhering to Best practice,DOAJ,,interesting reason
jurnal ilmiah administrasi publik,False,Jurnal Ilmiah Administrasi Publik,2302-2698,2022-03-07,1677-09-22,Journal not adhering to Best practice,DOAJ,,interesting reason
jurnal ilmiah ekonomi dan bisnis,False,Jurnal Ilmiah Ekonomi dan Bisnis,1829-9822,2019-01-05,1677-09-22,Journal not adhering to Best practice,DOAJ,,interesting reason
jurnal ilmiah ibnu sina,False,Jurnal Ilmiah Ibnu Sina,2502-647X,2019-05-31,1677-09-22,Journal not adhering to Best practice,DOAJ,,interesting reason
jurnal ilmiah pendidikan dan pembelajaran,False,Jurnal Ilmiah Pendidikan dan Pembelajaran,1858-4543,2018-08-27,1677-09-22,Suspected editorial misconduct by publisher,DOAJ,,interesting reason
jurnal ilmiah sekolah dasar,False,Jurnal Ilmiah Sekolah Dasar,2579-3276,2018-08-27,1677-09-22,Suspected editorial misconduct by publisher,DOAJ,,interesting reason
jurnal ilmiah spektrum,False,Jurnal Ilmiah Spektrum,2302-3163,2021-08-30,1677-09-22,Journal not adhering to Best practice,DOAJ,,interesting reason
jurnal ilmu dan kesehatan hewan,False,Jurnal Ilmu dan Kesehatan Hewan,2302-6057,2020-09-02,1677-09-22,Journal not adhering to best practice,DOAJ,,interesting reason
jurnal inovasi pendidikan ipa,False,Jurnal Inovasi Pendidikan IPA,2406-9205,2021-08-26,1677-09-22,Journal not adhering to Best practice,DOAJ,,interesting reason
jurnal inspirasi bisnis dan manajemen,False,Jurnal Inspirasi Bisnis dan Manajemen,2579-9401,2020-11-20,1677-09-22,Journal not adhering to Best practice,DOAJ,,interesting reason
jurnal ipteks terapan,False,Jurnal Ipteks Terapan,1979-9292,2019-06-17,1677-09-22,Journal not adhering to Best practice,DOAJ,,interesting reason
jurnal jaffray,False,Jurnal Jaffray,2407-4047,2020-08-06,1677-09-22,Journal not adhering to best practice,DOAJ,,interesting reason
jurnal kajian bali,False,Jurnal Kajian Bali, 2088-4443,2020-01-27,1677-09-22,Journal not adhering to Best practice,DOAJ,,interesting reason
jurnal kajian ilmiah,False,Jurnal Kajian Ilmiah,2597-792X,2021-11-09,1677-09-22,Journal not adhering to Best practice,DOAJ,,interesting reason
jurnal kajian informasi & perpustakaan,False,Jurnal Kajian Informasi & Perpustakaan,2303-2677,2019-05-02,1677-09-22,Journal not adhering to Best practice,DOAJ,,interesting reason
jurnal kebijakan perikanan indonesia,False,Jurnal Kebijakan Perikanan Indonesia,2502-6550,2022-04-04,1677-09-22,Journal not adhering to Best practice,DOAJ,,interesting reason
jurnal kelautan,False,Jurnal Kelautan,2476-9991,2021-08-25,1677-09-22,Journal not adhering to Best practice,DOAJ,,interesting reason
jurnal keolahragaan,False,Jurnal Keolahragaan,2461-0259,2021-08-26,1677-09-22,Journal not adhering to Best practice,DOAJ,,interesting reason
jurnal kependudukan indonesia,False,Jurnal Kependudukan Indonesia,2502-8537,2022-02-24,1677-09-22,Journal not adhering to Best practice,DOAJ,,interesting reason
jurnal keperawatan soedirman,False,Jurnal Keperawatan Soedirman,1907-6673,2019-11-15,1677-09-22,Journal not adhering to Best practice,DOAJ,,interesting reason
jurnal kesehatan lingkungan indonesia,False,Jurnal Kesehatan Lingkungan Indonesia,1412-4939,2019-10-28,1677-09-22,Journal not adhering to Best practice,DOAJ,,interesting reason
jurnal ketahanan nasional,False,Jurnal Ketahanan Nasional,2527-9688,2022-02-25,1677-09-22,Journal not adhering to Best practice,DOAJ,,interesting reason
jurnal ling tera,False,Jurnal Ling Tera,2406-9213,2021-10-25,1677-09-22,Journal not adhering to Best practice,DOAJ,,interesting reason
jurnal manajemen motivasi,False,Jurnal Manajemen Motivasi,2085-1596,2019-02-14,1677-09-22,Journal not adhering to Best practice,DOAJ,,interesting reason
"jurnal matematika, sains dan teknologi",False,"Jurnal Matematika, Sains dan Teknologi",1411-1934,2020-04-17,1677-09-22,Journal not adhering to best practice,DOAJ,,interesting reason
jurnal medika veterinaria,False,Jurnal Medika Veterinaria,2503-1600,2022-02-02,1677-09-22,Journal not adhering to Best practice,DOAJ,,interesting reason
jurnal neutrino,False,Jurnal Neutrino,1979-6374,2018-10-01,1677-09-22,Suspected editorial misconduct by publisher,DOAJ,,interesting reason
jurnal niara,False,Jurnal Niara,1693-3516,2019-01-03,1677-09-22,Journal not adhering to Best practice,DOAJ,,interesting reason
jurnal nusantara aplikasi manajemen bisnis,False,Jurnal Nusantara Aplikasi Manajemen Bisnis,2528-0929,2020-12-16,1677-09-22,Journal not adhering to best practice,DOAJ,,interesting reason
jurnal organisasi dan manajemen,False,Jurnal Organisasi dan Manajemen,2085-9686,2020-04-17,1677-09-22,Journal not adhering to best practice,DOAJ,,interesting reason
jurnal pendidikan bahasa dan sastra,False,Jurnal Pendidikan Bahasa dan Sastra,1412-0712,2022-02-18,1677-09-22,Journal not adhering to Best practice,DOAJ,,interesting reason
jurnal pendidikan dan pengajaran,False,Jurnal Pendidikan dan Pengajaran,2301-7821,2018-08-27,1677-09-22,Suspected editorial misconduct by publisher,DOAJ,,interesting reason
jurnal pendidikan indonesia,False,Jurnal Pendidikan Indonesia,2303-288X,2018-08-27,1677-09-22,Suspected editorial misconduct by publisher,DOAJ,,interesting reason
jurnal penelitian komunikasi,False,Jurnal Penelitian Komunikasi,2460-0172,2022-03-29,1677-09-22,Journal not adhering to Best practice,DOAJ,,interesting reason
jurnal penelitian perikanan indonesia,False,Jurnal Penelitian Perikanan Indonesia,0853-5884,2022-02-23,1677-09-22,Journal not adhering to Best practice,DOAJ,,interesting reason
jurnal penelitian pos dan informatika,False,Jurnal Penelitian Pos dan Informatika,2476-9266,2022-03-08,1677-09-22,Journal not adhering to Best practice,DOAJ,,interesting reason
jurnal pengajaran mipa,False,Jurnal Pengajaran MIPA,2443-3616,2021-07-14,1677-09-22,Journal not adhering to Best practice,DOAJ,,interesting reason
jurnal pengembangan rekayasa dan teknologi,False,Jurnal Pengembangan Rekayasa dan Teknologi,1410-9840,2022-01-20,1677-09-22,Journal not adhering to Best practice,DOAJ,,interesting reason
jurnal pertanian agros,False,Jurnal Pertanian Agros,2528-1488,2022-03-15,1677-09-22,Journal not adhering to Best practice,DOAJ,,interesting reason
jurnal prima edukasi,False,Jurnal Prima Edukasi,2338-4743,2022-04-01,1677-09-22,Journal not adhering to Best practice,DOAJ,,interesting reason
jurnal pustaka budaya,False,Jurnal Pustaka Budaya,2355-1186,2018-08-06,1677-09-22,Journal not adhering to Best practice,DOAJ,,interesting reason
jurnal riset akuakultur,False,Jurnal Riset Akuakultur,1907-6754,2019-02-21,1677-09-22,Journal not adhering to Best practice,DOAJ,,interesting reason
jurnal riset ekonomi dan bisnis,False,Jurnal Riset Ekonomi dan Bisnis,1979-4800,2021-11-05,1677-09-22,Journal not adhering to Best practice,DOAJ,,interesting reason
jurnal riset pendidikan matematika,False,Jurnal Riset Pendidikan Matematika,2356-2684,2022-02-24,1677-09-22,Journal not adhering to Best practice,DOAJ,,interesting reason
jurnal riset teknologi pencegahan pencemaran industri,False,Jurnal Riset Teknologi Pencegahan Pencemaran Industri,2087-0965,2020-05-18,1677-09-22,Journal not adhering to best practice,DOAJ,,interesting reason
jurnal sistem informasi bisnis,False,Jurnal Sistem Informasi Bisnis,2088-3587,2018-08-01,1677-09-22,Journal not adhering to Best practice,DOAJ,,interesting reason
jurnal spektran,False,Jurnal Spektran,2302-2590,2020-09-02,1677-09-22,Journal not adhering to best practice,DOAJ,,interesting reason
jurnal studi komunikasi,False,Jurnal Studi Komunikasi,2549-7626,2022-05-18,1677-09-22,Journal not adhering to Best practice,DOAJ,,interesting reason
jurnal teknologi,False,Jurnal Teknologi,2460-0288,2021-12-01,1677-09-22,Journal not adhering to Best practice,DOAJ,,interesting reason
jurnal teknologi pangan dan hasil pertanian,False,Jurnal Teknologi Pangan dan Hasil Pertanian,1693-9115,2021-11-05,1677-09-22,Journal not adhering to Best practice,DOAJ,,interesting reason
jurnal teknosains: jurnal ilmiah sains dan teknologi,False,Jurnal Teknosains: Jurnal Ilmiah Sains dan Teknologi,2443-1311,2021-12-20,1677-09-22,Journal not adhering to Best practice,DOAJ,,interesting reason
jurnal varidika,False,Jurnal Varidika,0852-0976,2022-02-21,1677-09-22,Journal not adhering to Best practice,DOAJ,,interesting reason
jurnalul de chirurgie,False,Jurnalul de Chirurgie,1584-9341,2016-09-07,1677-09-22,Suspected editorial misconduct by publisher,DOAJ,,interesting reason
jwm: jurnal wawasan manajemen,False,JWM: Jurnal Wawasan Manajemen,2527-6034,2022-03-09,1677-09-22,Journal not adhering to Best practice,DOAJ,,interesting reason
"kairos : journal of rhetoric, technology, and pedagogy",False,"Kairos : Journal of Rhetoric, Technology, and Pedagogy",1521-2300,2017-03-25,1677-09-22,Journal not adhering to Best practice,DOAJ,,interesting reason
kansas journal of medicine,False,Kansas Journal of Medicine,1948-2035,2015-11-13,1677-09-22,Journal not adhering to Best practice,DOAJ,,interesting reason
kansas library association college and university libraries section proceedings,False,Kansas Library Association College and University Libraries Section Proceedings,2160-942X,2016-03-03,1677-09-22,Journal not adhering to Best practice,DOAJ,,interesting reason
karadeniz fen bilimleri dergisi,False,Karadeniz Fen Bilimleri Dergisi,1309-4726,2021-08-03,1677-09-22,Journal not adhering to Best practice,DOAJ,,interesting reason
karaelmas science and engineering journal,False,Karaelmas Science and Engineering Journal,2146-4987,2017-05-15,1677-09-22,Journal not adhering to Best practice,DOAJ,,interesting reason
karsa: the journal of social and islamic culture,False,Karsa: The journal of Social and Islamic Culture,2442-4285,2020-12-09,1677-09-22,Journal not adhering to best practice,DOAJ,,interesting reason
kca journal of business management,False,KCA Journal of Business Management,2072-7992,2017-01-04,1677-09-22,Journal not adhering to Best practice,DOAJ,,interesting reason
khazar journal of humanities and social sciences,False,Khazar Journal of Humanities and Social Sciences,2223-2613,2017-05-13,1677-09-22,Journal not adhering to Best practice,DOAJ,,interesting reason
kinetik,False,Kinetik,2503-2259,2020-04-15,1677-09-22,Suspected editorial misconduct by publisher,DOAJ,,interesting reason
klik: kumpulan jurnal ilmu komputer,False,KLIK: Kumpulan jurnaL Ilmu Komputer,2443-406X,2022-03-11,1677-09-22,Journal not adhering to Best practice,DOAJ,,interesting reason
knowledge & health journal,False,Knowledge & Health Journal,1735-577X,2016-12-08,1677-09-22,Journal not adhering to Best practice,DOAJ,,interesting reason
kocaeli üniversitesi sağlık bilimleri dergisi,False,Kocaeli Üniversitesi Sağlık Bilimleri Dergisi,2149-8571,2022-05-02,1677-09-22,Journal not adhering to Best practice,DOAJ,,interesting reason
kompiuteruli mec'nierebani da telekomunikac'iebi,False,Kompiuteruli Mec'nierebani da Telekomunikac'iebi,1512-1232,2016-12-24,1677-09-22,no OA statement  no licence,DOAJ,,interesting reason
koncept (kirov),False,Koncept (Kirov),2304-120X,2016-11-23,1677-09-22,No licence,DOAJ,,interesting reason
korean journal of medical history,False,Korean Journal of Medical History,1225-505X,2017-06-24,1677-09-22,Journal not adhering to Best Practice,DOAJ,,interesting reason
koroze a ochrana materialu,False,Koroze a Ochrana Materialu,1804-1213,2022-04-14,1677-09-22,Journal not adhering to Best practice,DOAJ,,interesting reason
koşuyolu heart journal,False,Koşuyolu Heart Journal,2149-2972,2021-04-01,1677-09-22,Suspected editorial misconduct by publisher,DOAJ,,interesting reason
kriminologija i socijalna integracija,False,Kriminologija i Socijalna Integracija,1330-2604,2017-01-22,1677-09-22,no licence,DOAJ,,interesting reason
kritika kultura,False,Kritika Kultura,1656-152X,2017-09-11,1677-09-22,Journal not adhering to Best Practice,DOAJ,,interesting reason
"kritikos. journal of postmodern cultural sound, text and image",False,"Kritikos. Journal of postmodern cultural sound, text and image",1552-5112,2017-07-12,1677-09-22,Journal not adhering to Best Practice,DOAJ,,interesting reason
ksu doga bilimleri dergisi,False,KSU Doga Bilimleri Dergisi,1309-1743,2017-06-20,1677-09-22,Journal not adhering to Best Practice,DOAJ,,interesting reason
kybernetika,False,Kybernetika,0023-5954,2017-06-24,1677-09-22,Journal not adhering to Best Practice,DOAJ,,interesting reason
kyungpook mathematical journal,False,Kyungpook Mathematical Journal,1225-6951,2017-07-30,1677-09-22,Journal not adhering to Best Practice,DOAJ,,interesting reason
kōtuitui: new zealand journal of social sciences online,False,Kōtuitui: New Zealand Journal of Social Sciences Online,1177-083X,2017-06-27,1677-09-22,Journal not adhering to Best Practice,DOAJ,,interesting reason
l'atelier,False,L'Atelier,2109-9103,2016-12-31,1677-09-22,Journal not adhering to Best practice,DOAJ,,interesting reason
l'infirmière clinicienne,False,L'Infirmière Clinicienne,1923-5577,2016-12-04,1677-09-22,Journal not adhering to Best practice,DOAJ,,interesting reason
la aljaba (luján),False,La Aljaba (Luján),1669-5704,2017-02-17,1677-09-22,Journal not adhering to Best practice,DOAJ,,interesting reason
la mirada de telemo,False,La Mirada de Telemo,2073-0837,2017-02-21,1677-09-22,Journal not adhering to Best practice,DOAJ,,interesting reason
la révolution française : cahiers de l’institut d’histoire de la révolution française,False,La Révolution Française : Cahiers de l’Institut d’Histoire de la Révolution Française,2105-2557,2016-09-25,1677-09-22,Journal not adhering to Best practice,DOAJ,,interesting reason
la zaranda de ideas : revista de jóvenes investigadores en arqueología,False,La Zaranda de Ideas : Revista de Jóvenes Investigadores en Arqueología,1669-7456,2016-01-21,1677-09-22,Journal not adhering to Best practice,DOAJ,,interesting reason
laissez-faire,False,Laissez-Faire,1683-9145,2015-10-21,1677-09-22,Journal not adhering to Best practice,DOAJ,,interesting reason
language education & assessment,False,Language Education & Assessment,2209-3591,2021-12-22,1677-09-22,Suspected editorial misconduct by publisher,DOAJ,,interesting reason
lapis lazuli : an international literary journal,False,Lapis Lazuli : an International Literary Journal,2249-4529,2017-02-22,1677-09-22,Journal not adhering to Best practice,DOAJ,,interesting reason
learning communities : international journal of learning in social contexts,False,Learning Communities : International Journal of Learning in Social Contexts,2202-7904,2017-07-18,1677-09-22,Journal not adhering to Best Practice,DOAJ,,interesting reason
lectio socialis,False,Lectio Socialis,2602-2524,2021-08-26,1677-09-22,Suspected editorial misconduct by publisher,DOAJ,,interesting reason
lecture notes in engineering and computer science,False,Lecture Notes in Engineering and Computer Science,2078-0958,2017-06-24,1677-09-22,Journal not adhering to Best Practice,DOAJ,,interesting reason
leksema,False,Leksema,2527-8088,2019-03-28,1677-09-22,Journal not adhering to Best practice,DOAJ,,interesting reason
lenterabio,False,LenteraBio,2252-3979,2019-11-22,1677-09-22,Journal not adhering to Best practice,DOAJ,,interesting reason
letters in applied nanobioscience,False,Letters in Applied NanoBioScience,2284-6808,2017-07-03,1677-09-22,Suspected editorial misconduct by publisher,DOAJ,,interesting reason
lex et scientia,False,Lex et Scientia,1583-039X,2017-07-18,1677-09-22,Journal not adhering to Best Practice,DOAJ,,interesting reason
lex librum,False,Lex Librum,2621-9867,2021-06-22,1677-09-22,Journal not adhering to Best practice,DOAJ,,interesting reason
libros de la corte.es,False,Libros de la Corte.es,1989-6425,2016-08-16,1677-09-22,Journal not adhering to Best practice,DOAJ,,interesting reason
life research,False,Life Research,2624-0548,2020-03-13,1677-09-22,Suspected editorial misconduct by publisher,DOAJ,,interesting reason
life science,False,Life Science,2252-6277,2021-04-08,1677-09-22,Journal not adhering to Best practice,DOAJ,,interesting reason
limbaj şi context,False,Limbaj şi Context,1857-4149,2017-05-21,1677-09-22,Journal not adhering to Best Practice,DOAJ,,interesting reason
lingua montenegrina,False,Lingua Montenegrina,1800-7007,2016-12-24,1677-09-22,Journal not adhering to Best practice,DOAJ,,interesting reason
lingua posnaniensis,False,Lingua Posnaniensis,2083-6090,2022-04-27,1677-09-22,Journal not adhering to Best practice,DOAJ,,interesting reason
"lingua romana : a journal of french, italian and romanian culture",False,"Lingua Romana : a Journal of French, Italian and Romanian Culture",1551-4730,2016-09-30,1677-09-22,Journal not adhering to Best practice,DOAJ,,interesting reason
lingua: jurnal ilmu bahasa dan sastra,False,Lingua: Jurnal Ilmu Bahasa dan Sastra,1693-4725,2018-10-01,1677-09-22,Suspected editorial misconduct by publisher,DOAJ,,interesting reason
linguistics journal,False,Linguistics Journal,1718-2301,2017-06-24,1677-09-22,Journal not adhering to Best Practice,DOAJ,,interesting reason
lisania: journal of arabic education and literature,False,Lisania: Journal of Arabic Education and Literature,2086-9304,2018-10-29,1677-09-22,Journal not adhering to Best practice,DOAJ,,interesting reason
literary london journal,False,Literary London Journal,1744-0807,2017-01-24,1677-09-22,Journal not adhering to Best practice,DOAJ,,interesting reason
lithuanian annual strategic review,False,Lithuanian Annual Strategic Review,2335-870X,2022-04-27,1677-09-22,Journal not adhering to Best practice,DOAJ,,interesting reason
lithuanian foreign policy review,False,Lithuanian Foreign Policy Review,1392-5504,2017-01-29,1677-09-22,no OA statement no licence,DOAJ,,interesting reason
littera antiqua,False,Littera Antiqua,2082-9264,2017-04-03,1677-09-22,Journal not adhering to Best practice,DOAJ,,interesting reason
ljetopis studijskog centra socijalnog rada,False,Ljetopis Studijskog Centra Socijalnog Rada,1846-5412,2017-01-21,1677-09-22,no licence,DOAJ,,interesting reason
lljournal,False,LLJournal,1930-1693,2017-06-08,1677-09-22,Journal not adhering to Best Practice,DOAJ,,interesting reason
logi,False,LOGI,2336-3037,2022-04-14,1677-09-22,Journal not adhering to Best practice,DOAJ,,interesting reason
logistics journal : nicht-referierte veröffentlichungen,False,Logistics Journal : Nicht-referierte Veröffentlichungen,1860-5923,2015-06-17,1677-09-22,Journal not adhering to Best Practice,DOAJ,,interesting reason
lokavishkar international e-journal,False,Lokavishkar International E-Journal,2277-727X,2017-10-13,1677-09-22,Journal not adhering to Best Practice,DOAJ,,interesting reason
looking glass : new perspectives on children's literature,False,Looking Glass : New Perspectives on Children's Literature,1551-5680,2017-09-11,1677-09-22,Journal not adhering to Best Practice,DOAJ,,interesting reason
low carbon economy,False,Low Carbon Economy," 2158-7000, 2158-7019",2015-06-26,1677-09-22,Suspected editorial misconduct by publisher,DOAJ,,interesting reason
lucrari stiintifice. seria zootehnie,False,Lucrari Stiintifice. Seria Zootehnie,1454-7368,2017-07-18,1677-09-22,Journal not adhering to Best Practice,DOAJ,,interesting reason
lucrări ştiinţifice : management agricol,False,Lucrări Ştiinţifice : Management Agricol,1453-1410,2015-12-07,1677-09-22,Journal not adhering to Best practice,DOAJ,,interesting reason
machine design,False,Machine Design,1821-1259,2017-01-28,1677-09-22,no OA statement no licence,DOAJ,,interesting reason
madagascar conservation & development,False,Madagascar Conservation & Development,1662-2510,2017-09-01,1677-09-22,Journal not adhering to Best Practice,DOAJ,,interesting reason
magyar nyelvőr : a magyar tudományos akadémia anyanyelvi bizottságának folyóirata,False,Magyar Nyelvőr : a Magyar Tudományos Akadémia Anyanyelvi Bizottságának Folyóirata,0025-0236,2017-06-08,1677-09-22,Journal not adhering to Best Practice,DOAJ,,interesting reason
majlesi journal of electrical engineering,False,Majlesi Journal of Electrical Engineering,2345-3796,2017-08-31,1677-09-22,Journal not adhering to Best Practice,DOAJ,,interesting reason
makara journal of health research,False,Makara Journal of Health Research,2356-3656,2021-06-14,1677-09-22,Journal not adhering to Best practice,DOAJ,,interesting reason
makara seri kesehatan,False,Makara Seri Kesehatan,1693-6728,2021-06-14,1677-09-22,Journal not adhering to Best practice,DOAJ,,interesting reason
malaysian applied biology,False,Malaysian Applied Biology,0126-8643,2017-07-18,1677-09-22,Journal not adhering to Best Practice,DOAJ,,interesting reason
malaysian journal of nursing,False,Malaysian Journal of Nursing,2231-7007,2018-01-26,1677-09-22,Suspected editorial misconduct by publisher,DOAJ,,interesting reason
malta journal of health sciences,False,Malta Journal of Health Sciences,2312-5705,2020-10-07,1677-09-22,Journal not adhering to best practice,DOAJ,,interesting reason
management in health,False,Management in Health,1453-4541,2016-03-03,1677-09-22,Journal not adhering to Best practice,DOAJ,,interesting reason
management science and engineering,False,Management Science and Engineering,1913-0341,2015-10-23,1677-09-22,Suspected editorial misconduct by publisher,DOAJ,,interesting reason
manuscrits: revista d'història moderna,False,Manuscrits: Revista d'Història Moderna,0213-2397,2017-06-30,1677-09-22,Journal not adhering to Best Practice,DOAJ,,interesting reason
marketing and branding research,False,Marketing and Branding Research,2476-3160,2018-01-29,1677-09-22,Suspected editorial misconduct by publisher,DOAJ,,interesting reason
marmara pharmaceutical journal,False,Marmara Pharmaceutical Journal,1309-0801,2017-04-04,1677-09-22,Journal not adhering to Best practice,DOAJ,,interesting reason
mass communication research,False,Mass Communication Research,1016-1007,2021-03-30,1677-09-22,Journal not adhering to Best practice,DOAJ,,interesting reason
masyarakat: jurnal sosiologi,False,Masyarakat: Jurnal Sosiologi,2460-8165,2022-03-16,1677-09-22,Journal not adhering to Best practice,DOAJ,,interesting reason
matematičnì studìï,False,Matematičnì Studìï,1027-4634,2017-03-10,1677-09-22,Journal not adhering to Best practice,DOAJ,,interesting reason
material sciences,False,Material Sciences,"2160-7613, 2160-7621",2015-06-26,1677-09-22,Suspected editorial misconduct by publisher,DOAJ,,interesting reason
materials science-poland,False,Materials Science-Poland,2083-134X,2022-04-14,1677-09-22,Journal not adhering to Best practice,DOAJ,,interesting reason
materials sciences and applications,False,Materials Sciences and Applications," 2153-117X, 2153-1188",2015-06-26,1677-09-22,Suspected editorial misconduct by publisher,DOAJ,,interesting reason
materialy po arheologii i istorii antičnogo i srednevekovogo kryma,False,Materialy po Arheologii i Istorii Antičnogo i Srednevekovogo Kryma,2219-8857,2019-06-27,1677-09-22,Journal not adhering to Best practice,DOAJ,,interesting reason
mathematica aeterna,False,Mathematica Aeterna,1314-3336,2017-02-15,1677-09-22,Journal not adhering to Best practice,DOAJ,,interesting reason
mathematica æterna,False,Mathematica Æterna,1314-3344,2021-05-18,1677-09-22,Suspected editorial misconduct by publisher,DOAJ,,interesting reason
mathematical modelling of engineering problems,False,Mathematical Modelling of Engineering Problems,2369-0739,2018-03-15,1677-09-22,Suspected editorial misconduct by publisher,DOAJ,,interesting reason
mathematics and its applications: annals of the academy of romanian scientists,False,Mathematics and its Applications: Annals of the Academy of Romanian Scientists,2066-5997,2021-09-30,1677-09-22,Journal not adhering to best practice,DOAJ,,interesting reason
mathematics and mechanics of complex systems,False,Mathematics and Mechanics of Complex Systems,2325-3444,2017-01-03,1677-09-22,Journal not adhering to Best practice,DOAJ,,interesting reason
matics,False,Matics,1978-161X,2018-10-01,1677-09-22,Suspected editorial misconduct by publisher,DOAJ,,interesting reason
matrizes : revista do programa de pós-graduação em comunicação da universidade de são paulo,False,MATRIZes : Revista do Programa de Pós-Graduação em Comunicação da Universidade de São Paulo,1982-2073,2016-09-22,1677-09-22,Journal not adhering to Best practice,DOAJ,,interesting reason
matʹ i ditâ v kuzbasse,False,Matʹ i ditâ v Kuzbasse,1991-010X,2019-03-28,1677-09-22,Journal not adhering to Best practice,DOAJ,,interesting reason
maydica,False,Maydica,0025-6153,2017-06-12,1677-09-22,Journal not adhering to Best Practice,DOAJ,,interesting reason
mcgill journal of education,False,McGill Journal of Education,1916-0666,2016-12-23,1677-09-22,Journal not adhering to Best practice,DOAJ,,interesting reason
mcgill science undergraduate research journal,False,McGill Science Undergraduate Research Journal,1718-0775,2017-02-07,1677-09-22,Journal not adhering to Best practice,DOAJ,,interesting reason
mcnair scholars research journal,False,McNair Scholars Research Journal,2166-109X,2017-03-25,1677-09-22,Journal not adhering to Best practice,DOAJ,,interesting reason
meandros medical and dental journal,False,Meandros Medical and Dental Journal,2149-9063,2021-04-26,1677-09-22,Suspected editorial misconduct by publisher,DOAJ,,interesting reason
mechanical engineering research,False,Mechanical Engineering Research,"1927-0607, 1927-0615",2015-09-11,1677-09-22,Suspected editorial misconduct by publisher,DOAJ,,interesting reason
"mechanics, materials science & engineering",False,"Mechanics, Materials Science & Engineering",2412-5954,2018-10-22,1677-09-22,Suspected editorial misconduct by publisher,DOAJ,,interesting reason
med one,False,Med One,2397-9119,2019-11-26,1677-09-22,Suspected editorial misconduct by publisher,DOAJ,,interesting reason
medeniyet medical journal,False,Medeniyet Medical Journal,2149-2042,2022-02-16,1677-09-22,Journal not adhering to Best practice,DOAJ,,interesting reason
media akuakultur,False,Media Akuakultur,1907-6762,2019-02-21,1677-09-22,Journal not adhering to Best practice,DOAJ,,interesting reason
media ilmiah teknologi pangan,False,Media Ilmiah Teknologi Pangan,2407-3814,2020-09-02,1677-09-22,Journal not adhering to best practice,DOAJ,,interesting reason
media ilmu kesehatan,False,Media Ilmu Kesehatan,2252-3413,2019-02-28,1677-09-22,Journal not adhering to Best practice,DOAJ,,interesting reason
media komunikasi geografi,False,Media Komunikasi Geografi,0216-8138,2018-08-27,1677-09-22,Suspected editorial misconduct by publisher,DOAJ,,interesting reason
media konservasi,False,Media Konservasi,0215-1677,2020-03-09,1677-09-22,Journal not adhering to Best practice,DOAJ,,interesting reason
media trend,False,Media Trend,2460-7649,2022-03-07,1677-09-22,Journal not adhering to Best practice,DOAJ,,interesting reason
mediaobrazovanie,False,Mediaobrazovanie,1994-4160,2016-09-22,1677-09-22,Journal not adhering to Best practice,DOAJ,,interesting reason
mediations,False,Mediations,1075-041X,2017-07-18,1677-09-22,Journal not adhering to Best Practice,DOAJ,,interesting reason
medical and health science journal,False,Medical and Health Science Journal,1804-1884,2017-05-16,1677-09-22,Suspected editorial misconduct by publisher,DOAJ,,interesting reason
medical gas research,False,Medical Gas Research,2045-9912,2019-06-20,1677-09-22,Suspected editorial misconduct by publisher,DOAJ,,interesting reason
medical journal of chinese people's liberation army,False,Medical Journal of Chinese People's Liberation Army,0577-7402,2021-04-13,1677-09-22,Journal not adhering to Best practice,DOAJ,,interesting reason
medical science,False,Medical Science,2321-5291,2017-04-27,1677-09-22,Suspected editorial misconduct by publisher,DOAJ,,interesting reason
medical science case reports,False,Medical Science Case Reports,2373-3586,2017-12-07,1677-09-22,Suspected editorial misconduct by publisher,DOAJ,,interesting reason
medical-surgical nursing journal,False,Medical-Surgical Nursing Journal,2322-4169,2019-02-04,1677-09-22,Suspected editorial misconduct by publisher,DOAJ,,interesting reason
medicina balear,False,Medicina Balear,1579-5853,2016-03-03,1677-09-22,Journal not adhering to Best practice,DOAJ,,interesting reason
medicina legal de costa rica,False,Medicina Legal de Costa Rica,1409-0015,2017-06-08,1677-09-22,Journal not adhering to Best Practice,DOAJ,,interesting reason
medicinski pregled,False,Medicinski Pregled,0025-8105,2016-12-19,1677-09-22,no licence,DOAJ,,interesting reason
mediterranean journal of chemistry,False,Mediterranean Journal of Chemistry,2028-3997,2020-11-10,1677-09-22,Suspected editorial misconduct by publisher,DOAJ,,interesting reason
medula,False,MedULA,0798-3166,2016-12-17,1677-09-22,Journal not adhering to Best practice,DOAJ,,interesting reason
mehmet akif ersoy üniversitesi veteriner fakültesi dergisi,False,Mehmet Akif Ersoy Üniversitesi Veteriner Fakültesi Dergisi,2458-9268,2021-12-15,1677-09-22,Journal not adhering to Best practice,DOAJ,,interesting reason
memoria europae,False,Memoria Europae,2469-0902,2020-11-19,1677-09-22,Website URLs have security issues,DOAJ,,interesting reason
"memorias de la conferencia interna en medicina y aprovechamiento de fauna silvestre, exótica y no convencional",False,"Memorias de la Conferencia Interna en Medicina y Aprovechamiento de Fauna Silvestre, Exótica y no Convencional",2011-9348,2016-09-22,1677-09-22,Journal not adhering to Best practice,DOAJ,,interesting reason
memórias do instituto oswaldo cruz,False,Memórias do Instituto Oswaldo Cruz,0074-0276,2022-05-20,1677-09-22,Journal not adhering to Best practice,DOAJ,,interesting reason
mens sana monographs,False,Mens Sana Monographs,1998-4014,2017-07-12,1677-09-22,Journal not adhering to Best Practice,DOAJ,,interesting reason
mesopotamia environmental journal,False,Mesopotamia Environmental Journal,2410-2598,2021-03-23,1677-09-22,Journal not adhering to Best practice,DOAJ,,interesting reason
metamorfosa: journal of biological sciences,False,Metamorfosa: Journal of Biological Sciences,2302-5697,2021-08-26,1677-09-22,Journal not adhering to Best practice,DOAJ,,interesting reason
methodist review,False,Methodist Review,1946-5254,2016-11-23,1677-09-22,Journal not adhering to Best practice,DOAJ,,interesting reason
metodički ogledi,False,Metodički Ogledi,0353-765X,2017-01-22,1677-09-22,no licence,DOAJ,,interesting reason
mevlana international journal of education,False,Mevlana International Journal of Education,2146-7951,2017-02-20,1677-09-22,Journal not adhering to Best practice,DOAJ,,interesting reason
micología aplicada internacional,False,Micología Aplicada Internacional,1534-2581,2016-09-20,1677-09-22,Journal not adhering to Best practice,DOAJ,,interesting reason
middle east african journal of ophthalmology,False,Middle East African Journal of Ophthalmology,0975-1599,2017-09-01,1677-09-22,Journal not adhering to Best Practice,DOAJ,,interesting reason
middle east journal of rehabilitation and health,False,Middle East Journal of Rehabilitation and Health,2423-4451,2019-10-04,1677-09-22,Suspected editorial misconduct by publisher,DOAJ,,interesting reason
military and strategic affairs,False,Military and Strategic Affairs,2307-793X,2016-09-15,1677-09-22,Journal not adhering to Best practice,DOAJ,,interesting reason
mimbar sekolah dasar,False,Mimbar Sekolah Dasar,2355-5343,2019-03-13,1677-09-22,Journal not adhering to Best practice,DOAJ,,interesting reason
minerva : an internet journal of philosophy,False,Minerva : an Internet Journal of Philosophy,1393-614X,2016-05-16,1677-09-22,Journal not adhering to Best practice,DOAJ,,interesting reason
minnesota medicine,False,Minnesota Medicine,0026-556X,2017-06-24,1677-09-22,Journal not adhering to Best Practice,DOAJ,,interesting reason
minority reports. cultural disabilites studies,False,Minority Reports. Cultural Disabilites Studies,2465-0315,2016-11-03,1677-09-22,No licence nor OA statement,DOAJ,,interesting reason
mintage journal of pharmaceutical and medical sciences,False,Mintage Journal of Pharmaceutical and Medical Sciences,2320-3315,2017-06-30,1677-09-22,Suspected editorial misconduct by publisher,DOAJ,,interesting reason
mirator,False,Mirator,1457-2362,2017-08-04,1677-09-22,Journal not adhering to Best Practice,DOAJ,,interesting reason
modern applied science,False,Modern Applied Science,"1913-1844, 1913-1852",2015-09-11,1677-09-22,Suspected editorial misconduct by publisher,DOAJ,,interesting reason
modern economy,False,Modern Economy," 2152-7245, 2152-7261",2015-06-26,1677-09-22,Suspected editorial misconduct by publisher,DOAJ,,interesting reason
modern education,False,Modern Education,2409-8736,2019-09-17,1677-09-22,Suspected editorial misconduct by publisher,DOAJ,,interesting reason
modern journal of language teaching methods,False,Modern Journal of Language Teaching Methods,2251-6204,2017-06-21,1677-09-22,Journal not adhering to Best Practice,DOAJ,,interesting reason
modern management,False,Modern Management,"2160-7311, 2160-732X",2015-06-26,1677-09-22,Suspected editorial misconduct by publisher,DOAJ,,interesting reason
modern marketing,False,Modern Marketing,"2160-7362, 2160-7370",2015-06-26,1677-09-22,Suspected editorial misconduct by publisher,DOAJ,,interesting reason
modern mechanical engineering,False,Modern Mechanical Engineering," 2164-0165, 2164-0181",2015-06-26,1677-09-22,Suspected editorial misconduct by publisher,DOAJ,,interesting reason
modern physics,False,Modern Physics,"2161-0916, 2161-0924",2015-06-26,1677-09-22,Suspected editorial misconduct by publisher,DOAJ,,interesting reason
modern rehabilitation,False,Modern Rehabilitation,2008-2576,2016-03-03,1677-09-22,Journal not adhering to Best practice,DOAJ,,interesting reason
molecular imaging and radionuclide,False,Molecular Imaging and Radionuclide,2146-1414,2021-06-17,1677-09-22,Suspected editorial misconduct by publisher,DOAJ,,interesting reason
monthly labor review,False,Monthly Labor Review,0098-1818,2017-02-02,1677-09-22,Journal not adhering to Best practice,DOAJ,,interesting reason
mora (buenos aires),False,Mora (Buenos Aires),0328-8773,2016-12-05,1677-09-22,Journal not adhering to Best practice,DOAJ,,interesting reason
morfismos,False,Morfismos,1870-6525,2015-12-22,1677-09-22,Journal not adhering to Best practice,DOAJ,,interesting reason
morfologìâ,False,Morfologìâ,1997-9665,2017-01-29,1677-09-22,no OA statement no licence,DOAJ,,interesting reason
movie: a journal of film criticism,False,Movie: a Journal of Film Criticism,2047-1661,2017-06-24,1677-09-22,Journal not adhering to Best Practice,DOAJ,,interesting reason
museologia e patrimônio,False,Museologia e Patrimônio,1984-3917,2021-08-20,1677-09-22,Journal not adhering to Best practice,DOAJ,,interesting reason
museologia scientifica e naturalistica,False,Museologia Scientifica e Naturalistica,1824-2707,2017-10-18,1677-09-22,Journal not adhering to Best Practice,DOAJ,,interesting reason
musica / tecnologia,False,Musica / Tecnologia,1974-0042,2020-08-14,1677-09-22,Journal not adhering to best practice,DOAJ,,interesting reason
muslim heritage: jurnal dialog islam dengan realitas,False,Muslim Heritage: Jurnal Dialog Islam dengan Realitas,2502-5341,2021-03-05,1677-09-22,Journal not adhering to Best practice,DOAJ,,interesting reason
mutatis mutandis : revista latinoamericana de traducción,False,Mutatis Mutandis : Revista Latinoamericana de Traducción,2011-799X,2015-11-27,1677-09-22,Journal not adhering to Best practice,DOAJ,,interesting reason
muğla journal of science and technology,False,Muğla Journal of Science and Technology,2149-3596,2018-11-13,1677-09-22,Suspected editorial misconduct by publisher,DOAJ,,interesting reason
münster journal of mathematics,False,Münster Journal of Mathematics,1867-5786,2016-11-15,1677-09-22,No license,DOAJ,,interesting reason
nailos: estudios interdisciplinares de arqueología,False,Nailos: Estudios Interdisciplinares de Arqueología,2340-9126,2020-09-21,1677-09-22,Journal not adhering to best practice,DOAJ,,interesting reason
nanofabrication,False,Nanofabrication,2299-680X,2022-06-10,1677-09-22,Journal not adhering to Best practice,DOAJ,,interesting reason
national journal of community medicine,False,National Journal of Community Medicine,2229-6816,2017-06-22,1677-09-22,Journal not adhering to Best Practice,DOAJ,,interesting reason
national journal of medical research,False,National Journal of Medical Research,2277-8810,2017-06-20,1677-09-22,Journal not adhering to Best Practice,DOAJ,,interesting reason
natura sloveniae,False,Natura Sloveniae,1580-0814,2017-05-06,1677-09-22,Journal not adhering to Best practice,DOAJ,,interesting reason
natural resources,False,Natural Resources," 2158-706X, 2158-7086",2015-06-26,1677-09-22,Suspected editorial misconduct by publisher,DOAJ,,interesting reason
natural resources and environmental issues,False,Natural Resources and Environmental Issues,1069-5370,2017-04-27,1677-09-22,Journal not adhering to Best practice,DOAJ,,interesting reason
natural science,False,Natural Science," 2150-4091, 2150-4105",2015-06-26,1677-09-22,Suspected editorial misconduct by publisher,DOAJ,,interesting reason
nauka przyroda technologie,False,Nauka Przyroda Technologie,1897-7820,2017-10-17,1677-09-22,Journal not adhering to Best Practice,DOAJ,,interesting reason
nauka v cifrah,False,Nauka v Cifrah,2500-1353,2018-12-21,1677-09-22,Suspected editorial misconduct by publisher,DOAJ,,interesting reason
naučnyj žurnal kubanskogo gosudarstvennogo agrarnogo universiteta,False,Naučnyj Žurnal Kubanskogo Gosudarstvennogo Agrarnogo Universiteta,1990-4665,2016-12-19,1677-09-22,Journal not adhering to Best practice,DOAJ,,interesting reason
navegações : revista de cultura e literaturas de língua portuguesa,False,Navegações : Revista de Cultura e Literaturas de Língua Portuguesa,1982-8527,2016-04-06,1677-09-22,Journal not adhering to Best practice,DOAJ,,interesting reason
nb: административное право и практика администрирования,False,NB: Административное право и практика администрирования,2306-9945,2019-09-17,1677-09-22,Suspected editorial misconduct by publisher,DOAJ,,interesting reason
nb: международное право,False,NB: Международное право,2306-9899,2019-09-17,1677-09-22,Suspected editorial misconduct by publisher,DOAJ,,interesting reason
"necatibey faculty of education, electronic journal of science and mathematics education",False,"Necatibey Faculty of Education, Electronic Journal of Science and Mathematics Education",1307-6086,2017-05-15,1677-09-22,Journal not adhering to Best practice,DOAJ,,interesting reason
neftegazovaâ geologiâ: teoriâ i praktika,False,Neftegazovaâ Geologiâ: Teoriâ i Praktika,2070-5379,2016-10-23,1677-09-22,Journal not adhering to Best practice,DOAJ,,interesting reason
nephro-urology monthly,False,Nephro-Urology Monthly,2251-7014,2017-03-01,1677-09-22,Suspected editorial misconduct by publisher,DOAJ,,interesting reason
net journal of agricultural science,False,Net Journal of Agricultural Science,2315-9766,2016-05-12,1677-09-22,Journal not adhering to Best practice,DOAJ,,interesting reason
network protocols and algorithms,False,Network Protocols and Algorithms,1943-3581,2015-09-11,1677-09-22,Suspected editorial misconduct by publisher,DOAJ,,interesting reason
neuroimmunology and neuroinflammation,False,Neuroimmunology and Neuroinflammation,2349-6142,2018-08-13,1677-09-22,Suspected editorial misconduct by publisher,DOAJ,,interesting reason
neurology asia,False,Neurology Asia,1823-6138,2017-05-06,1677-09-22,Journal not adhering to Best practice,DOAJ,,interesting reason
neurology india,False,Neurology India,1998-4022,2017-09-01,1677-09-22,Journal not adhering to Best Practice,DOAJ,,interesting reason
neuropsicología latinoamericana,False,Neuropsicología Latinoamericana,2075-9479,2016-09-23,1677-09-22,Journal not adhering to Best practice,DOAJ,,interesting reason
neuroscience & medicine,False,Neuroscience & Medicine," 2158-2912, 2158-2947",2015-06-26,1677-09-22,Suspected editorial misconduct by publisher,DOAJ,,interesting reason
new balkan politics,False,New Balkan Politics,1409-8709,2016-12-05,1677-09-22,"no licence, no OA statement",DOAJ,,interesting reason
new design ideas,False,New Design Ideas,2522-4875,2019-11-07,1677-09-22,Suspected editorial misconduct by publisher,DOAJ,,interesting reason
new journal of glass and ceramics,False,New Journal of Glass and Ceramics," 2161-7554, 2161-7562",2015-06-26,1677-09-22,Suspected editorial misconduct by publisher,DOAJ,,interesting reason
new marketing research journal,False,New Marketing Research Journal,2228-7744,2017-03-13,1677-09-22,Journal not adhering to Best practice,DOAJ,,interesting reason
"new materials, compounds and applications",False,"New Materials, Compounds and Applications",2521-7194,2019-11-07,1677-09-22,Suspected editorial misconduct by publisher,DOAJ,,interesting reason
new proposals : journal of marxism and interdisciplinary inquiry,False,New Proposals : Journal of Marxism and Interdisciplinary Inquiry,1715-6718,2016-01-29,1677-09-22,Journal not adhering to Best practice,DOAJ,,interesting reason
new trends in mathematical sciences,False,New Trends in Mathematical Sciences,2147-5520,2022-04-04,1677-09-22,Suspected editorial misconduct by publisher,DOAJ,,interesting reason
newsletter archeologia,False,Newsletter Archeologia,2036-6353,2017-05-23,1677-09-22,Journal not adhering to Best Practice,DOAJ,,interesting reason
nhl journal of medical sciences,False,NHL Journal of Medical Sciences,2319-2283,2017-06-24,1677-09-22,Journal not adhering to Best Practice,DOAJ,,interesting reason
nigerian medical journal,False,Nigerian Medical Journal,2229-774X,2017-10-17,1677-09-22,Journal not adhering to Best Practice,DOAJ,,interesting reason
no solo usabilidad journal,False,No Solo Usabilidad Journal,1886-8592,2016-11-01,1677-09-22,Journal not adhering to Best practice,DOAJ,,interesting reason
nonlinear analysis and differential equations,False,Nonlinear Analysis and Differential Equations,1314-7587,2015-04-02,1677-09-22,Journal not adhering to Best Practice,DOAJ,,interesting reason
nonsite,False,Nonsite,2164-1668,2016-11-14,1677-09-22,No licence nor OA statement,DOAJ,,interesting reason
nordisk miljörättslig tidskrift,False,Nordisk Miljörättslig Tidskrift,2000-4273,2017-03-25,1677-09-22,Journal not adhering to Best practice,DOAJ,,interesting reason
north american journal of medical sciences,False,North American Journal of Medical Sciences,1947-2714,2017-07-21,1677-09-22,Suspected editorial misconduct by publisher,DOAJ,,interesting reason
nota bene : canadian undergraduate journal of musicology,False,Nota Bene : Canadian Undergraduate Journal of Musicology,1920-8987,2019-09-17,1677-09-22,Suspected editorial misconduct by publisher,DOAJ,,interesting reason
notices of the american mathematical society.,False,Notices of the American Mathematical Society.,0002-9920,2016-12-15,1677-09-22,Journal not adhering to Best practice,DOAJ,,interesting reason
"nternational journal of management, economics and social sciences (ijmess)",False,"nternational Journal of Management, Economics and Social Sciences (IJMESS)",2304-1366,2015-06-18,1677-09-22,Journal not adhering to Best Practice,DOAJ,,interesting reason
nuances: estudos sobre educação,False,Nuances: Estudos sobre Educação,1413-9855,2017-05-22,1677-09-22,Journal not adhering to Best Practice,DOAJ,,interesting reason
nuansa,False,NUANSA,2442-8078,2021-01-25,1677-09-22,Journal not adhering to best practice,DOAJ,,interesting reason
nucleus animalium,False,Nucleus Animalium,1984-879X,2017-04-12,1677-09-22,Journal not adhering to Best practice,DOAJ,,interesting reason
nutrición clínica y dietética hospitalaria,False,Nutrición Clínica y Dietética Hospitalaria,0211-6057,2017-06-06,1677-09-22,Journal not adhering to Best Practice,DOAJ,,interesting reason
nükleer tıp seminerleri,False,Nükleer Tıp Seminerleri,2149-6447,2021-06-07,1677-09-22,Journal not adhering to Best practice,DOAJ,,interesting reason
obm genetics,False,OBM Genetics,2577-5790,2021-04-16,1677-09-22,Suspected editorial misconduct by publisher,DOAJ,,interesting reason
obm geriatrics,False,OBM Geriatrics,2638-1311,2021-04-16,1677-09-22,Suspected editorial misconduct by publisher,DOAJ,,interesting reason
obm hepatology and gastroenterology,False,OBM Hepatology and Gastroenterology,2577-5804,2021-04-16,1677-09-22,Suspected editorial misconduct by publisher,DOAJ,,interesting reason
obm integrative and complementary medicine,False,OBM Integrative and Complementary Medicine,2573-4393,2021-04-16,1677-09-22,Suspected editorial misconduct by publisher,DOAJ,,interesting reason
obm neurobiology,False,OBM Neurobiology,2573-4407,2021-04-16,1677-09-22,Suspected editorial misconduct by publisher,DOAJ,,interesting reason
obm transplantation,False,OBM Transplantation,2577-5820,2021-04-16,1677-09-22,Suspected editorial misconduct by publisher,DOAJ,,interesting reason
ocean and polar research,False,Ocean and Polar Research,1598-141X,2017-06-24,1677-09-22,Journal not adhering to Best Practice,DOAJ,,interesting reason
octa journal of biosciences,False,Octa Journal of Biosciences,2321-3663,2017-10-17,1677-09-22,Journal not adhering to Best Practice,DOAJ,,interesting reason
octa journal of environmental research,False,Octa Journal of Environmental Research,2321-3655,2017-10-18,1677-09-22,Suspected editorial misconduct by publisher,DOAJ,,interesting reason
oficina do historiador,False,Oficina do Historiador,2178-3748,2020-08-16,1677-09-22,Journal not adhering to best practice,DOAJ,,interesting reason
"oncology, gastroenterology and hepatology reports",False,"Oncology, Gastroenterology and Hepatology Reports",2278-8921,2016-10-14,1677-09-22,Suspected editorial misconduct by publisher,DOAJ,,interesting reason
ondokuz mayıs university journal of education,False,Ondokuz Mayıs University Journal of Education,1300-302X,2017-06-24,1677-09-22,Journal not adhering to Best Practice,DOAJ,,interesting reason
online international interdisciplinary research journal,False,Online International Interdisciplinary Research Journal,2350-1073,2017-07-05,1677-09-22,Suspected editorial misconduct by publisher,DOAJ,,interesting reason
online journal of animal and feed research,False,Online Journal of Animal and Feed Research,2228-7701,2017-08-22,1677-09-22,Suspected editorial misconduct by publisher,DOAJ,,interesting reason
online journal of biological sciences,False,OnLine Journal of Biological Sciences,1608-4217,2017-03-22,1677-09-22,Suspected editorial misconduct by publisher,DOAJ,,interesting reason
online türk sağlık bilimleri dergisi,False,Online Türk Sağlık Bilimleri Dergisi,2459-1467,2020-02-27,1677-09-22,Suspected editorial misconduct by publisher,DOAJ,,interesting reason
"onomázein: revista de lingüística, filología y traducción",False,"Onomázein: Revista de Lingüística, Filología y Traducción",0717-1285,2017-04-14,1677-09-22,Journal not adhering to Best practice,DOAJ,,interesting reason
opción,False,Opción,1012-1587,2017-01-06,1677-09-22,Journal not adhering to Best practice,DOAJ,,interesting reason
open access macedonian journal of medical sciences,False,Open Access Macedonian Journal of Medical Sciences,1857-9655,2020-09-24,1677-09-22,Suspected editorial misconduct by publisher,DOAJ,,interesting reason
open acoustics journal,False,Open Acoustics Journal,1874-8376,2017-03-23,1677-09-22,Suspected editorial misconduct by publisher,DOAJ,,interesting reason
open addiction journal,False,Open Addiction Journal,1874-9410,2017-03-23,1677-09-22,Suspected editorial misconduct by publisher,DOAJ,,interesting reason
open agriculture journal,False,Open Agriculture Journal,1874-3315,2017-03-23,1677-09-22,Suspected editorial misconduct by publisher,DOAJ,,interesting reason
open aids journal,False,Open AIDS Journal,1874-6136,2017-03-23,1677-09-22,Suspected editorial misconduct by publisher,DOAJ,,interesting reason
open analytical chemistry journal,False,Open Analytical Chemistry Journal,1874-0650,2017-03-23,1677-09-22,Suspected editorial misconduct by publisher,DOAJ,,interesting reason
open anesthesiology journal,False,Open Anesthesiology Journal,1874-3218,2017-03-23,1677-09-22,Suspected editorial misconduct by publisher,DOAJ,,interesting reason
open astronomy journal,False,Open Astronomy Journal,1874-3811,2017-03-23,1677-09-22,Suspected editorial misconduct by publisher,DOAJ,,interesting reason
open atmospheric science journal,False,Open Atmospheric Science Journal,1874-2823,2017-03-23,1677-09-22,Suspected editorial misconduct by publisher,DOAJ,,interesting reason
open behavioral science journal,False,Open Behavioral Science Journal,1874-2300,2017-03-23,1677-09-22,Suspected editorial misconduct by publisher,DOAJ,,interesting reason
open biochemistry journal,False,Open Biochemistry Journal,1874-091X,2017-03-23,1677-09-22,Suspected editorial misconduct by publisher,DOAJ,,interesting reason
open bioinformatics journal,False,Open Bioinformatics Journal,1875-0362,2017-03-23,1677-09-22,Suspected editorial misconduct by publisher,DOAJ,,interesting reason
open biomedical engineering journal,False,Open Biomedical Engineering Journal,1874-1207,2017-03-23,1677-09-22,Suspected editorial misconduct by publisher,DOAJ,,interesting reason
open breast cancer journal,False,Open Breast Cancer Journal,1876-8172,2017-03-23,1677-09-22,Suspected editorial misconduct by publisher,DOAJ,,interesting reason
open cardiovascular and thoracic surgery journal,False,Open Cardiovascular and Thoracic Surgery Journal,1876-5335,2017-03-23,1677-09-22,Suspected editorial misconduct by publisher,DOAJ,,interesting reason
open cardiovascular medicine journal,False,Open Cardiovascular Medicine Journal,1874-1924,2017-03-23,1677-09-22,Suspected editorial misconduct by publisher,DOAJ,,interesting reason
open catalysis journal,False,Open Catalysis Journal,1876-214X,2017-03-23,1677-09-22,Suspected editorial misconduct by publisher,DOAJ,,interesting reason
open civil engineering journal,False,Open Civil Engineering Journal,1874-1495,2017-03-23,1677-09-22,Suspected editorial misconduct by publisher,DOAJ,,interesting reason
open colorectal cancer journal,False,Open Colorectal Cancer Journal,1876-8202,2017-03-23,1677-09-22,Suspected editorial misconduct by publisher,DOAJ,,interesting reason
open conference proceedings journal,False,Open Conference Proceedings Journal,2210-2892,2017-03-23,1677-09-22,Suspected editorial misconduct by publisher,DOAJ,,interesting reason
open construction & building technology journal,False,Open Construction & Building Technology Journal,1874-8368,2017-03-23,1677-09-22,Suspected editorial misconduct by publisher,DOAJ,,interesting reason
open cybernetics and systemics journal,False,Open Cybernetics and Systemics Journal,1874-110X,2017-03-23,1677-09-22,Suspected editorial misconduct by publisher,DOAJ,,interesting reason
open dentistry journal,False,Open Dentistry Journal,1874-2106,2017-03-23,1677-09-22,Suspected editorial misconduct by publisher,DOAJ,,interesting reason
open dermatology journal,False,Open Dermatology Journal,1874-3722,2017-03-23,1677-09-22,Suspected editorial misconduct by publisher,DOAJ,,interesting reason
open ecology journal,False,Open Ecology Journal,1874-2130,2017-03-23,1677-09-22,Suspected editorial misconduct by publisher,DOAJ,,interesting reason
open electrical & electronic engineering journal,False,Open Electrical & Electronic Engineering Journal,1874-1290,2017-03-23,1677-09-22,Suspected editorial misconduct by publisher,DOAJ,,interesting reason
open electrochemistry journal,False,Open Electrochemistry Journal,1876-505X,2017-03-23,1677-09-22,Suspected editorial misconduct by publisher,DOAJ,,interesting reason
open energy and fuels journal,False,Open Energy and Fuels Journal,1874-2483,2017-03-23,1677-09-22,Suspected editorial misconduct by publisher,DOAJ,,interesting reason
open environmental engineering journal,False,Open Environmental Engineering Journal,1874-8295,2017-03-23,1677-09-22,Suspected editorial misconduct by publisher,DOAJ,,interesting reason
open epidemiology journal,False,Open Epidemiology Journal,1874-2971,2017-03-23,1677-09-22,Suspected editorial misconduct by publisher,DOAJ,,interesting reason
open fish science journal,False,Open Fish Science Journal,1874-401X,2017-03-23,1677-09-22,Suspected editorial misconduct by publisher,DOAJ,,interesting reason
open food science journal,False,Open Food Science Journal,1874-2564,2017-03-23,1677-09-22,Suspected editorial misconduct by publisher,DOAJ,,interesting reason
open forensic science journal,False,Open Forensic Science Journal,1874-4028,2017-03-23,1677-09-22,Suspected editorial misconduct by publisher,DOAJ,,interesting reason
open forest science journal,False,Open Forest Science Journal,1874-3986,2017-03-23,1677-09-22,Suspected editorial misconduct by publisher,DOAJ,,interesting reason
open fuels and energy science journal,False,Open Fuels and Energy Science Journal,1876-973X,2017-03-23,1677-09-22,Suspected editorial misconduct by publisher,DOAJ,,interesting reason
open geography journal,False,Open Geography Journal,1874-9232,2017-03-23,1677-09-22,Suspected editorial misconduct by publisher,DOAJ,,interesting reason
open hydrology journal,False,Open Hydrology Journal,1874-3781,2017-03-23,1677-09-22,Suspected editorial misconduct by publisher,DOAJ,,interesting reason
open immunology journal,False,Open Immunology Journal,1874-2262,2017-03-23,1677-09-22,Suspected editorial misconduct by publisher,DOAJ,,interesting reason
open infectious diseases journal,False,Open Infectious Diseases Journal,1874-2793,2017-03-23,1677-09-22,Suspected editorial misconduct by publisher,DOAJ,,interesting reason
open journal of acoustics,False,Open Journal of Acoustics," 2162-5786, 2162-5794",2015-06-26,1677-09-22,Suspected editorial misconduct by publisher,DOAJ,,interesting reason
open journal of anesthesiology,False,Open Journal of Anesthesiology," 2164-5531, 2164-5558",2015-06-26,1677-09-22,Suspected editorial misconduct by publisher,DOAJ,,interesting reason
open journal of animal sciences,False,Open Journal of Animal Sciences," 2161-7597, 2161-7627",2015-06-26,1677-09-22,Suspected editorial misconduct by publisher,DOAJ,,interesting reason
open journal of clinical diagnostics,False,Open Journal of Clinical Diagnostics," 2162-5816, 2162-5824",2015-06-26,1677-09-22,Suspected editorial misconduct by publisher,DOAJ,,interesting reason
open journal of composite materials,False,Open Journal of Composite Materials," 2164-5612, 2164-5655",2015-06-26,1677-09-22,Suspected editorial misconduct by publisher,DOAJ,,interesting reason
open journal of discrete mathematics,False,Open Journal of Discrete Mathematics,"2161-7635, 2161-7643",2015-06-26,1677-09-22,Suspected editorial misconduct by publisher,DOAJ,,interesting reason
open journal of ecology,False,Open Journal of Ecology," 2162-1985, 2162-1993",2015-06-26,1677-09-22,Suspected editorial misconduct by publisher,DOAJ,,interesting reason
open journal of forestry,False,Open Journal of Forestry," 2163-0429, 2163-0437",2015-06-26,1677-09-22,Suspected editorial misconduct by publisher,DOAJ,,interesting reason
open journal of gastroenterology,False,Open Journal of Gastroenterology," 2163-9450, 2163-9469",2015-06-26,1677-09-22,Suspected editorial misconduct by publisher,DOAJ,,interesting reason
open journal of genetics,False,Open Journal of Genetics," 2162-4453, 2162-4461",2015-06-26,1677-09-22,Suspected editorial misconduct by publisher,DOAJ,,interesting reason
open journal of geology,False,Open Journal of Geology," 2161-7570, 2161-7589",2015-06-26,1677-09-22,Suspected editorial misconduct by publisher,DOAJ,,interesting reason
open journal of hematology,False,Open Journal of Hematology,2075-907X,2015-08-03,1677-09-22,Journal not adhering to Best practice,DOAJ,,interesting reason
open journal of immunology,False,Open Journal of Immunology," 2162-450X, 2162-4526",2015-06-26,1677-09-22,Suspected editorial misconduct by publisher,DOAJ,,interesting reason
open journal of inorganic chemistry,False,Open Journal of Inorganic Chemistry," 2161-7406, 2161-7414",2015-06-26,1677-09-22,Suspected editorial misconduct by publisher,DOAJ,,interesting reason
open journal of internal medicine,False,Open Journal of Internal Medicine," 2162-5972, 2162-5980",2015-06-26,1677-09-22,Suspected editorial misconduct by publisher,DOAJ,,interesting reason
open journal of internet of things,False,Open Journal of Internet of Things,2364-7108,2019-07-09,1677-09-22,Suspected editorial misconduct by publisher,DOAJ,,interesting reason
open journal of marine science,False,Open Journal of Marine Science," 2161-7384, 2161-7392",2015-06-26,1677-09-22,Suspected editorial misconduct by publisher,DOAJ,,interesting reason
open journal of medical imaging,False,Open Journal of Medical Imaging," 2164-2788, 2164-2796",2015-06-26,1677-09-22,Suspected editorial misconduct by publisher,DOAJ,,interesting reason
open journal of metal,False,Open Journal of Metal," 2164-2761, 2164-277X",2015-06-26,1677-09-22,Suspected editorial misconduct by publisher,DOAJ,,interesting reason
open journal of microphysics,False,Open Journal of Microphysics," 2162-2450, 2162-2469",2015-06-26,1677-09-22,Suspected editorial misconduct by publisher,DOAJ,,interesting reason
open journal of modern hydrology,False,Open Journal of Modern Hydrology," 2163-0461, 2163-0496",2015-06-26,1677-09-22,Suspected editorial misconduct by publisher,DOAJ,,interesting reason
open journal of modern linguistics,False,Open Journal of Modern Linguistics," 2164-2818, 2164-2834",2015-06-26,1677-09-22,Suspected editorial misconduct by publisher,DOAJ,,interesting reason
open journal of modern neurosurgery,False,Open Journal of Modern Neurosurgery," 2163-0569, 2163-0585",2015-06-26,1677-09-22,Suspected editorial misconduct by publisher,DOAJ,,interesting reason
open journal of molecular and integrative physiology,False,Open Journal of Molecular and Integrative Physiology," 2162-2159, 2162-2167",2015-06-26,1677-09-22,Suspected editorial misconduct by publisher,DOAJ,,interesting reason
open journal of nursing,False,Open Journal of Nursing," 2162-5336, 2162-5344",2015-06-26,1677-09-22,Suspected editorial misconduct by publisher,DOAJ,,interesting reason
open journal of obstetrics and gynecology,False,Open Journal of Obstetrics and Gynecology," 2160-8792, 2160-8806",2015-06-26,1677-09-22,Suspected editorial misconduct by publisher,DOAJ,,interesting reason
open journal of pediatrics,False,Open Journal of Pediatrics," 2160-8741, 2160-8776",2015-06-26,1677-09-22,Suspected editorial misconduct by publisher,DOAJ,,interesting reason
open journal of philosophy,False,Open Journal of Philosophy," 2163-9434, 2163-9442",2015-06-26,1677-09-22,Suspected editorial misconduct by publisher,DOAJ,,interesting reason
open journal of physical chemistry,False,Open Journal of Physical Chemistry," 2162-1969, 2162-1977",2015-06-26,1677-09-22,Suspected editorial misconduct by publisher,DOAJ,,interesting reason
open journal of preventive medicine,False,Open Journal of Preventive Medicine," 2162-2477, 2162-2485",2015-06-26,1677-09-22,Suspected editorial misconduct by publisher,DOAJ,,interesting reason
open journal of psychiatry,False,Open Journal of Psychiatry,"2161-7325, 2161-7333",2015-06-26,1677-09-22,Suspected editorial misconduct by publisher,DOAJ,,interesting reason
open journal of radiology,False,Open Journal of Radiology," 2164-3024, 2164-3032",2015-06-26,1677-09-22,Suspected editorial misconduct by publisher,DOAJ,,interesting reason
open journal of safety science and technology,False,Open Journal of Safety Science and Technology," 2162-5999, 2162-6006",2015-06-26,1677-09-22,Suspected editorial misconduct by publisher,DOAJ,,interesting reason
open journal of social sciences,False,Open Journal of Social Sciences," 2327-5952, 2327-5960",2015-06-26,1677-09-22,Suspected editorial misconduct by publisher,DOAJ,,interesting reason
open journal of soil science,False,Open Journal of Soil Science," 2162-5360, 2162-5379",2015-06-26,1677-09-22,Suspected editorial misconduct by publisher,DOAJ,,interesting reason
open journal of statistics,False,Open Journal of Statistics," 2161-718X, 2161-7198",2015-06-26,1677-09-22,Suspected editorial misconduct by publisher,DOAJ,,interesting reason
open journal of stomatology,False,Open Journal of Stomatology," 2160-8709, 2160-8717",2015-06-26,1677-09-22,Suspected editorial misconduct by publisher,DOAJ,,interesting reason
open journal of urology,False,Open Journal of Urology," 2160-5440, 2160-5629",2015-06-26,1677-09-22,Suspected editorial misconduct by publisher,DOAJ,,interesting reason
open materials science journal,False,Open Materials Science Journal,1874-088X,2017-03-23,1677-09-22,Suspected editorial misconduct by publisher,DOAJ,,interesting reason
open mechanical engineering journal,False,Open Mechanical Engineering Journal,1874-155X,2017-03-23,1677-09-22,Suspected editorial misconduct by publisher,DOAJ,,interesting reason
open medical imaging journal,False,Open Medical Imaging Journal,1874-3471,2017-03-23,1677-09-22,Suspected editorial misconduct by publisher,DOAJ,,interesting reason
open medical informatics journal,False,Open Medical Informatics Journal,1874-4311,2017-03-23,1677-09-22,Suspected editorial misconduct by publisher,DOAJ,,interesting reason
open microbiology journal,False,Open Microbiology Journal,1874-2858,2017-03-23,1677-09-22,Suspected editorial misconduct by publisher,DOAJ,,interesting reason
open neuroimaging journal,False,Open Neuroimaging Journal,1874-4400,2017-03-23,1677-09-22,Suspected editorial misconduct by publisher,DOAJ,,interesting reason
open neurology journal,False,Open Neurology Journal,1874-205X,2017-03-23,1677-09-22,Suspected editorial misconduct by publisher,DOAJ,,interesting reason
open nutraceuticals journal,False,Open Nutraceuticals Journal,1876-3960,2017-03-23,1677-09-22,Suspected editorial misconduct by publisher,DOAJ,,interesting reason
open nutrition journal,False,Open Nutrition Journal,1874-2882,2017-03-23,1677-09-22,Suspected editorial misconduct by publisher,DOAJ,,interesting reason
open obesity journal,False,Open Obesity Journal,1876-8237,2017-03-23,1677-09-22,Suspected editorial misconduct by publisher,DOAJ,,interesting reason
open ophthalmology journal,False,Open Ophthalmology Journal,1874-3641,2017-03-23,1677-09-22,Suspected editorial misconduct by publisher,DOAJ,,interesting reason
open ornithology journal,False,Open Ornithology Journal,1874-4532,2017-03-23,1677-09-22,Suspected editorial misconduct by publisher,DOAJ,,interesting reason
open orthopaedics journal,False,Open Orthopaedics Journal,1874-3250,2017-03-23,1677-09-22,Suspected editorial misconduct by publisher,DOAJ,,interesting reason
open otorhinolaryngology journal,False,Open Otorhinolaryngology Journal,1874-4281,2017-03-23,1677-09-22,Suspected editorial misconduct by publisher,DOAJ,,interesting reason
open pain journal,False,Open Pain Journal,1876-3863,2017-03-23,1677-09-22,Suspected editorial misconduct by publisher,DOAJ,,interesting reason
open pediatric medicine journal,False,Open Pediatric Medicine Journal,1874-3099,2017-03-23,1677-09-22,Suspected editorial misconduct by publisher,DOAJ,,interesting reason
open petroleum engineering journal,False,Open Petroleum Engineering Journal,1874-8341,2017-03-23,1677-09-22,Suspected editorial misconduct by publisher,DOAJ,,interesting reason
open plasma physics journal,False,Open Plasma Physics Journal,1876-5343,2017-03-23,1677-09-22,Suspected editorial misconduct by publisher,DOAJ,,interesting reason
open psychology journal,False,Open Psychology Journal,1874-3501,2017-03-23,1677-09-22,Suspected editorial misconduct by publisher,DOAJ,,interesting reason
open public health journal,False,Open Public Health Journal,1874-9445,2017-03-23,1677-09-22,Suspected editorial misconduct by publisher,DOAJ,,interesting reason
open rehabilitation journal,False,Open Rehabilitation Journal,1874-9437,2017-03-23,1677-09-22,Suspected editorial misconduct by publisher,DOAJ,,interesting reason
open renewable energy journal,False,Open Renewable Energy Journal,1876-3871,2017-03-23,1677-09-22,Suspected editorial misconduct by publisher,DOAJ,,interesting reason
open respiratory medicine journal,False,Open Respiratory Medicine Journal,1874-3064,2017-03-23,1677-09-22,Suspected editorial misconduct by publisher,DOAJ,,interesting reason
open rheumatology journal,False,Open Rheumatology Journal,1874-3129,2017-03-23,1677-09-22,Suspected editorial misconduct by publisher,DOAJ,,interesting reason
open sleep journal,False,Open Sleep Journal,1874-6209,2017-03-23,1677-09-22,Suspected editorial misconduct by publisher,DOAJ,,interesting reason
open sports medicine journal,False,Open Sports Medicine Journal,1874-3870,2017-03-23,1677-09-22,Suspected editorial misconduct by publisher,DOAJ,,interesting reason
open sports sciences journal,False,Open Sports Sciences Journal,1875-399X,2017-03-23,1677-09-22,Suspected editorial misconduct by publisher,DOAJ,,interesting reason
open urology & nephrology journal,False,Open Urology & Nephrology Journal,1874-303X,2017-03-23,1677-09-22,Suspected editorial misconduct by publisher,DOAJ,,interesting reason
open veterinary science journal,False,Open Veterinary Science Journal,1874-3188,2017-03-23,1677-09-22,Suspected editorial misconduct by publisher,DOAJ,,interesting reason
open virology journal,False,Open Virology Journal,1874-3579,2017-03-23,1677-09-22,Suspected editorial misconduct by publisher,DOAJ,,interesting reason
open waste management journal,False,Open Waste Management Journal,1876-4002,2017-03-23,1677-09-22,Suspected editorial misconduct by publisher,DOAJ,,interesting reason
operations research and fuzziology,False,Operations Research and Fuzziology,"2163-1476, 2163-1530",2015-06-26,1677-09-22,Suspected editorial misconduct by publisher,DOAJ,,interesting reason
opinião pública,False,Opinião Pública,0104-6276,2022-05-03,1677-09-22,Journal not adhering to Best practice,DOAJ,,interesting reason
optics and photonics journal,False,Optics and Photonics Journal," 2160-8881, 2160-889X",2015-06-26,1677-09-22,Suspected editorial misconduct by publisher,DOAJ,,interesting reason
optoelectronics,False,Optoelectronics,"2164-5450, 2164-5469",2015-06-26,1677-09-22,Suspected editorial misconduct by publisher,DOAJ,,interesting reason
optometry & visual performance,False,Optometry & Visual Performance,2325-3479,2017-09-11,1677-09-22,Journal not adhering to Best Practice,DOAJ,,interesting reason
oral & maxillofacial pathology journal,False,Oral & Maxillofacial Pathology Journal,2322-0384,2017-02-24,1677-09-22,Journal not adhering to Best practice,DOAJ,,interesting reason
organic communications,False,Organic Communications,1307-6175,2020-07-01,1677-09-22,Journal not adhering to best practice,DOAJ,,interesting reason
organizações rurais & agroindustriais,False,Organizações Rurais & Agroindustriais,1517-3879,2016-10-10,1677-09-22,Journal not adhering to Best practice,DOAJ,,interesting reason
organon,False,Organon,0102-6267,2020-08-24,1677-09-22,Journal not adhering to best practice,DOAJ,,interesting reason
oriental journal of chemistry,False,Oriental Journal of Chemistry,0970-020X,2017-05-16,1677-09-22,Suspected editorial misconduct by publisher,DOAJ,,interesting reason
orinoquia,False,Orinoquia,0121-3709,2016-09-23,1677-09-22,Journal not adhering to Best practice,DOAJ,,interesting reason
ormancılık araştırma dergisi,False,Ormancılık Araştırma Dergisi,2149-0783,2022-01-18,1677-09-22,Journal not adhering to Best practice,DOAJ,,interesting reason
orthoplastic surgery,False,Orthoplastic Surgery,2666-769X,2021-11-18,1677-09-22,Suspected editorial misconduct by publisher,DOAJ,,interesting reason
otolaryngology online journal,False,Otolaryngology Online Journal,2250-0359,2017-07-19,1677-09-22,Suspected editorial misconduct by publisher,DOAJ,,interesting reason
ournal of international dental and medical research,False,ournal of International Dental and Medical Research,1309-100X,2016-02-15,1677-09-22,Journal not adhering to Best practice,DOAJ,,interesting reason
outlines : critical practice studies,False,Outlines : Critical Practice Studies,1399-5510,2016-05-09,1677-09-22,Journal not adhering to Best practice,DOAJ,,interesting reason
outskirts: feminisms along the edge,False,Outskirts: Feminisms along the Edge,1445-0445,2017-10-17,1677-09-22,Journal not adhering to Best Practice,DOAJ,,interesting reason
"pachyderm : journal of the african elephant, african rhino and asian rhino specialist groups",False,"Pachyderm : Journal of the African Elephant, African Rhino and Asian Rhino Specialist Groups",1683-5018,2016-12-19,1677-09-22,Journal not adhering to Best practice,DOAJ,,interesting reason
pakistan journal of chemistry,False,Pakistan Journal of Chemistry,2220-2625,2017-02-20,1677-09-22,Journal not adhering to Best practice,DOAJ,,interesting reason
pakistan journal of distance and online learning,False,Pakistan Journal of Distance and Online Learning,2415-2013,2021-11-08,1677-09-22,Suspected editorial misconduct by publisher,DOAJ,,interesting reason
pakistan journal of education,False,Pakistan Journal of Education,1818-3344,2021-11-08,1677-09-22,Suspected editorial misconduct by publisher,DOAJ,,interesting reason
pakistan journal of nutrition,False,Pakistan Journal of Nutrition,1680-5194,2015-02-28,1677-09-22,Journal not adhering to Best practice,DOAJ,,interesting reason
pakistan journal of pharmaceutical research,False,Pakistan Journal of Pharmaceutical Research,2410-6275,2020-09-02,1677-09-22,Journal not adhering to best practice,DOAJ,,interesting reason
pakistan journal of statistics and operation research,False,Pakistan Journal of Statistics and Operation Research,1816-2711,2019-02-06,1677-09-22,Suspected editorial misconduct by publisher,DOAJ,,interesting reason
palastren: jurnal studi gender,False,PALASTReN: Jurnal Studi Gender,2477-5215,2022-02-23,1677-09-22,Journal not adhering to Best practice,DOAJ,,interesting reason
palinsesti : contemporary italian art on-line journal,False,Palinsesti : Contemporary Italian Art On-line Journal,2279-7882,2017-04-03,1677-09-22,Journal not adhering to Best practice,DOAJ,,interesting reason
pamukkale universitesi egitim fakultesi dergisi,False,Pamukkale Universitesi Egitim Fakultesi Dergisi,1301-0085,2017-07-12,1677-09-22,Journal not adhering to Best Practice,DOAJ,,interesting reason
"panace@ : revista de medicina, lenguaje y traducción",False,"Panace@ : Revista de Medicina, Lenguaje y Traducción",1537-1964,2016-10-09,1677-09-22,Journal not adhering to Best practice,DOAJ,,interesting reason
panggung,False,Panggung,0854-3429,2018-11-23,1677-09-22,Journal not adhering to Best practice,DOAJ,,interesting reason
"papeles de trabajo sobre cultura, educación y desarrollo humano",False,"Papeles de Trabajo sobre Cultura, Educación y Desarrollo Humano",1699-437X,2021-07-26,1677-09-22,Journal not adhering to Best practice,DOAJ,,interesting reason
papers on social representations,False,Papers on Social Representations,1819-3978,2017-01-24,1677-09-22,Journal not adhering to Best practice,DOAJ,,interesting reason
paremia,False,Paremia,1132-8940,2016-01-21,1677-09-22,Journal not adhering to Best practice,DOAJ,,interesting reason
parole: journal of linguistics and education,False,Parole: Journal of Linguistics and Education,2338-0683,2021-10-25,1677-09-22,Journal not adhering to Best practice,DOAJ,,interesting reason
payavard salamat,False,Payavard Salamat,1735-8132,2016-03-03,1677-09-22,Journal not adhering to Best practice,DOAJ,,interesting reason
pedagogical research,False,Pedagogical Research,2468-4929,2018-10-24,1677-09-22,Suspected editorial misconduct by publisher,DOAJ,,interesting reason
pediatric urology case reports,False,Pediatric Urology Case Reports,2148-2969,2022-02-10,1677-09-22,Suspected editorial misconduct by publisher,DOAJ,,interesting reason
peerspectives,False,Peerspectives,2187-1191,2017-08-04,1677-09-22,Journal not adhering to Best Practice,DOAJ,,interesting reason
pensamiento constitucional,False,Pensamiento Constitucional,1027-6769,2016-11-11,1677-09-22,Journal not adhering to Best practice,DOAJ,,interesting reason
pensando : revista de filosofia,False,Pensando : Revista de Filosofia,2178-843X,2017-03-25,1677-09-22,Journal not adhering to Best practice,DOAJ,,interesting reason
percurso,False,Percurso,1678-569X,2020-08-01,1677-09-22,Journal not adhering to best practice,DOAJ,,interesting reason
peri,False,PERI,2175-1811,2017-04-12,1677-09-22,Journal not adhering to Best practice,DOAJ,,interesting reason
periodicals of engineering and natural sciences (pen),False,Periodicals of Engineering and Natural Sciences (PEN),2303-4521,2022-03-10,1677-09-22,Journal not adhering to Best practice,DOAJ,,interesting reason
periódico tchê química,False,Periódico Tchê Química,1806-0374,2017-02-17,1677-09-22,Journal not adhering to Best practice,DOAJ,,interesting reason
perner´s contacts,False,Perner´s Contacts,1801-674X,2016-03-03,1677-09-22,No OA statement or licence,DOAJ,,interesting reason
perspectiva educacional formación de profesores,False,Perspectiva Educacional Formación de Profesores,0718-9729﻿,2017-03-31,1677-09-22,Journal not adhering to Best practice,DOAJ,,interesting reason
perspectivas online : biológicas e saúde,False,Perspectivas Online : Biológicas e Saúde,2236-8868,2016-08-24,1677-09-22,Journal not adhering to Best practice,DOAJ,,interesting reason
"perspectives of innovations, economics and business",False,"Perspectives of Innovations, Economics and Business", 1804-0519,2017-05-16,1677-09-22,Suspected editorial misconduct by publisher,DOAJ,,interesting reason
perspektif,False,Perspektif,2406-7385,2020-12-24,1677-09-22,Journal not adhering to best practice,DOAJ,,interesting reason
perspektive bibliothek,False,Perspektive Bibliothek,2194-8992,2017-04-03,1677-09-22,Journal not adhering to Best practice,DOAJ,,interesting reason
pesquisa aplicada & agrotecnologia,False,Pesquisa Aplicada & Agrotecnologia,1984-7548,2016-12-18,1677-09-22,Journal not adhering to Best practice,DOAJ,,interesting reason
pesquisa operacional para o desenvolvimento,False,Pesquisa Operacional para o Desenvolvimento,1984-3534,2017-01-24,1677-09-22,Journal not adhering to Best practice,DOAJ,,interesting reason
pharmacognosy magazine,False,Pharmacognosy Magazine,0976-4062,2017-03-08,1677-09-22,Suspected editorial misconduct by publisher,DOAJ,,interesting reason
pharmacognosy research,False,Pharmacognosy Research,0974-8490,2017-07-07,1677-09-22,Suspected editorial misconduct by publisher,DOAJ,,interesting reason
pharmacognosy reviews,False,Pharmacognosy Reviews,0976-2787,2017-03-08,1677-09-22,Suspected editorial misconduct by publisher,DOAJ,,interesting reason
pharmacology & pharmacy,False,Pharmacology & Pharmacy," 2157-9423, 2157-9431",2015-06-26,1677-09-22,Suspected editorial misconduct by publisher,DOAJ,,interesting reason
philharmonica,False,Philharmonica,2453-613X,2019-09-17,1677-09-22,Suspected editorial misconduct by publisher,DOAJ,,interesting reason
philology,False,Philology,1687-4242,2017-03-14,1677-09-22,Journal not adhering to Best practice,DOAJ,,interesting reason
philomusica,False,Philomusica,1826-9001,2017-04-03,1677-09-22,Journal not adhering to Best practice,DOAJ,,interesting reason
philosophical thought,False,Philosophical Thought,2409-8728,2019-09-17,1677-09-22,Suspected editorial misconduct by publisher,DOAJ,,interesting reason
philosophy and culture,False,Philosophy and Culture,2454-0757,2019-09-17,1677-09-22,Suspected editorial misconduct by publisher,DOAJ,,interesting reason
philosophy and public issues,False,Philosophy and Public Issues,2240-7987,2017-01-03,1677-09-22,Journal not adhering to Best practice,DOAJ,,interesting reason
philosophy for business,False,Philosophy for Business,2043-0736,2017-03-25,1677-09-22,Journal not adhering to Best practice,DOAJ,,interesting reason
philosophy pathways : electronic journal,False,Philosophy Pathways : Electronic Journal,2043-0728,2017-06-24,1677-09-22,Journal not adhering to Best Practice,DOAJ,,interesting reason
pilgrimages : a journal of dorothy richardson studies,False,Pilgrimages : A Journal of Dorothy Richardson Studies,2050-9502,2017-05-16,1677-09-22,Journal not adhering to Best Practice,DOAJ,,interesting reason
pittsburgh journal of technology law & policy,False,Pittsburgh Journal of Technology Law & Policy,2164-800X,2016-11-24,1677-09-22,No editorial board,DOAJ,,interesting reason
plant pathology & quarantine,False,Plant Pathology & Quarantine,2229-2217,2022-03-17,1677-09-22,Journal not adhering to Best practice,DOAJ,,interesting reason
plant root,False,Plant Root,1881-6754,2017-06-24,1677-09-22,Journal not adhering to Best Practice,DOAJ,,interesting reason
plastic and aesthetic research,False,Plastic and Aesthetic Research,2349-6150,2018-08-13,1677-09-22,Suspected editorial misconduct by publisher,DOAJ,,interesting reason
police activity,False,Police Activity,2454-0692,2019-09-17,1677-09-22,Suspected editorial misconduct by publisher,DOAJ,,interesting reason
police and investigative activity,False,Police and Investigative Activity,2409-7810,2019-09-17,1677-09-22,Suspected editorial misconduct by publisher,DOAJ,,interesting reason
policy and governance review,False,Policy and Governance Review,2580-4820,2021-11-09,1677-09-22,Journal not adhering to Best practice,DOAJ,,interesting reason
polish archives of internal medicine,False,Polish Archives of Internal Medicine,0032-3772,2017-05-30,1677-09-22,Journal not adhering to Best Practice,DOAJ,,interesting reason
polish journal of entomology,False,Polish Journal of Entomology,2299-9884,2022-04-27,1677-09-22,Journal not adhering to Best practice,DOAJ,,interesting reason
polish journal of public health,False,Polish Journal of Public Health,2083-4829,2022-04-19,1677-09-22,Journal not adhering to Best practice,DOAJ,,interesting reason
polish journal of surgery,False,Polish Journal of Surgery,0032-373X,2017-08-04,1677-09-22,Journal not adhering to Best Practice,DOAJ,,interesting reason
politics and society,False,Politics and Society,2454-0684,2019-09-17,1677-09-22,Suspected editorial misconduct by publisher,DOAJ,,interesting reason
poljoprivredna tehnika,False,Poljoprivredna Tehnika,0554-5587,2017-04-23,1677-09-22,Journal not adhering to Best practice,DOAJ,,interesting reason
polí­tica y cultura,False,Polí­tica y Cultura,0188-7742,2017-05-16,1677-09-22,Journal not adhering to Best Practice,DOAJ,,interesting reason
porcine research,False,Porcine Research,2248-311X,2017-06-16,1677-09-22,Suspected editorial misconduct by publisher,DOAJ,,interesting reason
positioning,False,Positioning," 2150-850X, 2150-8526",2015-06-26,1677-09-22,Suspected editorial misconduct by publisher,DOAJ,,interesting reason
postmodern openings,False,Postmodern Openings,2069-9387,2017-10-18,1677-09-22,Suspected editorial misconduct by publisher,DOAJ,,interesting reason
prague bulletin of mathematical linguistics,False,Prague Bulletin of Mathematical Linguistics,1804-0462,2022-04-27,1677-09-22,Journal not adhering to Best practice,DOAJ,,interesting reason
pramana - journal of physics,False,Pramana - Journal of Physics,0304-4289,2017-07-07,1677-09-22,Journal not adhering to Best Practice,DOAJ,,interesting reason
pravara medical review,False,Pravara Medical Review,0976-0164,2017-04-26,1677-09-22,Journal not adhering to Best practice,DOAJ,,interesting reason
premise journal,False,Premise Journal,2442-482X,2022-04-18,1677-09-22,Journal not adhering to Best practice,DOAJ,,interesting reason
prenatal cardiology,False,Prenatal Cardiology,2353-8201,2022-04-27,1677-09-22,Journal not adhering to Best practice,DOAJ,,interesting reason
preventing chronic disease,False,Preventing Chronic Disease,1545-1151,2017-01-04,1677-09-22,Journal not adhering to Best practice,DOAJ,,interesting reason
prilozi proučavanju jezika,False,Prilozi Proučavanju Jezika,0555-1137,2016-09-25,1677-09-22,No OA or licence info,DOAJ,,interesting reason
prilozi: makedonska akademija na naukite i umetnostite,False,Prilozi: Makedonska Akademija na Naukite i Umetnostite,0351-3254,2017-01-30,1677-09-22,Journal not adhering to Best practice,DOAJ,,interesting reason
prisma.com,False,Prisma.com,1646-3153,2017-03-14,1677-09-22,Journal not adhering to Best practice,DOAJ,,interesting reason
prismas: revista de historia intelectual,False,Prismas: Revista de Historia Intelectual,1666-1508,2016-12-15,1677-09-22,Journal not adhering to Best practice,DOAJ,,interesting reason
problemas del desarrollo : revista latinoamericana de economã­a,False,Problemas del Desarrollo : Revista Latinoamericana de EconomÃ­a,0301-7036,2017-07-07,1677-09-22,Journal not adhering to Best Practice,DOAJ,,interesting reason
problemi ekonomìki,False,Problemi Ekonomìki,2222-0712,2017-06-03,1677-09-22,Journal not adhering to Best Practice,DOAJ,,interesting reason
"problemi teorìï ta metodologìï buhgaltersʹkogo oblìku, kontrolû ì analìzu",False,"Problemi Teorìï ta Metodologìï Buhgaltersʹkogo Oblìku, Kontrolû ì Analìzu",1994-1749,2020-01-17,1677-09-22,Journal not adhering to Best practice,DOAJ,,interesting reason
problems of education in the 21st century,False,Problems of Education in the 21st Century,1822-7864,2019-01-28,1677-09-22,Suspected editorial misconduct by publisher,DOAJ,,interesting reason
problems of management in the 21st century,False,Problems of Management in the 21st Century,2029-6932,2019-01-28,1677-09-22,Suspected editorial misconduct by publisher,DOAJ,,interesting reason
problems of psychology in the 21st century,False,Problems of Psychology in the 21st Century,2029-8587,2019-01-28,1677-09-22,Suspected editorial misconduct by publisher,DOAJ,,interesting reason
proceedings of nas ra : mechanics,False,Proceedings of NAS RA : Mechanics,0002-3051,2017-09-05,1677-09-22,Journal not adhering to Best Practice,DOAJ,,interesting reason
proceedings of the indian academy of sciences - mathematical sciences,False,Proceedings of the Indian Academy of Sciences - Mathematical Sciences,0253-4142,2017-07-07,1677-09-22,Journal not adhering to Best Practice,DOAJ,,interesting reason
proceedings of the international academy of ecology and environmental sciences,False,Proceedings of the International Academy of Ecology and Environmental Sciences,2220-8860,2017-07-19,1677-09-22,Suspected editorial misconduct by publisher,DOAJ,,interesting reason
"proceedings of the japan academy, series b physical and biological sciences",False,"Proceedings of the Japan Academy, Series B Physical and Biological Sciences",0386-2208,2017-06-24,1677-09-22,Journal not adhering to Best Practice,DOAJ,,interesting reason
proceedings on privacy enhancing technologies,False,Proceedings on Privacy Enhancing Technologies,2299-0984,2022-04-27,1677-09-22,Journal not adhering to Best practice,DOAJ,,interesting reason
proenvironment promediu,False,Proenvironment Promediu,1844-6698,2017-06-16,1677-09-22,Suspected editorial misconduct by publisher,DOAJ,,interesting reason
progress in applied mathematics,False,Progress in Applied Mathematics,1925-251X,2015-10-23,1677-09-22,Suspected editorial misconduct by publisher,DOAJ,,interesting reason
progress in health sciences,False,Progress in Health Sciences,2083-1617,2017-07-10,1677-09-22,Journal not adhering to Best Practice,DOAJ,,interesting reason
progress in physics,False,Progress in Physics,1555-5615,2021-07-07,1677-09-22,Journal not adhering to Best practice,DOAJ,,interesting reason
psicologia : ciência e profissão,False,Psicologia : Ciência e Profissão,1414-9893,2015-09-30,1677-09-22,Journal not adhering to Best practice,DOAJ,,interesting reason
psicologia clínica,False,Psicologia Clínica,0103-5665,2017-03-25,1677-09-22,Journal not adhering to Best practice,DOAJ,,interesting reason
psihologia. pedagogia specială. asistenţa socială,False,Psihologia. Pedagogia specială. Asistenţa socială,1857-0224,2022-03-28,1677-09-22,Journal not adhering to Best practice,DOAJ,,interesting reason
psyart,False,PsyArt,1088-5870,2017-04-27,1677-09-22,Journal not adhering to Best practice,DOAJ,,interesting reason
psychiatria i psychoterapia,False,Psychiatria i Psychoterapia,1895-3166,2017-05-16,1677-09-22,Journal not adhering to Best practice,DOAJ,,interesting reason
psychiatria polska,False,Psychiatria Polska,0033-2674,2017-05-30,1677-09-22,Journal not adhering to Best Practice,DOAJ,,interesting reason
psychological test and assessment modeling,False,Psychological Test and Assessment Modeling,2190-0493,2017-04-03,1677-09-22,No license,DOAJ,,interesting reason
psychology & society,False,Psychology & Society,2041-5893,2017-06-24,1677-09-22,Journal not adhering to Best Practice,DOAJ,,interesting reason
"psychology, society & education",False,"Psychology, Society & Education",2171-2085,2017-04-03,1677-09-22,Journal not adhering to Best practice,DOAJ,,interesting reason
psychoterapia,False,Psychoterapia,2391-5862,2016-09-29,1677-09-22,No OA or licence info,DOAJ,,interesting reason
public health and preventive medicine archives,False,Public Health and Preventive Medicine Archives,2303-1816,2019-05-24,1677-09-22,Journal not adhering to Best practice,DOAJ,,interesting reason
public health of indonesia,False,Public Health of Indonesia,2477-1570,2022-03-03,1677-09-22,Journal not adhering to Best practice,DOAJ,,interesting reason
publicaciones didácticas,False,Publicaciones Didácticas,1989-7073,2016-01-21,1677-09-22,Journal not adhering to Best practice,DOAJ,,interesting reason
pure and applied chemical sciences,False,Pure and Applied Chemical Sciences,2367-5616,2015-04-02,1677-09-22,Journal not adhering to Best Practice,DOAJ,,interesting reason
pure mathematical sciences,False,Pure Mathematical Sciences,1314-751X,2015-04-02,1677-09-22,Journal not adhering to Best Practice,DOAJ,,interesting reason
pure mathematics,False,Pure Mathematics,"2160-7583, 2160-7605",2015-06-26,1677-09-22,Suspected editorial misconduct by publisher,DOAJ,,interesting reason
pyramides : revue du centre d'etudes et de recherches en administration publique,False,Pyramides : Revue du Centre d'Etudes et de Recherches en Administration Publique,1376-098X﻿,2016-09-27,1677-09-22,Journal not adhering to Best practice,DOAJ,,interesting reason
qiguan yizhi,False,Qiguan Yizhi,1674-7445,2021-04-16,1677-09-22,Journal not adhering to Best practice,DOAJ,,interesting reason
qtimes webmagazine,False,QTimes Webmagazine,2038-3282,2017-04-03,1677-09-22,No license nor OA statement,DOAJ,,interesting reason
quantitative economics journal,False,Quantitative Economics Journal,2089-7995,2019-01-23,1677-09-22,Journal not adhering to Best practice,DOAJ,,interesting reason
quran and medicine,False,Quran and Medicine,2251-6166,2017-03-01,1677-09-22,Suspected editorial misconduct by publisher,DOAJ,,interesting reason
radiologia brasileira,False,Radiologia Brasileira,0100-3984,2022-05-03,1677-09-22,Journal not adhering to Best practice,DOAJ,,interesting reason
radovi zavoda za znanstveni rad varaždin,False,Radovi Zavoda za Znanstveni Rad Varaždin,0352-9509,2017-01-21,1677-09-22,no licence,DOAJ,,interesting reason
rasayan journal of chemistry,False,Rasayan Journal of Chemistry,0974-1496,2017-02-20,1677-09-22,Journal not adhering to Best practice,DOAJ,,interesting reason
"rationality, markets and morals",False,"Rationality, Markets and Morals",1869-778X,2016-11-15,1677-09-22,No license,DOAJ,,interesting reason
"recai revista de estudios en contaduría, administración e informática",False,"RECAI Revista de Estudios en Contaduría, Administración e Informática",2007-5278,2019-12-05,1677-09-22,Journal not adhering to Best practice,DOAJ,,interesting reason
recent progress in materials,False,Recent Progress in Materials,2689-5846,2021-04-16,1677-09-22,Suspected editorial misconduct by publisher,DOAJ,,interesting reason
recherche et pratiques pédagogiques en langues de spécialité : cahiers de l'apliut,False,Recherche et Pratiques Pédagogiques en Langues de Spécialité : Cahiers de l'APLIUT,2257-5405,2016-09-26,1677-09-22,Journal not adhering to Best practice,DOAJ,,interesting reason
records of natural products,False,Records of Natural Products,1307-6167,2020-07-01,1677-09-22,Journal not adhering to best practice,DOAJ,,interesting reason
redvet,False,REDVET,1695-7504,2017-07-18,1677-09-22,Journal not adhering to Best Practice,DOAJ,,interesting reason
reec: revista eletrônica de engenharia civil,False,REEC: Revista Eletrônica de Engenharia Civil,2179-0612,2021-09-07,1677-09-22,Journal not adhering to Best practice,DOAJ,,interesting reason
reflexión política,False,REFLEXIÓN POLÍTICA,0124-0781,2016-11-20,1677-09-22,Journal not adhering to Best practice,DOAJ,,interesting reason
rege : revista de gestão,False,Rege : Revista de Gestão,2177-8736,2017-02-17,1677-09-22,Journal not adhering to Best practice,DOAJ,,interesting reason
regional and urban studies and research,False,Regional and Urban Studies and Research,2008-5354,2017-06-24,1677-09-22,Journal not adhering to Best Practice,DOAJ,,interesting reason
register: jurnal ilmiah teknologi sistem informasi,False,Register: Jurnal Ilmiah Teknologi Sistem Informasi,2502-3357,2019-09-17,1677-09-22,Suspected editorial misconduct by publisher,DOAJ,,interesting reason
remise: revue de microbiologie industrielle sanitaire et environnementale,False,REMISE: Revue de Microbiologie Industrielle Sanitaire et Environnementale,2028-0351,2016-11-29,1677-09-22,Journal not adhering to Best practice,DOAJ,,interesting reason
research & reviews : journal of agriculture and allied sciences,False,Research & Reviews : Journal of Agriculture and Allied Sciences,2319-9857,2016-09-02,1677-09-22,Suspected editorial misconduct by publisher,DOAJ,,interesting reason
research & reviews : journal of dental sciences,False,Research & Reviews : Journal of Dental Sciences,2320-7949,2016-09-02,1677-09-22,Suspected editorial misconduct by publisher,DOAJ,,interesting reason
research & reviews : journal of engineering and technology,False,Research & Reviews : Journal of Engineering and Technology,2319-9873,2016-09-02,1677-09-22,Suspected editorial misconduct by publisher,DOAJ,,interesting reason
research & reviews : journal of medical and health sciences,False,Research & Reviews : Journal of Medical and Health Sciences,2319-9865,2016-09-02,1677-09-22,Suspected editorial misconduct by publisher,DOAJ,,interesting reason
research & reviews : journal of microbiology and biotechnology,False,Research & Reviews : Journal of Microbiology and Biotechnology,2320-3528,2016-09-02,1677-09-22,Suspected editorial misconduct by publisher,DOAJ,,interesting reason
research and reviews : journal of botanical science,False,Research and Reviews : Journal of Botanical Science,2320-0189,2016-09-02,1677-09-22,Suspected editorial misconduct by publisher,DOAJ,,interesting reason
research and reviews : journal of chemistry,False,Research and Reviews : Journal of Chemistry,2319-9849,2016-09-02,1677-09-22,Suspected editorial misconduct by publisher,DOAJ,,interesting reason
research and reviews : journal of pharmacy and pharmaceutical sciences,False,Research and Reviews : Journal of Pharmacy and Pharmaceutical Sciences,2320-1215,2016-09-02,1677-09-22,Suspected editorial misconduct by publisher,DOAJ,,interesting reason
research cell : an international journal of engineering sciences,False,Research Cell : An International Journal of Engineering Sciences,2320-0332,2017-02-17,1677-09-22,Journal not adhering to Best practice,DOAJ,,interesting reason
research in applied economics,False,Research in Applied Economics,1948-5433,2015-09-11,1677-09-22,Suspected editorial misconduct by publisher,DOAJ,,interesting reason
research in kinesiology,False,Research in Kinesiology,1857-7679,2016-12-24,1677-09-22,Journal not adhering to Best practice,DOAJ,,interesting reason
research in sierra leone studies : weave,False,Research in Sierra Leone Studies : Weave,2167-9835,2017-10-17,1677-09-22,Journal not adhering to Best Practice,DOAJ,,interesting reason
research in the history of technology,False,Research in the History of Technology,2079-2999,2016-09-27,1677-09-22,No OA or licence info,DOAJ,,interesting reason
research in world economy,False,Research in World Economy,"1923-3981, 1923-399X",2015-09-11,1677-09-22,Suspected editorial misconduct by publisher,DOAJ,,interesting reason
research in: agricultural & veterinary sciences,False,Research In: Agricultural & Veterinary Sciences,2520-6737,2019-11-07,1677-09-22,Suspected editorial misconduct by publisher,DOAJ,,interesting reason
"research journal of applied sciences, engineering and technology",False,"Research Journal of Applied Sciences, Engineering and Technology",2040-7459,2016-10-14,1677-09-22,Suspected editorial misconduct by publisher,DOAJ,,interesting reason
research journal of environmental and earth sciences,False,Research Journal of Environmental and Earth Sciences,2041-0484,2016-10-14,1677-09-22,Suspected editorial misconduct by publisher,DOAJ,,interesting reason
research journal of pure algebra,False,Research Journal of Pure Algebra,2248-9037,2015-10-30,1677-09-22,Journal not adhering to Best practice,DOAJ,,interesting reason
research on modern higher education,False,Research on Modern Higher Education,2310-8991,2019-01-18,1677-09-22,Suspected editorial misconduct by publisher,DOAJ,,interesting reason
research opinions in animal & veterinary sciences,False,Research Opinions in Animal & Veterinary Sciences,2223-0343,2017-10-17,1677-09-22,Journal not adhering to Best Practice,DOAJ,,interesting reason
research papers. faculty of materials science and technology. slovak university of technology in trnava,False,Research Papers. Faculty of Materials Science and Technology. Slovak University of Technology in Trnava,1338-0532,2021-02-24,1677-09-22,Journal not adhering to Best practice,DOAJ,,interesting reason
research revolution,False,Research Revolution,2319-300X,2017-05-03,1677-09-22,Suspected editorial misconduct by publisher,DOAJ,,interesting reason
researchers world : journal of arts science & commerce,False,Researchers World : Journal of Arts Science & Commerce,2229-4686,2017-07-20,1677-09-22,Suspected editorial misconduct by publisher,DOAJ,,interesting reason
researches in mystical literature,False,Researches in Mystical Literature,2008-3130,2017-06-20,1677-09-22,Journal not adhering to Best Practice,DOAJ,,interesting reason
retorika: jurnal ilmu bahasa,False,Retorika: Jurnal Ilmu Bahasa,2443-0668,2021-08-18,1677-09-22,"Journal not adhering to Best practice, no response",DOAJ,,interesting reason
revibec: revista iberoamericana de economía ecológica,False,Revibec: Revista Iberoamericana de Economía Ecológica,1390-2776,2017-06-08,1677-09-22,Journal not adhering to Best Practice,DOAJ,,interesting reason
review of economic and business studies (rebs),False,Review of Economic and Business Studies (REBS),1843-763X,2017-02-20,1677-09-22,Journal not adhering to Best practice,DOAJ,,interesting reason
review of economics & finance,False,Review of Economics & Finance,1923-8401,2017-07-06,1677-09-22,Suspected editorial misconduct by publisher,DOAJ,,interesting reason
review of european studies,False,Review of European Studies,"1918-7173, 1918-7181",2015-09-11,1677-09-22,Suspected editorial misconduct by publisher,DOAJ,,interesting reason
review of international geographical education online,False,Review of International Geographical Education Online,2146-0353,2017-02-27,1677-09-22,Journal not adhering to Best practice,DOAJ,,interesting reason
review of research,False,Review of research,2249-894X,2015-10-27,1677-09-22,Journal not adhering to Best practice,DOAJ,,interesting reason
reviews of progress,False,Reviews of Progress,2321-3485,2016-04-12,1677-09-22,Suspected editorial misconduct by publisher,DOAJ,,interesting reason
revista acesso livre,False,Revista Acesso Livre,2319-0698,2021-09-13,1677-09-22,Journal not adhering to Best practice,DOAJ,,interesting reason
revista alpha,False,Revista Alpha,0718-2201,2016-11-20,1677-09-22,Journal not adhering to Best practice,DOAJ,,interesting reason
revista anacem,False,Revista ANACEM,0718-5308,2016-12-08,1677-09-22,Journal not adhering to Best practice,DOAJ,,interesting reason
revista andina de estudios políticos,False,Revista Andina de Estudios Políticos,2221-4135,2016-08-16,1677-09-22,Journal not adhering to Best practice,DOAJ,,interesting reason
revista argentina de anatomia online,False,Revista Argentina de Anatomia Online,1853-256X,2016-08-16,1677-09-22,Journal not adhering to Best practice,DOAJ,,interesting reason
revista argentina de clinica psicologica,False,Revista Argentina de clinica psicologica,1851-7951,2016-10-26,1677-09-22,No licence nor OA statement,DOAJ,,interesting reason
revista argentina de endocrinología y metabolismo,False,Revista Argentina de Endocrinología y Metabolismo,1851-3034,2017-10-17,1677-09-22,Journal not adhering to Best Practice,DOAJ,,interesting reason
revista batista pioneira,False,Revista Batista Pioneira,2316-462X,2021-09-16,1677-09-22,Journal not adhering to Best practice,DOAJ,,interesting reason
revista brasileira de agroecologia,False,Revista Brasileira de Agroecologia,1980-9735,2020-08-16,1677-09-22,Journal not adhering to best practice,DOAJ,,interesting reason
revista brasileira de ciências sociais,False,Revista Brasileira de Ciências Sociais,0102-6909,2022-05-03,1677-09-22,Journal not adhering to Best practice,DOAJ,,interesting reason
revista brasileira de desenvolvimento regional,False,Revista Brasileira de Desenvolvimento Regional,2317-5443,2017-06-03,1677-09-22,Journal not adhering to Best Practice,DOAJ,,interesting reason
revista brasileira de educação e saúde,False,Revista Brasileira de Educação e Saúde,2358-2391,2020-10-28,1677-09-22,Website URLs have security issues,DOAJ,,interesting reason
revista brasileira de educação em ciência da informação,False,Revista Brasileira de Educação em Ciência da Informação,2358-3193,2022-05-04,1677-09-22,Journal not adhering to Best practice,DOAJ,,interesting reason
revista brasileira de história das religiões,False,Revista Brasileira de História das Religiões,1983-2850,2021-05-11,1677-09-22,Website URLs have security issues,DOAJ,,interesting reason
revista caribeña de ciencias sociales,False,Revista Caribeña de Ciencias Sociales,2254-7630,2021-04-14,1677-09-22,Suspected editorial misconduct by publisher,DOAJ,,interesting reason
revista cenic : ciencias biológicas,False,Revista CENIC : Ciencias Biológicas,2221-2450,2016-11-08,1677-09-22,No OA statement,DOAJ,,interesting reason
revista ces derecho,False,Revista CES Derecho,2145-7719,2017-06-24,1677-09-22,Journal not adhering to Best Practice,DOAJ,,interesting reason
revista ces psicología,False,Revista CES Psicología,2011-3080,2016-09-22,1677-09-22,Journal not adhering to Best practice,DOAJ,,interesting reason
revista ces salud pública,False,Revista CES Salud Pública,2145-9932,2017-06-24,1677-09-22,Journal not adhering to Best Practice,DOAJ,,interesting reason
revista chilena de derecho y ciencia politica,False,Revista Chilena de Derecho y Ciencia Politica,0719-2150,2017-03-01,1677-09-22,Journal not adhering to Best practice,DOAJ,,interesting reason
revista chilena de enfermedades respiratorias,False,Revista Chilena de Enfermedades Respiratorias,0717-5698,2017-05-22,1677-09-22,Journal not adhering to Best Practice,DOAJ,,interesting reason
revista chilena de neuropsicología,False,Revista Chilena de Neuropsicología,0718-0551,2016-12-07,1677-09-22,Journal not adhering to Best practice,DOAJ,,interesting reason
revista científica (instituto de investigaciones químicas y biológicas. facultad de ciencias químicas y farmacia. universidad de san carlos de guatemala),False,Revista Científica (Instituto de Investigaciones Químicas y Biológicas. Facultad de Ciencias Químicas y Farmacia. Universidad de San Carlos de Guatemala),2070-8246,2019-09-08,1677-09-22,Journal not adhering to Best practice,DOAJ,,interesting reason
revista científica ciencia médica,False,Revista Científica Ciencia Médica,1817-7433,2017-05-22,1677-09-22,Journal not adhering to Best Practice,DOAJ,,interesting reason
revista científica hermes,False,Revista Científica Hermes,2175-0556,2021-08-20,1677-09-22,Journal not adhering to Best practice,DOAJ,,interesting reason
revista ciências do trabalho,False,Revista Ciências do Trabalho,2319-0574,2020-08-16,1677-09-22,Journal not adhering to best practice,DOAJ,,interesting reason
revista comunicação midiática,False,Revista Comunicação Midiática,2236-8000,2017-03-25,1677-09-22,Journal not adhering to Best practice,DOAJ,,interesting reason
revista contemporânea,False,Revista Contemporânea,1806-0498,2017-03-13,1677-09-22,Journal not adhering to Best practice,DOAJ,,interesting reason
revista costarricense de cardiología,False,Revista Costarricense de Cardiología,1409-4142,2016-11-21,1677-09-22,Journal not adhering to Best practice,DOAJ,,interesting reason
revista costarricense de salud pública,False,Revista Costarricense de Salud Pública,1409-1429,2016-11-21,1677-09-22,Journal not adhering to Best practice,DOAJ,,interesting reason
revista crítica de historia de las relaciones laborales y de la política social,False,Revista Crítica de Historia de las Relaciones Laborales y de la Política Social,2173-0822,2020-02-20,1677-09-22,Journal not adhering to Best practice,DOAJ,,interesting reason
revista crítica histórica,False,Revista Crítica Histórica,2177-9961,2017-01-26,1677-09-22,Journal not adhering to Best practice,DOAJ,,interesting reason
revista da associação médica brasileira,False,Revista da Associação Médica Brasileira,0104-4230,2022-05-03,1677-09-22,Journal not adhering to Best practice,DOAJ,,interesting reason
revista da escola de enfermagem da usp,False,Revista da Escola de Enfermagem da USP,1980-220X,2022-05-04,1677-09-22,Journal not adhering to Best practice,DOAJ,,interesting reason
revista da faculdade de direito da universidade federal de uberlândia,False,Revista da Faculdade de Direito da Universidade Federal de Uberlândia,2177-4919,2017-06-24,1677-09-22,Journal not adhering to Best Practice,DOAJ,,interesting reason
revista da faeeba. educação e contemporaneidade,False,Revista da FAEEBA. Educação e Contemporaneidade,0104-7043,2021-10-09,1677-09-22,Journal not adhering to Best practice,DOAJ,,interesting reason
revista de administração da fatea,False,Revista de Administração da Fatea,2176-8412,2019-12-05,1677-09-22,Journal not adhering to Best practice,DOAJ,,interesting reason
revista de administração de roraima,False,Revista de Administração de Roraima,2237-8057,2020-08-25,1677-09-22,Journal not adhering to best practice,DOAJ,,interesting reason
revista de análisis económico (rae),False,Revista de Análisis Económico (RAE),0716-5927,2017-05-22,1677-09-22,Journal not adhering to Best Practice,DOAJ,,interesting reason
revista de arqueología histórica argentina y latinoamericana,False,Revista de Arqueología Histórica Argentina y Latinoamericana,2344-9918,2017-02-17,1677-09-22,Journal not adhering to Best practice,DOAJ,,interesting reason
revista de arquitectura e ingenieria,False,Revista de Arquitectura e Ingenieria,1990-8830,2016-11-08,1677-09-22,No OA statement,DOAJ,,interesting reason
revista de ciencia política,False,Revista de Ciencia Política,0716-1417,2017-03-14,1677-09-22,Journal not adhering to Best practice,DOAJ,,interesting reason
revista de direito internacional,False,Revista de Direito Internacional,2236-997X,2021-09-16,1677-09-22,Journal not adhering to Best practice,DOAJ,,interesting reason
revista de economie sociala,False,Revista de Economie Sociala,2248-0560,2017-06-24,1677-09-22,Journal not adhering to Best Practice,DOAJ,,interesting reason
revista de economía crítica,False,Revista de Economía Crítica,1696-0866,2017-04-20,1677-09-22,Journal not adhering to Best practice,DOAJ,,interesting reason
revista de estudos e pesquisas sobre as américas,False,Revista de Estudos e Pesquisas sobre as Américas,1984-1639,2021-08-20,1677-09-22,Journal not adhering to Best practice,DOAJ,,interesting reason
revista de finanças aplicadas,False,Revista de Finanças Aplicadas,2176-8854,2017-03-31,1677-09-22,Journal not adhering to Best practice,DOAJ,,interesting reason
revista de geografia da ufc,False,Revista de Geografia da UFC,1984-2201,2019-12-05,1677-09-22,Journal not adhering to Best practice,DOAJ,,interesting reason
revista de gestión pública,False,Revista de Gestión Pública,0719-1820,2017-05-16,1677-09-22,Journal not adhering to Best Practice,DOAJ,,interesting reason
revista de história da ueg,False,Revista de História da UEG,2316-4379,2021-09-13,1677-09-22,Journal not adhering to Best practice,DOAJ,,interesting reason
revista de ingeniería,False,Revista de Ingeniería,2011-0049,2020-09-07,1677-09-22,Journal not adhering to best practice,DOAJ,,interesting reason
revista de investigación en educación,False,Revista de Investigación en Educación,2172-3427,2016-11-01,1677-09-22,Journal not adhering to Best practice,DOAJ,,interesting reason
revista de la asociación española de neuropsiquiatría,False,Revista de la Asociación Española de Neuropsiquiatría,2340-2733,2017-02-17,1677-09-22,Journal not adhering to Best practice,DOAJ,,interesting reason
revista de la sociedad española del dolor,False,Revista de la Sociedad Española del Dolor,1134-8046,2017-01-03,1677-09-22,Journal not adhering to Best practice,DOAJ,,interesting reason
"revista de la sociedad otorrinolaringológica de castilla y león, cantabria y la rioja",False,"Revista de la Sociedad Otorrinolaringológica de Castilla y León, Cantabria y La Rioja",2171-9381,2017-02-20,1677-09-22,Journal not adhering to Best practice,DOAJ,,interesting reason
revista de negócios,False,Revista de Negócios,1980-4431,2017-02-17,1677-09-22,No OA statement,DOAJ,,interesting reason
revista de nutrição,False,Revista de Nutrição,1415-5273,2022-05-03,1677-09-22,Journal not adhering to Best practice,DOAJ,,interesting reason
revista de psicología y educación,False,Revista de Psicología y Educación,1699-9517,2016-08-16,1677-09-22,Journal not adhering to Best practice,DOAJ,,interesting reason
revista de sociologia e política,False,Revista de Sociologia e Política,1678-9873,2022-05-04,1677-09-22,Journal not adhering to Best practice,DOAJ,,interesting reason
revista de toxicología,False,Revista de Toxicología,0212-7113,2017-07-18,1677-09-22,Journal not adhering to Best Practice,DOAJ,,interesting reason
revista del centro de investigación. universidad la salle,False,Revista del Centro de Investigación. Universidad La Salle,1405-6690,2017-02-09,1677-09-22,Journal not adhering to Best practice,DOAJ,,interesting reason
revista diálogos do direito,False,Revista Diálogos do Direito,2316-2112,2017-05-08,1677-09-22,Journal not adhering to Best practice,DOAJ,,interesting reason
revista do instituto de medicina tropical de são paulo,False,Revista do Instituto de Medicina Tropical de São Paulo,0036-4665,2022-05-03,1677-09-22,Journal not adhering to Best practice,DOAJ,,interesting reason
revista e-mercatoria,False,Revista e-Mercatoria,1692-3960,2018-11-15,1677-09-22,Journal not adhering to Best practice,DOAJ,,interesting reason
revista educ@rnos,False,Revista Educ@rnos,2007-1930,2017-03-11,1677-09-22,Journal not adhering to Best practice,DOAJ,,interesting reason
revista eixo,False,Revista Eixo,2238-9504,2021-09-13,1677-09-22,Journal not adhering to Best practice,DOAJ,,interesting reason
revista electrónica de portalesmedicos.com,False,Revista Electrónica de PortalesMedicos.com,1886-8924,2016-11-20,1677-09-22,Journal not adhering to Best practice,DOAJ,,interesting reason
revista electrónica sinéctica,False,Revista electrónica Sinéctica,1665-109X,2017-04-20,1677-09-22,Journal not adhering to Best practice,DOAJ,,interesting reason
revista eletrônica de administração e turismo,False,Revista Eletrônica de Administração e Turismo,2316-5812,2021-09-13,1677-09-22,Journal not adhering to Best practice,DOAJ,,interesting reason
revista eletrônica de sistemas de informação,False,Revista Eletrônica de Sistemas de Informação,1677-3071,2017-02-20,1677-09-22,Journal not adhering to Best practice,DOAJ,,interesting reason
"revista eletrônica em gestão, educação e tecnologia ambiental",False,"Revista Eletrônica em Gestão, Educação e Tecnologia Ambiental",2236-1170,2016-04-06,1677-09-22,Journal not adhering to Best practice,DOAJ,,interesting reason
revista eletrônica pesquiseduca,False,Revista Eletrônica PESQUISEDUCA,2177-1626,2016-01-21,1677-09-22,Journal not adhering to Best practice,DOAJ,,interesting reason
revista emancipação,False,Revista Emancipação,1519-7611,2020-06-23,1677-09-22,Journal not adhering to best practice,DOAJ,,interesting reason
revista enfoques: ciencia política y administración pública,False,Revista Enfoques: Ciencia Política y Administración Pública,0718-0241,2016-11-11,1677-09-22,Journal not adhering to Best practice,DOAJ,,interesting reason
revista espamciencia,False,Revista Espamciencia,1390-597X,2021-05-26,1677-09-22,Journal not adhering to Best practice,DOAJ,,interesting reason
revista espaço e geografia,False,Revista Espaço e Geografia,1516-9375,2022-05-04,1677-09-22,Journal not adhering to Best practice,DOAJ,,interesting reason
revista estudos hum(e)anos,False,Revista Estudos Hum(e)anos,2177-1006,2017-01-18,1677-09-22,Journal not adhering to Best practice,DOAJ,,interesting reason
revista estudos políticos,False,Revista Estudos Políticos,2177-2851,2017-02-10,1677-09-22,Journal not adhering to Best practice,DOAJ,,interesting reason
revista expectativa,False,Revista Expectativa,1676-045X,2021-04-07,1677-09-22,Journal not adhering to Best practice,DOAJ,,interesting reason
revista filosofia capital,False,Revista Filosofia Capital,1982-6613,2016-09-23,1677-09-22,Journal not adhering to Best practice,DOAJ,,interesting reason
revista gestão & tecnologia,False,Revista Gestão & Tecnologia,2177-6652,2017-06-03,1677-09-22,Journal not adhering to Best Practice,DOAJ,,interesting reason
revista global manager,False,Revista Global Manager,1676-2819,2020-08-16,1677-09-22,Journal not adhering to best practice,DOAJ,,interesting reason
"revista globalización, competitividad y gobernabilidad",False,"Revista Globalización, Competitividad y Gobernabilidad",1988-7116,2017-02-17,1677-09-22,Journal not adhering to Best practice,DOAJ,,interesting reason
revista gênero & direito,False,Revista Gênero & Direito,2177-0409,2020-08-16,1677-09-22,Journal not adhering to best practice,DOAJ,,interesting reason
revista hipótese,False,Revista Hipótese,2446-7154,2021-09-16,1677-09-22,Journal not adhering to Best practice,DOAJ,,interesting reason
revista hydra,False,Revista Hydra,2447-942X,2018-10-14,1677-09-22,Journal not adhering to Best practice,DOAJ,,interesting reason
revista ibero-americana de estratégia,False,Revista Ibero-Americana de Estratégia,2176-0756,2020-01-15,1677-09-22,Journal not adhering to Best practice,DOAJ,,interesting reason
revista ibero-americana de podologia,False,Revista Ibero-Americana de Podologia,2674-8215,2022-05-11,1677-09-22,Suspected editorial misconduct by publisher,DOAJ,,interesting reason
revista iberoamericana de las ciencias biológicas y agropecuarias,False,Revista Iberoamericana de las Ciencias Biológicas y Agropecuarias,2007-9990,2017-02-24,1677-09-22,Suspected editorial misconduct by publisher,DOAJ,,interesting reason
revista iberoamericana de psicología y salud,False,Revista Iberoamericana de Psicología y Salud,1989-9246,2017-01-31,1677-09-22,Journal not adhering to Best practice,DOAJ,,interesting reason
revista iberoamericana para la investigación y el desarrollo educativo,False,Revista Iberoamericana para la Investigación y el Desarrollo Educativo,2007-7467,2017-02-24,1677-09-22,Suspected editorial misconduct by publisher,DOAJ,,interesting reason
revista inspirar : movimento e saúde,False,Revista Inspirar : Movimento e Saúde,2175-537X,2017-02-24,1677-09-22,Journal not adhering to Best practice,DOAJ,,interesting reason
revista internacional consinter de direito,False,Revista Internacional Consinter de Direito,2183-6396,2020-07-10,1677-09-22,Journal not adhering to best practice,DOAJ,,interesting reason
revista internacional de educación musical,False,Revista Internacional de Educación Musical,2307-4841,2018-07-06,1677-09-22,Journal not adhering to Best practice,DOAJ,,interesting reason
revista investigación operacional,False,Revista Investigación Operacional,0257-4306,2016-12-15,1677-09-22,Journal not adhering to Best practice,DOAJ,,interesting reason
revista jurídica do cesuca,False,Revista Jurídica do Cesuca,2317-9554,2017-02-17,1677-09-22,Journal not adhering to Best practice,DOAJ,,interesting reason
revista labverde,False,Revista LABVERDE,2179-2275,2019-12-05,1677-09-22,Journal not adhering to Best practice,DOAJ,,interesting reason
revista latina de comunicación social,False,Revista Latina de Comunicación Social,1138-5820,2021-11-09,1677-09-22,Journal not adhering to Best practice,DOAJ,,interesting reason
"revista latinoamericana de estudios sobre cuerpos, emociones y sociedad (relaces)",False,"Revista Latinoamericana de Estudios Sobre Cuerpos, Emociones y Sociedad (RELACES)",1852-8759,2016-01-21,1677-09-22,Journal not adhering to Best practice,DOAJ,,interesting reason
revista latinoamericana de filosofía,False,Revista Latinoamericana de Filosofía,0325-0725,2017-02-22,1677-09-22,Journal not adhering to Best practice,DOAJ,,interesting reason
revista letrando,False,Revista Letrando,2317-0735,2018-03-26,1677-09-22,Journal not adhering to Best practice,DOAJ,,interesting reason
revista libertas,False,Revista Libertas,2319-0159,2020-08-16,1677-09-22,Journal not adhering to best practice,DOAJ,,interesting reason
revista lusófona de educação,False,Revista Lusófona de Educação,1645-7250,2017-01-11,1677-09-22,Journal not adhering to Best practice,DOAJ,,interesting reason
revista mexicana de análisis político y administración pública,False,Revista Mexicana de Análisis Político y Administración Pública,2007-4425,2017-03-06,1677-09-22,Journal not adhering to Best practice,DOAJ,,interesting reason
revista mexicana de astronomía y astrofísica,False,Revista Mexicana de Astronomía y Astrofísica,0185-1101,2017-08-03,1677-09-22,Journal not adhering to Best Practice,DOAJ,,interesting reason
revista mexicana de ciencias agrícolas,False,Revista Mexicana de Ciencias Agrícolas,2007-0934,2017-04-27,1677-09-22,Journal not adhering to Best practice,DOAJ,,interesting reason
revista mexicana de ciencias polí­ticas y sociales,False,Revista Mexicana de Ciencias Polí­ticas y Sociales,0185-1918,2017-06-30,1677-09-22,Journal not adhering to Best Practice,DOAJ,,interesting reason
revista mexicana de ingeniería biomédica,False,Revista Mexicana de Ingeniería Biomédica,2395-9126,2016-11-03,1677-09-22,No licence nor OA statement,DOAJ,,interesting reason
revista mexicana de sociología,False,Revista Mexicana de Sociología,0188-2503,2017-06-30,1677-09-22,Journal not adhering to Best Practice,DOAJ,,interesting reason
revista negotium,False,Revista Negotium,1856-1810,2022-04-10,1677-09-22,Journal not adhering to Best practice,DOAJ,,interesting reason
revista observaciones filosóficas,False,Revista Observaciones Filosóficas,0718-3712,2015-11-30,1677-09-22,Journal not adhering to Best practice,DOAJ,,interesting reason
revista paranaense de educação matemática,False,Revista Paranaense de Educação Matemática,2238-5800,2021-05-11,1677-09-22,Journal not adhering to Best practice,DOAJ,,interesting reason
revista peruana de ginecología y obstetricia,False,Revista Peruana de Ginecología y Obstetricia,2304-5132,2020-08-31,1677-09-22,Journal not adhering to best practice,DOAJ,,interesting reason
revista portuguesa de cirurgia,False,Revista Portuguesa de Cirurgia,2183-1165,2016-11-05,1677-09-22,Journal not adhering to Best practice,DOAJ,,interesting reason
revista portuguesa de medicina geral e familiar,False,Revista Portuguesa de Medicina Geral e Familiar,2182-5173,2017-05-29,1677-09-22,Journal not adhering to Best Practice,DOAJ,,interesting reason
revista profissão docente,False,Revista Profissão Docente,1519-0919,2016-08-16,1677-09-22,Journal not adhering to Best practice,DOAJ,,interesting reason
revista práxis educacional,False,Revista Práxis Educacional,1809-0249,2017-02-12,1677-09-22,Journal not adhering to Best practice,DOAJ,,interesting reason
revista pós ciências sociais,False,Revista Pós Ciências Sociais,1983-4527,2021-03-05,1677-09-22,Journal not adhering to Best practice,DOAJ,,interesting reason
revista retratos da escola,False,Revista Retratos da Escola,1982-131X,2021-09-16,1677-09-22,Journal not adhering to Best practice,DOAJ,,interesting reason
revista romaneasca pentru educatie multidimensionala,False,Revista Romaneasca pentru Educatie Multidimensionala,2067-9270,2017-10-17,1677-09-22,Suspected editorial misconduct by publisher,DOAJ,,interesting reason
"revista sapiência : sociedade, sabres e práticas educacionais",False,"Revista Sapiência : Sociedade, Sabres e Práticas Educacionais",2238-3565,2018-03-26,1677-09-22,Journal not adhering to Best practice,DOAJ,,interesting reason
revista saúde.com,False,Revista Saúde.Com,1809-0761,2016-08-16,1677-09-22,Journal not adhering to Best practice,DOAJ,,interesting reason
revista tecnología y sociedad,False,Revista Tecnología y Sociedad,2314-3037,2017-02-17,1677-09-22,Journal not adhering to Best practice,DOAJ,,interesting reason
revista tecnológica,False,Revista Tecnológica,1517-8048,2021-05-11,1677-09-22,Website URLs have security issues,DOAJ,,interesting reason
revista tradumàtica: traducció i tecnologies de la informació i la comunicació,False,Revista Tradumàtica: Traducció i Tecnologies de la Informació i la Comunicació,1578-7559,2017-06-08,1677-09-22,Journal not adhering to Best Practice,DOAJ,,interesting reason
revista uruguaya de cardiología,False,Revista Uruguaya de Cardiología,0797-0048,2017-07-03,1677-09-22,Journal not adhering to Best Practice,DOAJ,,interesting reason
revista virtual de estudos da linguagem,False,Revista Virtual de Estudos da Linguagem,1678-8931,2017-02-23,1677-09-22,Journal not adhering to Best practice,DOAJ,,interesting reason
revista virtual de química,False,Revista Virtual de Química,1984-6835,2016-08-16,1677-09-22,Journal not adhering to Best practice,DOAJ,,interesting reason
"revue de la régulation : capitalisme, institutions, pouvoirs",False,"Revue de la Régulation : Capitalisme, Institutions, Pouvoirs",1957-7796,2016-09-24,1677-09-22,Journal not adhering to Best practice,DOAJ,,interesting reason
revue de recherche en civilisation américaine,False,Revue de Recherche en Civilisation Américaine,2101-048X,2016-09-30,1677-09-22,Journal not adhering to Best practice,DOAJ,,interesting reason
revue du contrôle de la comptabilité et de l’audit,False,Revue du Contrôle de la Comptabilité et de l’Audit,2605-6453,2020-05-28,1677-09-22,Suspected editorial misconduct by publisher,DOAJ,,interesting reason
revue d’études benthamiennes,False,Revue d’Études Benthamiennes,1760-7507,2016-09-30,1677-09-22,Journal not adhering to Best practice,DOAJ,,interesting reason
revue historique des armées,False,Revue Historique des Armées,0035-3299,2016-11-27,1677-09-22,Journal not adhering to Best practice,DOAJ,,interesting reason
rgush journal of pharmaceutical sciences,False,RGUSH Journal of Pharmaceutical Sciences,2249-2208,2016-10-14,1677-09-22,Suspected editorial misconduct by publisher,DOAJ,,interesting reason
rimcis : international and multidisciplinary journal of social sciences,False,RIMCIS : International and Multidisciplinary Journal of Social Sciences,2014-3680,2021-09-06,1677-09-22,Journal not adhering to Best practice,DOAJ,,interesting reason
riset: geologi dan pertambangan,False,Riset: Geologi dan Pertambangan,2354-6638,2022-03-29,1677-09-22,Journal not adhering to Best practice,DOAJ,,interesting reason
rita_,False,rita_,2340-9711,2019-12-05,1677-09-22,Journal not adhering to Best practice,DOAJ,,interesting reason
rla : revista de lingüística teórica y aplicada,False,RLA : Revista de Lingüística Teórica y Aplicada,0718-4883,2017-01-23,1677-09-22,Journal not adhering to Best practice,DOAJ,,interesting reason
romai journal,False,ROMAI Journal,1841-5512,2017-07-12,1677-09-22,Journal not adhering to Best Practice,DOAJ,,interesting reason
roman legal tradition,False,Roman Legal Tradition,1943-6483,2021-07-19,1677-09-22,Journal not adhering to Best practice,DOAJ,,interesting reason
romanian journal of diabetes nutrition and metabolic diseases,False,Romanian Journal of Diabetes Nutrition and Metabolic Diseases,2284-6417,2022-04-27,1677-09-22,Journal not adhering to Best practice,DOAJ,,interesting reason
romanticism and victorianism on the net,False,Romanticism and Victorianism on the Net,1916-1441,2017-02-18,1677-09-22,Journal not adhering to Best practice,DOAJ,,interesting reason
rsbo,False,RSBO,1806-7727,2016-12-31,1677-09-22,Journal not adhering to Best practice,DOAJ,,interesting reason
ruthenica,False,Ruthenica,0136-0027,2017-03-12,1677-09-22,Journal not adhering to Best practice,DOAJ,,interesting reason
rétor,False,Rétor,1853-6034,2016-12-07,1677-09-22,Journal not adhering to Best practice,DOAJ,,interesting reason
sadhana,False,Sadhana,0256-2499,2017-07-07,1677-09-22,Journal not adhering to Best Practice,DOAJ,,interesting reason
sakarya university journal of education,False,Sakarya University Journal of Education,2146-7455,2017-05-06,1677-09-22,Journal not adhering to Best practice,DOAJ,,interesting reason
sakarya university journal of science,False,Sakarya University Journal of Science,1301-4048,2020-02-27,1677-09-22,Suspected editorial misconduct by publisher,DOAJ,,interesting reason
salus online,False,Salus Online,1316-7138,2016-08-16,1677-09-22,Journal not adhering to Best practice,DOAJ,,interesting reason
samples : online-publikationen der gesellschaft für popularmusikforschung,False,Samples : Online-Publikationen der Gesellschaft für Popularmusikforschung,1612-8001,2016-11-15,1677-09-22,No license,DOAJ,,interesting reason
sanat tarihi dergisi,False,Sanat Tarihi Dergisi,1300-5707,2022-02-14,1677-09-22,Journal not adhering to Best practice,DOAJ,,interesting reason
sanidad militar,False,Sanidad Militar,1887-8571,2017-01-31,1677-09-22,Journal not adhering to Best practice,DOAJ,,interesting reason
scholars world : international refereed multidsciplinary journal of contemporary research,False,Scholars World : International Refereed Multidsciplinary Journal of Contemporary Research,2319-5789,2015-11-19,1677-09-22,Journal not adhering to Best practice,DOAJ,,interesting reason
"science, religion and culture",False,"Science, Religion and Culture",2055-222X,2016-11-30,1677-09-22,Journal not adhering to Best practice,DOAJ,,interesting reason
"science, technology and arts research journal",False,"Science, Technology and Arts Research Journal",2226-7522,2018-04-26,1677-09-22,Suspected editorial misconduct by publisher,DOAJ,,interesting reason
sciences eaux & territoires: la revue du irstea,False,Sciences Eaux & Territoires: la Revue du IRSTEA,2109-3016,2016-10-13,1677-09-22,Journal not adhering to Best practice,DOAJ,,interesting reason
scientia agriculturae bohemica,False,Scientia Agriculturae Bohemica,1211-3174,2022-04-27,1677-09-22,Journal not adhering to Best practice,DOAJ,,interesting reason
scientia militaria : south african journal of military studies,False,Scientia Militaria : South African Journal of Military Studies,2224-0020,2016-11-14,1677-09-22,"No licence , peer review inadequate",DOAJ,,interesting reason
scientiae educatia,False,Scientiae Educatia,2303-1530,2019-02-22,1677-09-22,Journal not adhering to Best practice,DOAJ,,interesting reason
scientific bulletin biotechnology : series f,False,Scientific Bulletin Biotechnology : Series F,2285-1364,2017-09-11,1677-09-22,Journal not adhering to Best Practice,DOAJ,,interesting reason
scientific herald of the voronezh state university of architecture and civil engineering,False,Scientific Herald of the Voronezh State University of Architecture and Civil Engineering,2075-0811,2016-12-20,1677-09-22,Journal not adhering to Best practice,DOAJ,,interesting reason
scientific journal of animal science,False,Scientific Journal of Animal Science,2322-1704,2017-07-12,1677-09-22,Suspected editorial misconduct by publisher,DOAJ,,interesting reason
scientific journal of biological sciences,False,Scientific Journal of Biological Sciences,2322-1968,2017-07-12,1677-09-22,Suspected editorial misconduct by publisher,DOAJ,,interesting reason
scientific journal of crop science,False,Scientific Journal of Crop Science,2322-1690,2017-07-12,1677-09-22,Suspected editorial misconduct by publisher,DOAJ,,interesting reason
scientific journal of environmental sciences,False,Scientific Journal of Environmental Sciences,2322-5017,2017-07-12,1677-09-22,Suspected editorial misconduct by publisher,DOAJ,,interesting reason
scientific journal of microbiology,False,Scientific Journal of Microbiology,2322-2948,2017-07-12,1677-09-22,Suspected editorial misconduct by publisher,DOAJ,,interesting reason
scientific journal of pure and applied sciences,False,Scientific Journal of Pure and Applied Sciences,2322-2956,2017-07-12,1677-09-22,Suspected editorial misconduct by publisher,DOAJ,,interesting reason
scientific journal of rehabilitation medicine,False,Scientific Journal of Rehabilitation Medicine,2251-8401,2017-07-12,1677-09-22,Journal not adhering to Best Practice,DOAJ,,interesting reason
scientific journal of review,False,Scientific Journal of Review,2322-2433,2017-07-12,1677-09-22,Suspected editorial misconduct by publisher,DOAJ,,interesting reason
scientific journal of veterinary advances,False,Scientific Journal of Veterinary Advances,2322-1879,2017-07-12,1677-09-22,Suspected editorial misconduct by publisher,DOAJ,,interesting reason
scientific journal of zoology,False,Scientific Journal of Zoology,2322-293X,2017-07-12,1677-09-22,Suspected editorial misconduct by publisher,DOAJ,,interesting reason
scientific papers of silesian university of technology. organization and management series,False,Scientific Papers of Silesian University of Technology. Organization and Management Series,1641-3466,2020-10-07,1677-09-22,Journal not adhering to best practice,DOAJ,,interesting reason
scientific research and essays,False,Scientific Research and Essays,1992-2248,2016-09-06,1677-09-22,Suspected editorial misconduct by publisher,DOAJ,,interesting reason
scimetr,False,Scimetr,2351-9681,2017-03-01,1677-09-22,Suspected editorial misconduct by publisher,DOAJ,,interesting reason
security and social order strategic studies journal,False,Security and Social Order Strategic Studies Journal,2322-3456,2017-05-19,1677-09-22,Journal not adhering to Best Practice,DOAJ,,interesting reason
security issue,False,Security issue,2409-7543,2019-09-17,1677-09-22,Suspected editorial misconduct by publisher,DOAJ,,interesting reason
sehepunkte : rezensionsjournal für die geschichtswissenschaften,False,sehepunkte : Rezensionsjournal für die Geschichtswissenschaften,1618-6168,2017-02-08,1677-09-22,No info on license,DOAJ,,interesting reason
semen,False,Semen,0761-2990,2016-10-15,1677-09-22,Journal not adhering to Best practice,DOAJ,,interesting reason
seminaire lotharingien de combinatoire,False,Seminaire Lotharingien de Combinatoire,1286-4889,2017-06-19,1677-09-22,Journal not adhering to Best Practice,DOAJ,,interesting reason
sententia: european journal of humanities and social sciences,False,Sententia: European Journal of Humanities and Social Sciences,1339-4010,2019-09-17,1677-09-22,Suspected editorial misconduct by publisher,DOAJ,,interesting reason
serbian journal of dermatology and venereology,False,Serbian Journal of Dermatology and Venereology,2406-0631,2022-04-19,1677-09-22,Journal not adhering to Best practice,DOAJ,,interesting reason
serie bibliotecología y gestión de información,False,Serie Bibliotecología y Gestión de Información,0718-1701,2016-01-21,1677-09-22,Journal not adhering to Best practice,DOAJ,,interesting reason
shafa orthopedic journal,False,Shafa Orthopedic Journal,2383-4315,2019-10-04,1677-09-22,Suspected editorial misconduct by publisher,DOAJ,,interesting reason
shirkah journal of economics and business,False,Shirkah Journal of Economics and Business,2503-4243,2022-02-16,1677-09-22,Journal not adhering to Best practice,DOAJ,,interesting reason
shìd,False,Shìd,1728-9343,2017-07-13,1677-09-22,Journal not adhering to Best Practice,DOAJ,,interesting reason
sigmae,False,Sigmae,2317-0840,2017-04-11,1677-09-22,Journal not adhering to Best practice,DOAJ,,interesting reason
signal processing : an international journal,False,Signal Processing : An International Journal,1985-2339,2016-10-10,1677-09-22,Journal not adhering to Best practice,DOAJ,,interesting reason
signifikan,False,Signifikan,2476-9223,2022-02-23,1677-09-22,Journal not adhering to Best practice,DOAJ,,interesting reason
signos históricos,False,Signos Históricos,1665-4420,2017-06-08,1677-09-22,Journal not adhering to Best Practice,DOAJ,,interesting reason
sigurnost,False,Sigurnost,0350-6886,2017-01-21,1677-09-22,no licence,DOAJ,,interesting reason
silpakorn university science and technology journal,False,Silpakorn University Science and Technology Journal,1905-9159,2015-11-04,1677-09-22,Journal not adhering to Best practice,DOAJ,,interesting reason
sintagma. revista de lingüística,False,Sintagma. Revista de Lingüística,0214-9141,2016-01-21,1677-09-22,Journal not adhering to Best practice,DOAJ,,interesting reason
sir syed journal of education & social research,False,Sir Syed Journal of Education & Social Research,2706-6525,2021-01-15,1677-09-22,Journal not adhering to best practice,DOAJ,,interesting reason
sistemas & gestão,False,Sistemas & Gestão,1980-5160,2017-03-02,1677-09-22,Journal not adhering to Best practice,DOAJ,,interesting reason
sjme: supremum journal of mathematics education,False,SJME: Supremum Journal of Mathematics Education,2549-3639,2018-08-06,1677-09-22,Journal not adhering to Best practice,DOAJ,,interesting reason
skandinaviske sprogstudier,False,Skandinaviske Sprogstudier,1904-7843,2017-06-24,1677-09-22,Journal not adhering to Best Practice,DOAJ,,interesting reason
skase journal of theoretical linguistics,False,SKASE Journal of Theoretical Linguistics,1336-782X,2017-02-23,1677-09-22,Journal not adhering to Best practice,DOAJ,,interesting reason
slovo : journal of slavic languages and literatures,False,Slovo : Journal of Slavic Languages and Literatures,0348-744X,2016-01-19,1677-09-22,Journal not adhering to Best practice,DOAJ,,interesting reason
"smad revista electrónica salud mental, alcohol y drogas",False,"SMAD Revista Electrónica Salud Mental, Alcohol y Drogas",1806-6976,2016-08-24,1677-09-22,Journal not adhering to Best practice,DOAJ,,interesting reason
smad: revista eletrônica saúde mental álcool e drogas,False,SMAD: Revista Eletrônica Saúde Mental Álcool e Drogas,1806-6976,2016-08-24,1677-09-22,Journal not adhering to Best practice,DOAJ,,interesting reason
smart grid,False,Smart Grid,"2161-8763, 2161-8771",2015-06-26,1677-09-22,Suspected editorial misconduct by publisher,DOAJ,,interesting reason
smart grid and renewable energy,False,Smart Grid and Renewable Energy," 2151-481X, 2151-4844",2015-06-26,1677-09-22,Suspected editorial misconduct by publisher,DOAJ,,interesting reason
smile dental journal,False,Smile Dental Journal,2072-4748,2016-11-06,1677-09-22,Journal not adhering to Best practice,DOAJ,,interesting reason
social and natural sciences journal,False,Social and Natural Sciences Journal,1804-4158,2017-05-13,1677-09-22,Suspected editorial misconduct by publisher,DOAJ,,interesting reason
social networking,False,Social Networking," 2169-3285, 2169-3323",2015-06-26,1677-09-22,Suspected editorial misconduct by publisher,DOAJ,,interesting reason
social studies research and practice,False,Social Studies Research and Practice,1933-5415,2016-12-10,1677-09-22,Journal not adhering to Best practice,DOAJ,,interesting reason
socialinis darbas: patirtis ir metodai,False,Socialinis Darbas: Patirtis ir Metodai,2029-0470,2016-01-27,1677-09-22,Journal not adhering to Best practice,DOAJ,,interesting reason
socialist studies,False,Socialist Studies,1918-2821,2017-09-05,1677-09-22,Journal not adhering to Best Practice,DOAJ,,interesting reason
sociedade e cultura,False,Sociedade e Cultura,1980-8194,2022-04-25,1677-09-22,Journal not adhering to Best practice,DOAJ,,interesting reason
società mutamentopolitica: rivista italiana di sociologia,False,Società MutamentoPolitica: Rivista Italiana di Sociologia,2038-3150,2020-08-14,1677-09-22,Journal not adhering to best practice,DOAJ,,interesting reason
socio-legal review,False,Socio-Legal Review,0973-5216,2017-07-06,1677-09-22,Journal not adhering to Best Practice,DOAJ,,interesting reason
sociology mind,False,Sociology Mind," 2160-083X, 2160-0848",2015-06-26,1677-09-22,Suspected editorial misconduct by publisher,DOAJ,,interesting reason
sociosfera,False,Sociosfera,2078-7081,2016-10-13,1677-09-22,Journal not adhering to Best practice,DOAJ,,interesting reason
sodality: jurnal sosiologi pedesaan,False,Sodality: Jurnal Sosiologi Pedesaan,2302-7517,2020-03-09,1677-09-22,Journal not adhering to Best practice,DOAJ,,interesting reason
"sodality: jurnal transdisiplin sosiology, komunikasi dan ekologi manusia",False,"Sodality: Jurnal Transdisiplin Sosiology, Komunikasi dan Ekologi Manusia",1978-4333,2020-03-09,1677-09-22,Journal not adhering to Best practice,DOAJ,,interesting reason
soft nanoscience letters,False,Soft Nanoscience Letters," 2160-0600, 2160-0740",2015-06-26,1677-09-22,Suspected editorial misconduct by publisher,DOAJ,,interesting reason
sokoto journal of veterinary sciences,False,Sokoto Journal of Veterinary Sciences,2315-6201,2017-10-17,1677-09-22,Journal not adhering to Best Practice,DOAJ,,interesting reason
sola : scientific online letters on the atmosphere,False,SOLA : Scientific Online Letters on the Atmosphere,1349-6476,2017-07-12,1677-09-22,Journal not adhering to Best Practice,DOAJ,,interesting reason
soldagem & inspeção,False,Soldagem & Inspeção,0104-9224,2022-05-04,1677-09-22,Journal not adhering to Best practice,DOAJ,,interesting reason
solutions journal,False,Solutions Journal,2154-0926,2017-01-04,1677-09-22,Journal not adhering to Best practice,DOAJ,,interesting reason
sort,False,SORT,2013-8830,2016-10-18,1677-09-22,Journal not adhering to Best practice,DOAJ,,interesting reason
sosyal güvence dergisi,False,Sosyal Güvence Dergisi,2146-5649,2021-08-03,1677-09-22,Journal not adhering to Best practice,DOAJ,,interesting reason
south africa heart journal,False,South Africa Heart Journal,2071-4602,2017-01-24,1677-09-22,Journal not adhering to Best practice,DOAJ,,interesting reason
south african journal of science and technology,False,South African Journal of Science and Technology,2222-4173,2022-04-21,1677-09-22,Journal not adhering to Best practice,DOAJ,,interesting reason
south asian studies : a research journal of south asian studies,False,South Asian Studies : A Research Journal of South Asian Studies,1026-678X,2017-05-19,1677-09-22,Journal not adhering to Best Practice,DOAJ,,interesting reason
south east asian journal of management,False,South East Asian Journal of Management,2355-6641,2022-04-12,1677-09-22,Journal not adhering to Best practice,DOAJ,,interesting reason
south-east european journal of political science,False,South-East European Journal of Political Science,2286-4547,2017-07-18,1677-09-22,Journal not adhering to Best Practice,DOAJ,,interesting reason
southeast asian studies,False,Southeast Asian Studies,2186-7275,2017-08-04,1677-09-22,Journal not adhering to Best Practice,DOAJ,,interesting reason
southern african business review,False,Southern African Business Review,1998-8125,2017-01-24,1677-09-22,Journal not adhering to Best practice,DOAJ,,interesting reason
sovremennye tehnologii v medicine,False,Sovremennye Tehnologii v Medicine,2076-4243,2016-08-28,1677-09-22,Journal not adhering to Best practice,DOAJ,,interesting reason
space research,False,Space Research,2453-8817,2019-09-17,1677-09-22,Suspected editorial misconduct by publisher,DOAJ,,interesting reason
speculum,False,Speculum,1810-4797,2016-11-01,1677-09-22,Journal not adhering to Best practice,DOAJ,,interesting reason
sport scientific and practical aspects,False,Sport Scientific And Practical Aspects,1840-4413,2016-12-25,1677-09-22,no OA statement  no licence,DOAJ,,interesting reason
"sport si societate : revista de educatie fizica, sport si stiinte conexe",False,"Sport si Societate : Revista de Educatie Fizica, Sport si Stiinte Conexe",1582-2168,2017-02-20,1677-09-22,Journal not adhering to Best practice,DOAJ,,interesting reason
sqs : journal of queer studies in finland,False,SQS : Journal of Queer Studies in Finland,1796-5551,2017-06-24,1677-09-22,Journal not adhering to Best Practice,DOAJ,,interesting reason
stanford technology law review,False,Stanford Technology Law Review,1098-4267,2017-08-02,1677-09-22,Journal not adhering to Best Practice,DOAJ,,interesting reason
statistics surveys,False,Statistics Surveys,1935-7516,2015-10-19,1677-09-22,Journal not adhering to Best practice,DOAJ,,interesting reason
"statistics, optimization and information computing",False,"Statistics, Optimization and Information Computing",2311-004X,2019-04-17,1677-09-22,Suspected editorial misconduct by publisher,DOAJ,,interesting reason
stellenbosch theological journal,False,Stellenbosch Theological Journal,2413-9467,2017-02-20,1677-09-22,Journal not adhering to Best practice,DOAJ,,interesting reason
stem cell discovery,False,Stem Cell Discovery," 2161-6760, 2161-6787",2015-06-26,1677-09-22,Suspected editorial misconduct by publisher,DOAJ,,interesting reason
stomatology edu journal,False,Stomatology Edu Journal,2360-2406,2019-12-11,1677-09-22,Suspected editorial misconduct by publisher,DOAJ,,interesting reason
stomatos,False,Stomatos,1519-4442,2017-03-08,1677-09-22,Journal not adhering to Best practice,DOAJ,,interesting reason
strategies in trauma and limb reconstruction,False,Strategies in Trauma and Limb Reconstruction,1828-8928,2021-01-13,1677-09-22,Journal not adhering to best practice,DOAJ,,interesting reason
studia celtica posnaniensia,False,Studia Celtica Posnaniensia,2451-4160,2022-04-27,1677-09-22,Journal not adhering to Best practice,DOAJ,,interesting reason
studia commercialia bratislavensia,False,Studia Commercialia Bratislavensia,1337-7493,2022-04-27,1677-09-22,Journal not adhering to Best practice,DOAJ,,interesting reason
studia humanistyczne,False,Studia Humanistyczne,1732-2189,2020-05-25,1677-09-22,Journal not adhering to best practice,DOAJ,,interesting reason
studia quaternaria,False,Studia Quaternaria,2300-0384,2020-05-04,1677-09-22,Journal not adhering to best practice,DOAJ,,interesting reason
studia universitatis petru maior : historia,False,Studia Universitatis Petru Maior : Historia,1582-8433,2017-07-18,1677-09-22,Journal not adhering to Best Practice,DOAJ,,interesting reason
studier i pædagogisk filosofi,False,Studier i Pædagogisk Filosofi,2244-9140,2020-12-04,1677-09-22,Journal not adhering to best practice,DOAJ,,interesting reason
studies in english language and education,False,Studies in English Language and Education,2355-2794,2020-02-21,1677-09-22,Journal not adhering to Best practice,DOAJ,,interesting reason
studies in literature and language,False,Studies in Literature and Language,1923-1555,2016-01-05,1677-09-22,Suspected editorial misconduct by publisher,DOAJ,,interesting reason
studies in mathematical sciences,False,Studies in Mathematical Sciences,1923-8444,2015-10-23,1677-09-22,Suspected editorial misconduct by publisher,DOAJ,,interesting reason
studies in media and communication,False,Studies in Media and Communication,"2325-8071, 2325-808X",2015-09-11,1677-09-22,Suspected editorial misconduct by publisher,DOAJ,,interesting reason
studies in polish linguistics,False,Studies in Polish Linguistics,1732-8160,2017-07-06,1677-09-22,Journal not adhering to Best Practice,DOAJ,,interesting reason
studies in sociology of science,False,Studies in Sociology of Science,1923-0176,2015-10-23,1677-09-22,Suspected editorial misconduct by publisher,DOAJ,,interesting reason
studies in surveying and mapping science,False,Studies in Surveying and Mapping Science,2328-6245,2017-07-03,1677-09-22,Suspected editorial misconduct by publisher,DOAJ,,interesting reason
studies on asia,False,Studies on Asia,1554-3749,2017-06-24,1677-09-22,Journal not adhering to Best Practice,DOAJ,,interesting reason
studii si cercetari filologice : seria limbi romanice,False,Studii si Cercetari Filologice : Seria Limbi Romanice,1843-3979,2016-05-09,1677-09-22,Journal not adhering to Best practice,DOAJ,,interesting reason
studium,False,Studium,2248-2164,2021-01-20,1677-09-22,Website URLs have security issues,DOAJ,,interesting reason
studium: tijdschrift voor wetenschaps- en universiteitsgeschiedenis,False,Studium: Tijdschrift voor Wetenschaps- en Universiteitsgeschiedenis,1876-9055,2020-11-17,1677-09-22,Website URLs have security issues,DOAJ,,interesting reason
stuttgarter beiträge zur naturkunde a (biologie),False,Stuttgarter Beiträge zur Naturkunde A (Biologie),0341-0145,2017-04-03,1677-09-22,No license,DOAJ,,interesting reason
su ürünleri dergisi,False,Su Ürünleri Dergisi,1300-1590,2021-11-22,1677-09-22,Journal not adhering to Best practice,DOAJ,,interesting reason
suicidologi,False,Suicidologi,1501-6994,2017-03-25,1677-09-22,Journal not adhering to Best practice,DOAJ,,interesting reason
summa humanitatis,False,Summa Humanitatis,1993-8179,2017-05-20,1677-09-22,Journal not adhering to Best Practice,DOAJ,,interesting reason
surgical neurology international,False,Surgical Neurology International,2152-7806,2017-09-01,1677-09-22,Journal not adhering to Best Practice,DOAJ,,interesting reason
surgical science,False,Surgical Science," 2157-9407, 2157-9415",2015-06-26,1677-09-22,Suspected editorial misconduct by publisher,DOAJ,,interesting reason
suska journal of mathematics education,False,Suska Journal of Mathematics Education,2477-4758,2018-10-08,1677-09-22,Journal not adhering to Best practice,DOAJ,,interesting reason
"sustainability : science, practice and policy",False,"Sustainability : Science, Practice and Policy",1548-7733,2017-10-17,1677-09-22,Journal not adhering to Best Practice,DOAJ,,interesting reason
sustainable agriculture research,False,Sustainable Agriculture Research,"1927-050X, 1927-0518",2015-09-11,1677-09-22,Suspected editorial misconduct by publisher,DOAJ,,interesting reason
sustainable development,False,Sustainable Development,"2160-7540, 2160-7559",2015-06-26,1677-09-22,Suspected editorial misconduct by publisher,DOAJ,,interesting reason
sustainable multilingualism,False,Sustainable Multilingualism,2335-2027,2022-04-19,1677-09-22,Journal not adhering to Best practice,DOAJ,,interesting reason
synergies monde,False,Synergies Monde,1951-6908,2016-12-29,1677-09-22,Journal not adhering to Best practice,DOAJ,,interesting reason
synesis,False,Synesis,1678-6785,2016-08-16,1677-09-22,Journal not adhering to Best practice,DOAJ,,interesting reason
sæculum : revista de história,False,Sæculum : Revista de História,0104-8929,2015-12-22,1677-09-22,Journal not adhering to Best practice,DOAJ,,interesting reason
söylem,False,Söylem,2548-0502,2022-03-02,1677-09-22,Journal not adhering to Best practice,DOAJ,,interesting reason
tac : tecnologias de administração e contabilidade,False,TAC : Tecnologias de Administração e Contabilidade,2236-0263,2017-01-26,1677-09-22,Journal not adhering to Best practice,DOAJ,,interesting reason
tactful management,False,Tactful Management,2319-7943,2016-04-12,1677-09-22,Suspected editorial misconduct by publisher,DOAJ,,interesting reason
tamkang journal of mathematics,False,Tamkang Journal of Mathematics,0049-2930,2017-02-20,1677-09-22,Journal not adhering to Best practice,DOAJ,,interesting reason
tasarım + kuram,False,tasarım + kuram,1302-2636,2017-06-24,1677-09-22,Journal not adhering to Best Practice,DOAJ,,interesting reason
tasavvur: tekirdağ i̇lahiyat dergisi,False,Tasavvur: Tekirdağ İlahiyat Dergisi,2619-9130,2022-02-08,1677-09-22,Journal not adhering to Best practice,DOAJ,,interesting reason
taxes and taxation,False,Taxes and Taxation,2454-065X,2019-09-17,1677-09-22,Suspected editorial misconduct by publisher,DOAJ,,interesting reason
teaching english with technology,False,Teaching English with Technology,1642-1027,2017-05-16,1677-09-22,Journal not adhering to Best practice,DOAJ,,interesting reason
techne : journal of technology for architecture and environment,False,Techne : Journal of Technology for Architecture and Environment,2239-0243,2020-08-14,1677-09-22,Journal not adhering to best practice,DOAJ,,interesting reason
technical acoustics,False,Technical Acoustics,1819-2408,2016-11-11,1677-09-22,Journal not adhering to Best practice,DOAJ,,interesting reason
technium,False,Technium,2668-778X,2021-10-07,1677-09-22,Suspected editorial misconduct by publisher,DOAJ,,interesting reason
technium biochemmed,False,Technium BioChemMed,2734-7990,2021-10-07,1677-09-22,Suspected editorial misconduct by publisher,DOAJ,,interesting reason
technium social sciences journal,False,Technium Social Sciences Journal,2668-7798,2021-10-07,1677-09-22,Suspected editorial misconduct by publisher,DOAJ,,interesting reason
technology and investment,False,Technology and Investment," 2150-4059, 2150-4067",2015-06-26,1677-09-22,Suspected editorial misconduct by publisher,DOAJ,,interesting reason
technology interface journal,False,Technology Interface Journal,1523-9926,2017-07-04,1677-09-22,Suspected editorial misconduct by publisher,DOAJ,,interesting reason
tecno-lógica,False,Tecno-Lógica,1415-6229,2021-08-20,1677-09-22,Journal not adhering to Best practice,DOAJ,,interesting reason
tefsir araştırmaları dergisi,False,Tefsir Araştırmaları Dergisi,2587-0882,2022-06-06,1677-09-22,Journal not adhering to Best practice,DOAJ,,interesting reason
tekhne e logos,False,Tekhne e Logos,2176-4808,2016-10-10,1677-09-22,Journal not adhering to Best practice,DOAJ,,interesting reason
teknokultura: revista de cultura digital y movimientos sociales,False,Teknokultura: Revista de Cultura Digital y Movimientos Sociales,1549-2230,2017-01-29,1677-09-22,Journal not adhering to Best practice,DOAJ,,interesting reason
telkomnika : indonesian journal of electrical engineering,False,TELKOMNIKA : Indonesian Journal of Electrical Engineering,2302-4046,2017-08-04,1677-09-22,Journal not adhering to Best Practice,DOAJ,,interesting reason
telkomnika: telecommunication computing electronics and control,False,Telkomnika: Telecommunication Computing Electronics and Control,1693-6930,2018-08-13,1677-09-22,Journal not adhering to Best practice,DOAJ,,interesting reason
tempo,False,Tempo,1980-542X,2022-05-04,1677-09-22,Journal not adhering to Best practice,DOAJ,,interesting reason
temps d'educació,False,Temps d'Educació,2014-7627,2016-11-11,1677-09-22,No OA statement,DOAJ,,interesting reason
teología y vida,False,Teología y Vida,0717-6295,2020-11-23,1677-09-22,Journal not adhering to best practice,DOAJ,,interesting reason
teoría y praxis,False,Teoría y Praxis,1870-1582,2016-12-07,1677-09-22,Journal not adhering to Best practice,DOAJ,,interesting reason
teosofi,False,Teosofi,2088-7957,2020-04-03,1677-09-22,Journal not adhering to best practice,DOAJ,,interesting reason
terengganu international management and business journal,False,Terengganu International Management and Business Journal,2232-0741,2017-07-18,1677-09-22,Journal not adhering to Best Practice,DOAJ,,interesting reason
terra brasilis,False,Terra Brasilis,1519-1265,2017-04-03,1677-09-22,No license,DOAJ,,interesting reason
tesis psicológica,False,Tesis Psicológica,1909-8391,2017-03-23,1677-09-22,Journal not adhering to Best practice,DOAJ,,interesting reason
tesl - ej,False,TESL - EJ,1072-4303,2017-06-24,1677-09-22,Journal not adhering to Best Practice,DOAJ,,interesting reason
tesl canada journal,False,TESL Canada Journal,1925-8917,2017-01-10,1677-09-22,Missing license and copyright statement,DOAJ,,interesting reason
tethys : journal of mediterranean meteorology & climatology,False,Tethys : Journal of Mediterranean Meteorology & Climatology,1139-3394,2017-01-26,1677-09-22,Journal not adhering to Best practice,DOAJ,,interesting reason
texas heart institute journal,False,Texas Heart Institute Journal,0730-2347,2017-01-19,1677-09-22,Journal not adhering to Best practice,DOAJ,,interesting reason
thammasat international journal of science and technology,False,Thammasat International Journal of Science and Technology,0859-4074,2017-07-12,1677-09-22,Journal not adhering to Best Practice,DOAJ,,interesting reason
thaumazein: revista online de filosofia,False,Thaumazein: Revista Online de Filosofia,1982-2103,2021-03-05,1677-09-22,Journal not adhering to Best practice,DOAJ,,interesting reason
the albatross,False,The Albatross,1927-4599,2020-03-25,1677-09-22,Journal not adhering to best practice,DOAJ,,interesting reason
the avery review,False,The Avery Review,1234-5678,2016-04-25,1677-09-22,Journal not adhering to Best practice,DOAJ,,interesting reason
the biologist (lima),False,The Biologist (Lima),1816-0719﻿,2017-04-20,1677-09-22,Journal not adhering to Best practice,DOAJ,,interesting reason
the bioscan,False,The Bioscan,0973-7049,2017-02-01,1677-09-22,Journal not adhering to Best practice,DOAJ,,interesting reason
the canadian journal of career development,False,The Canadian Journal of Career Development,1499-1845,2016-11-27,1677-09-22,Journal not adhering to Best practice,DOAJ,,interesting reason
the canadian journal of sociology,False,The Canadian Journal of Sociology,0318-6431,2016-12-04,1677-09-22,Journal not adhering to Best practice,DOAJ,,interesting reason
the cardiologist,False,The Cardiologist,2520-6494,2019-11-07,1677-09-22,Suspected editorial misconduct by publisher,DOAJ,,interesting reason
the covenant quarterly,False,The Covenant Quarterly,2380-8829,2021-04-20,1677-09-22,Journal not adhering to Best practice,DOAJ,,interesting reason
the dawn journal,False,The Dawn Journal,2277-1786,2017-04-12,1677-09-22,Journal not adhering to Best practice,DOAJ,,interesting reason
the electronic journal of science education,False,The Electronic Journal of Science Education,1087-3430,2017-04-27,1677-09-22,Journal not adhering to Best practice,DOAJ,,interesting reason
the european research journal,False,The European Research Journal,2149-3189,2016-06-07,1677-09-22,Journal not adhering to Best practice,DOAJ,,interesting reason
the iioab journal,False,The IIOAB Journal,0976-3104,2017-02-23,1677-09-22,Suspected editorial misconduct by publisher,DOAJ,,interesting reason
the international arab journal of information technology,False,The International Arab Journal of Information Technology,1683-3198,2016-10-25,1677-09-22,Journal not adhering to Best practice,DOAJ,,interesting reason
the journal of analytic theology,False,The Journal of Analytic Theology,2330-2380,2017-01-09,1677-09-22,Journal not adhering to Best practice,DOAJ,,interesting reason
the journal of animal and plant sciences,False,The Journal of Animal and Plant Sciences,1018-7081,2017-04-26,1677-09-22,Journal not adhering to Best practice,DOAJ,,interesting reason
the journal of nonlinear sciences and its applications,False,The Journal of Nonlinear Sciences and its Applications,2008-1898,2017-03-25,1677-09-22,Journal not adhering to Best practice,DOAJ,,interesting reason
the journal of social work values and ethics,False,The Journal of Social Work Values and Ethics,1553-6947,2016-11-23,1677-09-22,Journal not adhering to Best practice,DOAJ,,interesting reason
the lex-warrier: online law journal,False,The Lex-Warrier: Online Law Journal,2319-8338,2017-02-17,1677-09-22,Journal not adhering to Best practice,DOAJ,,interesting reason
the middle ground journal,False,The Middle Ground Journal,2155-1103,2016-12-18,1677-09-22,Journal not adhering to Best practice,DOAJ,,interesting reason
the montana mathematics enthusiast,False,The Montana Mathematics Enthusiast,1551-3440,2017-07-12,1677-09-22,Journal not adhering to Best Practice,DOAJ,,interesting reason
the new school psychology bulletin,False,The New School Psychology Bulletin,1931-7948,2021-11-09,1677-09-22,Journal not adhering to Best practice,DOAJ,,interesting reason
the nordic journal of cultural policy,False,The Nordic Journal of Cultural Policy,1403-3216,2017-04-27,1677-09-22,Journal not adhering to Best practice,DOAJ,,interesting reason
the online journal of counselling and education,False,The Online Journal of Counselling and Education,2146-8192,2017-05-16,1677-09-22,Journal not adhering to Best Practice,DOAJ,,interesting reason
the online journal of new horizons in education,False,The Online Journal of New Horizons in Education,2146-7374,2017-02-20,1677-09-22,Journal not adhering to Best practice,DOAJ,,interesting reason
the pantaneto forum,False,The Pantaneto Forum,1741-1572,2017-01-24,1677-09-22,Journal not adhering to Best practice,DOAJ,,interesting reason
the sedimantary record,False,The Sedimantary Record,1543-8740,2017-01-04,1677-09-22,Journal not adhering to Best practice,DOAJ,,interesting reason
"the turkish nephrology, dialysis and transplantation journal",False,"The Turkish Nephrology, Dialysis and Transplantation Journal",1300-7718,2017-07-06,1677-09-22,Suspected editorial misconduct by publisher,DOAJ,,interesting reason
thehealth,False,theHealth,2218-3299,2016-05-12,1677-09-22,Journal not adhering to Best practice,DOAJ,,interesting reason
theo-web : zeitschrift für religionspädagogik,False,Theo-Web : Zeitschrift für Religionspädagogik,1863-0502,2017-04-03,1677-09-22,No license,DOAJ,,interesting reason
theoretical economics letters,False,Theoretical Economics Letters," 2162-2078, 2162-2086",2015-06-26,1677-09-22,Suspected editorial misconduct by publisher,DOAJ,,interesting reason
theory and applications of mathematics & computer science,False,Theory and Applications of Mathematics & Computer Science,2247-6202,2017-02-20,1677-09-22,Journal not adhering to Best practice,DOAJ,,interesting reason
theory and practice in language studies,False,Theory and Practice in Language Studies,1799-2591,2015-09-30,1677-09-22,Journal not adhering to Best practice,DOAJ,,interesting reason
theory of computing,False,Theory of Computing,1557-2862,2017-07-18,1677-09-22,Journal not adhering to Best Practice,DOAJ,,interesting reason
thrita,False,Thrita,2352-0620,2017-03-01,1677-09-22,Suspected editorial misconduct by publisher,DOAJ,,interesting reason
tmr cancer,False,TMR Cancer,2538-015X,2020-03-13,1677-09-22,Suspected editorial misconduct by publisher,DOAJ,,interesting reason
tmr integrative medicine,False,TMR Integrative Medicine,2521-3415,2020-03-13,1677-09-22,Suspected editorial misconduct by publisher,DOAJ,,interesting reason
tmr integrative nursing,False,TMR Integrative Nursing,2522-6371,2020-03-13,1677-09-22,Suspected editorial misconduct by publisher,DOAJ,,interesting reason
tmr modern herbal medicine,False,TMR Modern Herbal Medicine,2537-9798,2020-03-13,1677-09-22,Suspected editorial misconduct by publisher,DOAJ,,interesting reason
tmr non-drug therapy,False,TMR Non-Drug Therapy,2538-0583,2020-03-13,1677-09-22,Suspected editorial misconduct by publisher,DOAJ,,interesting reason
tmr theory and hypothesis,False,TMR Theory and Hypothesis,2538-130X,2020-03-13,1677-09-22,Suspected editorial misconduct by publisher,DOAJ,,interesting reason
to vima tou asklipiou,False,To Vima tou Asklipiou,1109-4486,2017-07-18,1677-09-22,Journal not adhering to Best Practice,DOAJ,,interesting reason
tojsat,False,TOJSAT,2146-7390,2017-02-20,1677-09-22,Journal not adhering to Best practice,DOAJ,,interesting reason
"trade, law and development",False,"Trade, Law and Development",0975-3346,2017-05-19,1677-09-22,Journal not adhering to Best Practice,DOAJ,,interesting reason
tradition & discovery : the polanyi society periodical,False,Tradition & Discovery : the Polanyi Society Periodical,2154-1566,2017-01-03,1677-09-22,Journal not adhering to Best practice,DOAJ,,interesting reason
traitement automatique des langues,False,Traitement Automatique des Langues,1248-9433,2016-10-24,1677-09-22,Journal not adhering to Best practice,DOAJ,,interesting reason
trama y fondo: revista de cultura,False,Trama y Fondo: Revista de Cultura,1137-4802,2017-01-23,1677-09-22,Journal not adhering to Best practice,DOAJ,,interesting reason
trans: revue de littérature générale et comparée,False,Trans: Revue de Littérature Générale et Comparée,1778-3887,2016-12-03,1677-09-22,Journal not adhering to Best practice,DOAJ,,interesting reason
"transactions of the všb: technical university of ostrava, civil engineering series",False,"Transactions of the VŠB: Technical University of Ostrava, Civil Engineering Series",1804-4824,2022-04-27,1677-09-22,Journal not adhering to Best practice,DOAJ,,interesting reason
transactions on data privacy,False,Transactions on Data Privacy,1888-5063,2017-07-18,1677-09-22,Journal not adhering to Best Practice,DOAJ,,interesting reason
"transcontinentales : sociétés, idéologies, système mondial",False,"Transcontinentales : Sociétés, Idéologies, Système Mondial",1950-1684,2016-09-15,1677-09-22,Journal not adhering to Best practice,DOAJ,,interesting reason
transformatika,False,Transformatika,2460-6731,2022-01-20,1677-09-22,Journal not adhering to Best practice,DOAJ,,interesting reason
translational developmental psychiatry,False,Translational Developmental Psychiatry,2001-7022,2016-05-25,1677-09-22,Journal not adhering to Best practice,DOAJ,,interesting reason
transport and aerospace engineering,False,Transport and Aerospace Engineering,2255-9876,2022-04-27,1677-09-22,Journal not adhering to Best practice,DOAJ,,interesting reason
transylvanian review of systematical and ecological research,False,Transylvanian Review of Systematical and Ecological Research,2344-3219,2022-04-19,1677-09-22,Journal not adhering to Best practice,DOAJ,,interesting reason
trauma monthly,False,Trauma Monthly,2251-7472,2017-03-01,1677-09-22,Suspected editorial misconduct by publisher,DOAJ,,interesting reason
trends in agricultural economics,False,Trends in Agricultural Economics,1994-7933,2015-02-28,1677-09-22,Journal not adhering to Best practice,DOAJ,,interesting reason
tri dasa mega,False,Tri Dasa Mega,1411-240X,2022-02-24,1677-09-22,Journal not adhering to Best practice,DOAJ,,interesting reason
trypillian civilization journal,False,Trypillian Civilization Journal,2155-871X,2016-12-28,1677-09-22,Journal not adhering to Best practice,DOAJ,,interesting reason
tržište/market,False,Tržište/Market,0353-4790,2017-01-21,1677-09-22,no licence,DOAJ,,interesting reason
tumorboard,False,Tumorboard,2220-4075,2017-04-12,1677-09-22,Journal not adhering to Best practice,DOAJ,,interesting reason
turkish archives of otorhinolaryngology,False,Turkish Archives of Otorhinolaryngology,2667-7466,2021-06-18,1677-09-22,Journal not adhering to Best practice,DOAJ,,interesting reason
turkish journal of colorectal disease,False,Turkish Journal of Colorectal Disease,2536-4898,2021-04-26,1677-09-22,Suspected editorial misconduct by publisher,DOAJ,,interesting reason
turkish journal of computer and mathematics education,False,Turkish Journal of Computer and Mathematics Education,1309-4653,2020-07-01,1677-09-22,Journal not adhering to best practice,DOAJ,,interesting reason
turkish journal of hematology,False,Turkish Journal of Hematology,1300-7777,2021-08-20,1677-09-22,Suspected editorial misconduct by publisher,DOAJ,,interesting reason
turkish journal of maritime and marine sciences,False,Turkish Journal of Maritime and Marine Sciences,2564-7016,2021-08-03,1677-09-22,Journal not adhering to Best practice,DOAJ,,interesting reason
turkish journal of obstetrics and gynecology,False,Turkish Journal of Obstetrics and Gynecology,2149-9322,2021-06-07,1677-09-22,Suspected editorial misconduct by publisher,DOAJ,,interesting reason
turkish journal of pharmaceutical sciences,False,Turkish Journal of Pharmaceutical Sciences,1304-530X,2021-06-15,1677-09-22,Suspected editorial misconduct by publisher,DOAJ,,interesting reason
turkish online journal of educational technology,False,Turkish Online Journal of Educational Technology,1303-6521,2017-09-01,1677-09-22,Journal not adhering to Best Practice,DOAJ,,interesting reason
turkish online journal of english language teaching,False,Turkish Online Journal of English Language Teaching,2458-9918,2021-04-09,1677-09-22,Journal not adhering to Best practice,DOAJ,,interesting reason
turkish online journal of qualitative inquiry,False,Turkish Online Journal of Qualitative Inquiry,1309-6591,2021-10-20,1677-09-22,Suspected editorial misconduct by publisher,DOAJ,,interesting reason
turkish studies,False,Turkish Studies,1308-2140,2020-02-10,1677-09-22,Journal not adhering to Best practice,DOAJ,,interesting reason
turkiye klinikleri journal of biostatistics,False,Turkiye Klinikleri Journal of Biostatistics,1308-7894,2017-06-20,1677-09-22,Journal not adhering to Best Practice,DOAJ,,interesting reason
tusculum: časopis za solinske teme,False,Tusculum: Časopis za Solinske Teme,1846-9469,2017-02-19,1677-09-22,Journal not adhering to Best practice,DOAJ,,interesting reason
télématique,False,Télématique,1856-4194,2016-08-16,1677-09-22,Journal not adhering to Best practice,DOAJ,,interesting reason
tópicos del seminario: revista de semiótica,False,Tópicos del Seminario: Revista de Semiótica,1665-1200,2017-02-22,1677-09-22,Journal not adhering to Best practice,DOAJ,,interesting reason
tópicos. revista de filosofía de santa fe,False,Tópicos. Revista de Filosofía de Santa Fe,1666-485X,2017-05-16,1677-09-22,Missing OA statement,DOAJ,,interesting reason
türk hijyen ve deneysel biyoloji dergisi,False,Türk Hijyen ve Deneysel Biyoloji Dergisi,0377-9777,2017-06-24,1677-09-22,Journal not adhering to Best Practice,DOAJ,,interesting reason
türk yoğun bakım dergisi,False,Türk Yoğun Bakım Dergisi,2602-2974,2021-06-15,1677-09-22,Suspected editorial misconduct by publisher,DOAJ,,interesting reason
türkderm,False,Türkderm,1019-214X,2021-06-14,1677-09-22,Suspected editorial misconduct by publisher,DOAJ,,interesting reason
türkiye ortadoğu çalışmaları dergisi,False,Türkiye Ortadoğu Çalışmaları Dergisi,2147-7523,2020-02-27,1677-09-22,Suspected editorial misconduct by publisher,DOAJ,,interesting reason
ukrainian journal of ecology,False,Ukrainian Journal of Ecology,2520-2138,2021-03-02,1677-09-22,Journal not adhering to Best practice,DOAJ,,interesting reason
ukrainica bioorganica acta,False,Ukrainica Bioorganica Acta,1814-9758,2017-02-20,1677-09-22,no OA and licence,DOAJ,,interesting reason
uluslararasi avrasya sosyal bi̇li̇mler dergi̇si,False,Uluslararasi Avrasya Sosyal Bi̇li̇mler Dergi̇si,2146-1961,2018-10-23,1677-09-22,Suspected editorial misconduct by publisher,DOAJ,,interesting reason
"uluslararasi dil, edebiyat ve kültür araştırmaları dergisi",False,"Uluslararasi Dil, Edebiyat ve Kültür Araştırmaları Dergisi",2667-4262,2022-03-28,1677-09-22,Journal not adhering to Best practice,DOAJ,,interesting reason
uluslararası ekonomi ve yenilik dergisi,False,Uluslararası Ekonomi ve Yenilik Dergisi,2149-6838,2021-11-22,1677-09-22,Journal not adhering to Best practice,DOAJ,,interesting reason
uluslararası i̇nsan bilimleri dergisi,False,Uluslararası İnsan Bilimleri Dergisi,1303-5134,2017-05-15,1677-09-22,Suspected editorial misconduct by publisher,DOAJ,,interesting reason
uluslararası türkçe edebiyat kültür eğitim dergisi,False,Uluslararası Türkçe Edebiyat Kültür Eğitim Dergisi,2147-0146,2017-06-24,1677-09-22,Journal not adhering to Best Practice,DOAJ,,interesting reason
uluslararası yönetim bilişim sistemleri ve bilgisayar bilimleri dergisi,False,Uluslararası Yönetim Bilişim Sistemleri ve Bilgisayar Bilimleri Dergisi,2618-5954,2018-10-09,1677-09-22,Journal not adhering to Best practice,DOAJ,,interesting reason
universia business review,False,Universia Business Review,1698-5117,2016-10-18,1677-09-22,Journal not adhering to Best practice,DOAJ,,interesting reason
universidades,False,Universidades, 0041-8935,2017-04-20,1677-09-22,Journal not adhering to Best practice,DOAJ,,interesting reason
university of pittsburgh law review,False,University of Pittsburgh Law Review,1942-8405,2016-11-24,1677-09-22,No editorial board,DOAJ,,interesting reason
urbanities : journal of the commission on urban anthropology,False,URBANITIES : Journal of the Commission on Urban Anthropology,2239-5725,2016-08-23,1677-09-22,Journal not adhering to Best practice,DOAJ,,interesting reason
utms journal of economics,False,UTMS Journal of Economics,1857-6982,2021-07-02,1677-09-22,Journal not adhering to Best practice,DOAJ,,interesting reason
utopia y praxis latinoamericana,False,Utopia y Praxis Latinoamericana,1316-5216,2017-06-22,1677-09-22,Journal not adhering to Best Practice,DOAJ,,interesting reason
variations: revue internationale de théorie critique,False,Variations: Revue Internationale de Théorie Critique,1968-3960,2017-05-08,1677-09-22,Journal not adhering to Best practice,DOAJ,,interesting reason
vegueta: anuario de la facultad de geografía e historia,False,Vegueta: Anuario de la Facultad de Geografía e Historia,1133-598X,2020-04-11,1677-09-22,Journal not adhering to best practice,DOAJ,,interesting reason
veritas : revista de filosofía y teología,False,Veritas : Revista de Filosofía y Teología,0717-4675,2017-04-03,1677-09-22,Journal not adhering to Best practice,DOAJ,,interesting reason
vestnik : the journal of russian and asian studies,False,Vestnik : The Journal of Russian and Asian Studies,1930-286X,2017-06-24,1677-09-22,Journal not adhering to Best Practice,DOAJ,,interesting reason
"vestnik moskovskogo universiteta. serija 2, chimija",False,"Vestnik Moskovskogo Universiteta. Serija 2, Chimija",0579-9384,2016-10-01,1677-09-22,Journal not adhering to Best practice,DOAJ,,interesting reason
"vestnik nacionalʹnogo tehničeskogo universiteta ""hpi"":  informatika i modelirovanie",False,"Vestnik Nacionalʹnogo Tehničeskogo Universiteta ""HPI"":  Informatika i Modelirovanie",2079-0031,2017-03-12,1677-09-22,Journal not adhering to Best practice,DOAJ,,interesting reason
vestnik volgogradskogo gosudarstvennogo arhitekturno-stroitelnogo universiteta. seriya: stroitelstvo i arhitektura,False,Vestnik Volgogradskogo Gosudarstvennogo Arhitekturno-Stroitelnogo Universiteta. Seriya: Stroitelstvo i Arhitektura,1815-4360,2016-10-04,1677-09-22,Journal not adhering to Best practice,DOAJ,,interesting reason
vitae: academia biomédica digital,False,VITAE: Academia Biomédica Digital,1317-987X,2017-03-11,1677-09-22,Journal not adhering to Best practice,DOAJ,,interesting reason
vjesnik za arheologiju i povijest dalmatinsku,False,Vjesnik za Arheologiju i Povijest Dalmatinsku,1845-7789,2016-10-18,1677-09-22,No licence nor OA statement,DOAJ,,interesting reason
voices: a world forum for music therapy,False,Voices: A World Forum for Music Therapy,1504-1611,2017-07-18,1677-09-22,Journal not adhering to Best Practice,DOAJ,,interesting reason
vox iuris,False,Vox Iuris,1812-6804,2016-10-23,1677-09-22,Journal not adhering to Best practice,DOAJ,,interesting reason
vox scripturae - revista teológica internacional,False,Vox Scripturae - Revista Teológica Internacional,2447-7443,2016-10-28,1677-09-22,No OA statement,DOAJ,,interesting reason
vìsnik nacìonalʹnogo avìacìjnogo unìversitetu,False,Vìsnik Nacìonalʹnogo Avìacìjnogo Unìversitetu,1813-1166,2017-04-08,1677-09-22,site not secure,DOAJ,,interesting reason
vìsnik žitomirsʹkogo deržavnogo tehnologìčnogo unìversitetu: tehnìčnì nauki,False,Vìsnik Žitomirsʹkogo Deržavnogo Tehnologìčnogo Unìversitetu: Tehnìčnì Nauki,1728-4260,2020-01-17,1677-09-22,Journal not adhering to Best practice,DOAJ,,interesting reason
wahana teknik sipil: jurnal pengembangan teknik sipil,False,Wahana Teknik Sipil: Jurnal Pengembangan Teknik Sipil,0853-8727,2020-05-04,1677-09-22,Journal not adhering to best practice,DOAJ,,interesting reason
werkwinkel: journal of low countries and south african studies,False,Werkwinkel: Journal of Low Countries and South African Studies,2719-2938,2022-04-19,1677-09-22,Journal not adhering to Best practice,DOAJ,,interesting reason
western journal of legal studies,False,Western Journal of Legal Studies,1927-9132,2017-02-20,1677-09-22,Journal not adhering to Best practice,DOAJ,,interesting reason
wildlife biology in practice,False,Wildlife Biology in Practice,1646-1509,2017-07-04,1677-09-22,Journal not adhering to Best Practice,DOAJ,,interesting reason
wireless engineering and technology,False,Wireless Engineering and Technology," 2152-2294, 2152-2308",2015-06-26,1677-09-22,Suspected editorial misconduct by publisher,DOAJ,,interesting reason
wireless sensor network,False,Wireless Sensor Network," 1945-3078, 1945-3086",2015-06-26,1677-09-22,Suspected editorial misconduct by publisher,DOAJ,,interesting reason
work based learning e-journal,False,Work Based Learning e-Journal,2044-7868,2017-02-20,1677-09-22,Journal not adhering to Best practice,DOAJ,,interesting reason
working paper of public health,False,Working Paper of Public Health,2279-9761,2017-07-14,1677-09-22,Journal not adhering to Best Practice,DOAJ,,interesting reason
workplace : a journal for academic labor,False,Workplace : A Journal for Academic Labor,1715-0094,2017-02-07,1677-09-22,Journal not adhering to Best practice,DOAJ,,interesting reason
world applied programming,False,World Applied Programming,2222-2510,2017-01-04,1677-09-22,Journal not adhering to Best practice,DOAJ,,interesting reason
world journal of aids,False,World Journal of AIDS," 2160-8814, 2160-8822",2015-06-26,1677-09-22,Suspected editorial misconduct by publisher,DOAJ,,interesting reason
world journal of cardiovascular diseases,False,World Journal of Cardiovascular Diseases," 2164-5329, 2164-5337",2015-06-26,1677-09-22,Suspected editorial misconduct by publisher,DOAJ,,interesting reason
world journal of cardiovascular surgery,False,World Journal of Cardiovascular Surgery," 2164-3202, 2164-3210",2015-06-26,1677-09-22,Suspected editorial misconduct by publisher,DOAJ,,interesting reason
world journal of condensed matter physics,False,World Journal of Condensed Matter Physics," 2160-6919, 2160-6927",2015-06-26,1677-09-22,Suspected editorial misconduct by publisher,DOAJ,,interesting reason
world journal of education,False,World Journal of Education,"1925-0746, 1925-0754",2015-09-11,1677-09-22,Suspected editorial misconduct by publisher,DOAJ,,interesting reason
world journal of mechanics,False,World Journal of Mechanics," 2160-049X, 2160-0503",2015-06-26,1677-09-22,Suspected editorial misconduct by publisher,DOAJ,,interesting reason
world journal of nano science and engineering,False,World Journal of Nano Science and Engineering," 2161-4954, 2161-4962",2015-06-26,1677-09-22,Suspected editorial misconduct by publisher,DOAJ,,interesting reason
world journal of nephrology and urology,False,World Journal of Nephrology and Urology,1927-1239,2017-06-13,1677-09-22,Suspected editorial misconduct by publisher,DOAJ,,interesting reason
world journal of neuroscience,False,World Journal of Neuroscience," 2162-2000, 2162-2019",2015-06-26,1677-09-22,Suspected editorial misconduct by publisher,DOAJ,,interesting reason
world journal of nuclear science and technology,False,World Journal of Nuclear Science and Technology," 2161-6795, 2161-6809",2015-06-26,1677-09-22,Suspected editorial misconduct by publisher,DOAJ,,interesting reason
world journal of oncology,False,World Journal of Oncology,1920-4531,2017-06-13,1677-09-22,Suspected editorial misconduct by publisher,DOAJ,,interesting reason
world journal of vaccines,False,World Journal of Vaccines," 2160-5815, 2160-5823",2015-06-26,1677-09-22,Suspected editorial misconduct by publisher,DOAJ,,interesting reason
world journal on educational technology,False,World Journal on Educational Technology,1309-1506,2020-04-27,1677-09-22,Suspected editorial misconduct by publisher,DOAJ,,interesting reason
world of computer science and information technology journal,False,World of Computer Science and Information Technology Journal,2221-0741,2015-09-29,1677-09-22,Journal not adhering to Best practice,DOAJ,,interesting reason
world politics,False,World Politics,2409-8671,2019-09-17,1677-09-22,Suspected editorial misconduct by publisher,DOAJ,,interesting reason
yuridika,False,Yuridika,2528-3103,2021-11-09,1677-09-22,Journal not adhering to Best practice,DOAJ,,interesting reason
yükseköğretim ve bilim dergisi,False,Yükseköğretim ve Bilim Dergisi,2146-5959,2022-02-14,1677-09-22,Journal not adhering to Best practice,DOAJ,,interesting reason
zahedan journal of researches in medical sciences,False,Zahedan Journal of Researches in Medical Sciences,2383-2894,2019-10-04,1677-09-22,Suspected editorial misconduct by publisher,DOAJ,,interesting reason
zbornik matice srpske za drustvene nauke,False,Zbornik Matice Srpske za Drustvene Nauke,0352-5732,2016-12-19,1677-09-22,no licence,DOAJ,,interesting reason
zbornik radova ekonomskog fakulteta u istočnom sarajevu,False,Zbornik Radova Ekonomskog Fakulteta u Istočnom Sarajevu,1840-3557,2016-12-25,1677-09-22,no OA statement  no licence,DOAJ,,interesting reason
zbornik za jezike i književnosti filozofskog fakulteta u novom sadu,False,Zbornik za Jezike i Književnosti Filozofskog Fakulteta u Novom Sadu,2217-8546,2016-09-25,1677-09-22,No OA or licence info,DOAJ,,interesting reason
zeitschrift für gefäßmedizin,False,Zeitschrift für Gefäßmedizin,1812-9501,2017-04-12,1677-09-22,Journal not adhering to Best practice,DOAJ,,interesting reason
zeitschrift für kritische musikpädagogik (zfkm),False,Zeitschrift für Kritische Musikpädagogik (ZfKM),1619-8301,2016-11-01,1677-09-22,No licence nor OA statement,DOAJ,,interesting reason
zfwt - zeitschrift für die welt der türken,False,ZfWT - Zeitschrift für die Welt der Türken,1868-8934,2017-06-23,1677-09-22,Journal not adhering to Best Practice,DOAJ,,interesting reason
"zitteliana, series a",False,"Zitteliana, Series A",1612-412X,2017-05-16,1677-09-22,Journal not adhering to Best practice,DOAJ,,interesting reason
zona proxima,False,Zona Proxima,1657-2416,2017-07-04,1677-09-22,Journal not adhering to Best Practice,DOAJ,,interesting reason
zoosystema,False,Zoosystema,1280-9551,2016-12-23,1677-09-22,Journal not adhering to Best practice,DOAJ,,interesting reason
ángulo recto,False,Ángulo Recto,1989-4015,2016-10-30,1677-09-22,No licence nor OA statement,DOAJ,,interesting reason
èkonomičeskaâ sociologiâ,False,Èkonomičeskaâ Sociologiâ,1726-3247,2016-12-14,1677-09-22,No licence,DOAJ,,interesting reason
élisee,False,Élisee,2316-4360,2016-12-21,1677-09-22,Journal not adhering to Best practice,DOAJ,,interesting reason
öneri,False,Öneri,1300-0845,2019-12-02,1677-09-22,Journal not adhering to Best practice,DOAJ,,interesting reason
üniversitepark bülten,False,Üniversitepark Bülten,2147-351X,2022-04-14,1677-09-22,Journal not adhering to Best practice,DOAJ,,interesting reason
üroonkoloji bülteni,False,Üroonkoloji Bülteni,2147-2122,2021-06-07,1677-09-22,Suspected editorial misconduct by publisher,DOAJ,,interesting reason
čelovek i obŝestvo,False,Čelovek i Obŝestvo,2500-137X,2018-12-21,1677-09-22,Suspected editorial misconduct by publisher,DOAJ,,interesting reason
şırnak üniversitesi i̇lahiyat fakültesi dergisi,False,Şırnak Üniversitesi İlahiyat Fakültesi Dergisi,2146-4901,2022-02-14,1677-09-22,Journal not adhering to Best practice,DOAJ,,interesting reason
žurnal fìzičnih doslidženʹ,False,Žurnal Fìzičnih Doslidženʹ,1027-4642,2017-05-10,1677-09-22,Journal not adhering to Best practice,DOAJ,,interesting reason
žurnal nano- ta elektronnoï fìziki,False,Žurnal Nano- ta Elektronnoï Fìziki,2077-6772,2017-06-10,1677-09-22,Journal not adhering to Best Practice,DOAJ,,interesting reason
анали мечниківського інституту,False,Анали Мечниківського інституту,1993-4327,2021-07-08,1677-09-22,Journal not adhering to Best practice,DOAJ,,interesting reason
"вестник международных организаций: образование, наука, новая экономика",False,"Вестник международных организаций: образование, наука, новая экономика",1996-7845,2021-06-19,1677-09-22,Journal not adhering to Best practice,DOAJ,,interesting reason
вестник нижневартовского государственного университета,False,Вестник Нижневартовского государственного университета,2311-1402,2021-03-22,1677-09-22,Journal not adhering to Best practice,DOAJ,,interesting reason
вестник травматологии и ортопедии имени н.н. приорова,False,Вестник травматологии и ортопедии имени Н.Н. Приорова,0869-8678,2020-07-27,1677-09-22,Journal not adhering to best practice,DOAJ,,interesting reason
вопросы регулирования экономики,False,Вопросы регулирования экономики,2078-5429,2021-03-09,1677-09-22,Journal not adhering to Best practice,DOAJ,,interesting reason
"вісник національного технічного університету ""хпі"": серія: системний аналiз, управління та iнформацiйнi технологiї",False,"Вісник Національного технічного університету ""ХПІ"": Серія: Системний аналiз, управління та iнформацiйнi технологiї",2079-0023,2021-05-05,1677-09-22,Journal not adhering to Best practice,DOAJ,,interesting reason
вісник черкаського університету: серія: економічні науки,False,Вісник Черкаського університету: Серія: Економічні науки,2076-5843,2020-03-29,1677-09-22,Journal not adhering to Best practice,DOAJ,,interesting reason
здоровье мужчины,False,Здоровье мужчины,2307-5090,2021-02-02,1677-09-22,Journal not adhering to best practice,DOAJ,,interesting reason
наукові записки сумського державного педагогічного університету ім. а.с. макаренка: географічні науки,False,Наукові записки Сумського державного педагогічного університету ім. А.С. Макаренка: Географічні науки,2413-8800,2021-09-06,1677-09-22,Journal not adhering to Best practice,DOAJ,,interesting reason
национальный психологический журнал,False,Национальный психологический журнал,2079-6617,2022-02-22,1677-09-22,Journal not adhering to Best practice,DOAJ,,interesting reason
ново знание,False,Ново знание,1314-5703,2020-06-22,1677-09-22,Journal not adhering to best practice,DOAJ,,interesting reason
опір матеріалів і теорія споруд,False,Опір матеріалів і теорія споруд,2410-2547,2021-03-18,1677-09-22,Journal not adhering to Best practice,DOAJ,,interesting reason
принципы экологии,False,Принципы экологии,2304-6465,2021-06-14,1677-09-22,Journal not adhering to Best practice,DOAJ,,interesting reason
семейная медицина,False,Семейная медицина,2307-5112,2021-02-02,1677-09-22,Journal not adhering to best practice,DOAJ,,interesting reason
силовое и энергетическое оборудование: автономные системы,False,Силовое и энергетическое оборудование: Автономные системы,2618-8716,2020-11-19,1677-09-22,Website URLs have security issues,DOAJ,,interesting reason
українська біографістика,False,Українська біографістика,2520-2855,2021-02-11,1677-09-22,Journal not adhering to best practice,DOAJ,,interesting reason
экономика региона,False,Экономика региона,2072-6414,2021-03-01,1677-09-22,Journal not adhering to Best practice,DOAJ,,interesting reason
اندیشه‌های نوین تربیتی,False,اندیشه‌های نوین تربیتی,2476-7654,2022-06-09,1677-09-22,Journal not adhering to Best practice,DOAJ,,interesting reason
پژوهش‌نامه‌ی آموزش زبان فارسی به غیرفارسی‌زبانان,False,پژوهش‌نامه‌ی آموزش زبان فارسی به غیرفارسی‌زبانان,2676-3354,2022-06-15,1677-09-22,Journal not adhering to Best practice,DOAJ,,interesting reason
